
> @paysurity/api@0.0.1 lint C:\Projects\PaySurity\apps\api
> eslint "{src,test}/**/*.ts" --fix


C:\Projects\PaySurity\apps\api\src\app.controller.ts
  6:47  warning  Unexpected any. Specify a different type  @typescript-eslint/no-explicit-any

C:\Projects\PaySurity\apps\api\src\common\decorators.ts
  1:32  warning  'ExecutionContext' is defined but never used  @typescript-eslint/no-unused-vars
  2:47  warning  '_d' is defined but never used                @typescript-eslint/no-unused-vars
  2:51  warning  '_ctx' is defined but never used              @typescript-eslint/no-unused-vars

C:\Projects\PaySurity\apps\api\src\common\decorators\tenant-id.decorator.ts
  1:32  warning  'ExecutionContext' is defined but never used  @typescript-eslint/no-unused-vars

C:\Projects\PaySurity\apps\api\src\common\decorators\user-id.decorator.ts
  1:32  warning  'ExecutionContext' is defined but never used  @typescript-eslint/no-unused-vars
  2:45  warning  '_d' is defined but never used                @typescript-eslint/no-unused-vars
  2:49  warning  '_ctx' is defined but never used              @typescript-eslint/no-unused-vars

C:\Projects\PaySurity\apps\api\src\common\guards\hmac.guard.ts
  5:15  warning  'context' is defined but never used  @typescript-eslint/no-unused-vars

C:\Projects\PaySurity\apps\api\src\common\guards\tenant-id.guard.ts
  7:5  warning  'context' is defined but never used  @typescript-eslint/no-unused-vars

C:\Projects\PaySurity\apps\api\src\common\hardware\hsm-intent-spooler.ts
  5:28  warning  'params' is defined but never used        @typescript-eslint/no-unused-vars
  5:36  warning  Unexpected any. Specify a different type  @typescript-eslint/no-explicit-any

C:\Projects\PaySurity\apps\api\src\config\cors.config.ts
  1:10  warning  'Type' is defined but never used  @typescript-eslint/no-unused-vars

C:\Projects\PaySurity\apps\api\src\db\drizzle.ts
   5:43  warning  Unexpected any. Specify a different type  @typescript-eslint/no-explicit-any
   7:17  warning  Unexpected console statement              no-console
  10:37  warning  'sql' is defined but never used           @typescript-eslint/no-unused-vars
  11:30  warning  'schema' is defined but never used        @typescript-eslint/no-unused-vars
  11:38  warning  Unexpected any. Specify a different type  @typescript-eslint/no-explicit-any
  12:40  warning  'data' is defined but never used          @typescript-eslint/no-unused-vars
  12:46  warning  Unexpected any. Specify a different type  @typescript-eslint/no-explicit-any
  14:30  warning  'schema' is defined but never used        @typescript-eslint/no-unused-vars
  14:38  warning  Unexpected any. Specify a different type  @typescript-eslint/no-explicit-any
  15:33  warning  'condition' is defined but never used     @typescript-eslint/no-unused-vars
  15:44  warning  Unexpected any. Specify a different type  @typescript-eslint/no-explicit-any
  28:35  warning  Unexpected any. Specify a different type  @typescript-eslint/no-explicit-any
  30:22  warning  'schema' is defined but never used        @typescript-eslint/no-unused-vars
  30:30  warning  Unexpected any. Specify a different type  @typescript-eslint/no-explicit-any
  31:32  warning  'data' is defined but never used          @typescript-eslint/no-unused-vars
  31:38  warning  Unexpected any. Specify a different type  @typescript-eslint/no-explicit-any
  33:29  warning  'sql' is defined but never used           @typescript-eslint/no-unused-vars

C:\Projects\PaySurity\apps\api\src\drizzle\drizzle.provider.ts
  23:7  warning  Unexpected console statement  no-console

C:\Projects\PaySurity\apps\api\src\guards\jwt-auth.guard.ts
  1:22  warning  'ExecutionContext' is defined but never used       @typescript-eslint/no-unused-vars
  2:3   warning  'UnauthorizedException' is defined but never used  @typescript-eslint/no-unused-vars

C:\Projects\PaySurity\apps\api\src\hob-e2e-audit.ts
   5:10  warning  'products' is defined but never used      @typescript-eslint/no-unused-vars
   6:14  warning  'and' is defined but never used           @typescript-eslint/no-unused-vars
  13:28  warning  Unexpected any. Specify a different type  @typescript-eslint/no-explicit-any
  18:3   warning  Unexpected console statement              no-console
  23:61  warning  Unexpected any. Specify a different type  @typescript-eslint/no-explicit-any
  23:95  warning  Unexpected any. Specify a different type  @typescript-eslint/no-explicit-any
  26:7   warning  Unexpected console statement              no-console
  28:7   warning  Unexpected console statement              no-console
  30:7   warning  Unexpected console statement              no-console
  33:5   warning  Unexpected console statement              no-console
  38:61  warning  Unexpected any. Specify a different type  @typescript-eslint/no-explicit-any
  38:95  warning  Unexpected any. Specify a different type  @typescript-eslint/no-explicit-any
  41:7   warning  Unexpected console statement              no-console
  43:7   warning  Unexpected console statement              no-console
  45:7   warning  Unexpected console statement              no-console
  48:5   warning  Unexpected console statement              no-console
  54:6   warning  Unexpected console statement              no-console

C:\Projects\PaySurity\apps\api\src\interfaces\IProviderAdapter.ts
   38:29  warning  Unexpected any. Specify a different type  @typescript-eslint/no-explicit-any
   76:18  warning  Unexpected any. Specify a different type  @typescript-eslint/no-explicit-any
  143:18  warning  Unexpected any. Specify a different type  @typescript-eslint/no-explicit-any
  217:20  warning  Unexpected any. Specify a different type  @typescript-eslint/no-explicit-any
  217:36  warning  Unexpected any. Specify a different type  @typescript-eslint/no-explicit-any

C:\Projects\PaySurity\apps\api\src\main.ts
    1:10  warning  'Type' is defined but never used                  @typescript-eslint/no-unused-vars
    2:23  warning  'HttpAdapterHost' is defined but never used       @typescript-eslint/no-unused-vars
    4:3   warning  'Global' is defined but never used                @typescript-eslint/no-unused-vars
   29:57  warning  Unexpected any. Specify a different type          @typescript-eslint/no-explicit-any
  112:3   warning  Unexpected console statement                      no-console
  113:3   warning  Don't use process.exit(); throw an error instead  no-process-exit

C:\Projects\PaySurity\apps\api\src\modules\admin-portal\admin-files.controller.ts
   9:15  warning  Unexpected any. Specify a different type  @typescript-eslint/no-explicit-any
  22:27  warning  Unexpected any. Specify a different type  @typescript-eslint/no-explicit-any
  34:27  warning  Unexpected any. Specify a different type  @typescript-eslint/no-explicit-any

C:\Projects\PaySurity\apps\api\src\modules\admin-portal\admin-files.service.ts
   1:30  warning  'NotFoundException' is defined but never used  @typescript-eslint/no-unused-vars
   8:56  warning  Unexpected any. Specify a different type       @typescript-eslint/no-explicit-any
  10:58  warning  Unexpected any. Specify a different type       @typescript-eslint/no-explicit-any
  10:74  warning  Unexpected any. Specify a different type       @typescript-eslint/no-explicit-any
  26:73  warning  Unexpected any. Specify a different type       @typescript-eslint/no-explicit-any
  41:85  warning  Unexpected any. Specify a different type       @typescript-eslint/no-explicit-any

C:\Projects\PaySurity\apps\api\src\modules\admin-portal\admin-finance.service.ts
  18:56  warning  Unexpected any. Specify a different type  @typescript-eslint/no-explicit-any

C:\Projects\PaySurity\apps\api\src\modules\admin-portal\admin-health.cron.ts
   2:16  warning  'CronExpression' is defined but never used  @typescript-eslint/no-unused-vars
  10:56  warning  Unexpected any. Specify a different type    @typescript-eslint/no-explicit-any

C:\Projects\PaySurity\apps\api\src\modules\admin-portal\admin-merchant-applications.controller.ts
  8:15  warning  Unexpected any. Specify a different type  @typescript-eslint/no-explicit-any

C:\Projects\PaySurity\apps\api\src\modules\admin-portal\admin-merchant-applications.service.ts
   9:56  warning  Unexpected any. Specify a different type  @typescript-eslint/no-explicit-any
  28:51  warning  Unexpected any. Specify a different type  @typescript-eslint/no-explicit-any
  51:50  warning  Unexpected any. Specify a different type  @typescript-eslint/no-explicit-any

C:\Projects\PaySurity\apps\api\src\modules\admin-portal\admin-portal.controller.ts
  58:79  warning  Unexpected any. Specify a different type  @typescript-eslint/no-explicit-any
  59:79  warning  Unexpected any. Specify a different type  @typescript-eslint/no-explicit-any
  63:43  warning  Unexpected any. Specify a different type  @typescript-eslint/no-explicit-any
  68:44  warning  Unexpected any. Specify a different type  @typescript-eslint/no-explicit-any
  74:43  warning  Unexpected any. Specify a different type  @typescript-eslint/no-explicit-any

C:\Projects\PaySurity\apps\api\src\modules\admin-portal\admin-portal.module.ts
  2:10  warning  'ScheduleModule' is defined but never used  @typescript-eslint/no-unused-vars

C:\Projects\PaySurity\apps\api\src\modules\admin-portal\admin-search.service.ts
   2:17  warning  'or' is defined but never used            @typescript-eslint/no-unused-vars
   9:14  warning  Unexpected any. Specify a different type  @typescript-eslint/no-explicit-any
  14:56  warning  Unexpected any. Specify a different type  @typescript-eslint/no-explicit-any

C:\Projects\PaySurity\apps\api\src\modules\admin-portal\admin-tenants.controller.ts
  8:15  warning  Unexpected any. Specify a different type  @typescript-eslint/no-explicit-any

C:\Projects\PaySurity\apps\api\src\modules\admin-portal\admin-tenants.service.ts
   7:56   warning  Unexpected any. Specify a different type  @typescript-eslint/no-explicit-any
  10:5    warning  Unexpected console statement              no-console
  11:5    warning  Unexpected console statement              no-console
  14:7    warning  Unexpected console statement              no-console
  17:7    warning  Unexpected console statement              no-console
  23:5    warning  Unexpected console statement              no-console
  29:7    warning  Unexpected console statement              no-console
  34:76   warning  Unexpected any. Specify a different type  @typescript-eslint/no-explicit-any
  48:95   warning  Unexpected any. Specify a different type  @typescript-eslint/no-explicit-any
  67:102  warning  Unexpected any. Specify a different type  @typescript-eslint/no-explicit-any

C:\Projects\PaySurity\apps\api\src\modules\admin-portal\admin-tickets.controller.ts
  8:15  warning  Unexpected any. Specify a different type  @typescript-eslint/no-explicit-any

C:\Projects\PaySurity\apps\api\src\modules\admin-portal\admin-tickets.service.ts
    9:56   warning  Unexpected any. Specify a different type  @typescript-eslint/no-explicit-any
   11:83   warning  Unexpected any. Specify a different type  @typescript-eslint/no-explicit-any
   30:110  warning  Unexpected any. Specify a different type  @typescript-eslint/no-explicit-any
   51:29   warning  Unexpected any. Specify a different type  @typescript-eslint/no-explicit-any
   61:55   warning  Unexpected any. Specify a different type  @typescript-eslint/no-explicit-any
  126:60   warning  Unexpected any. Specify a different type  @typescript-eslint/no-explicit-any

C:\Projects\PaySurity\apps\api\src\modules\admin-portal\admin.dto.ts
  102:25  warning  Unexpected any. Specify a different type  @typescript-eslint/no-explicit-any

C:\Projects\PaySurity\apps\api\src\modules\admin-portal\admin.spec.ts
  14:14  warning  '_roles' is defined but never used        @typescript-eslint/no-unused-vars
  14:36  warning  '_target' is defined but never used       @typescript-eslint/no-unused-vars
  14:45  warning  Unexpected any. Specify a different type  @typescript-eslint/no-explicit-any
  14:50  warning  '_key' is defined but never used          @typescript-eslint/no-unused-vars
  14:57  warning  Unexpected any. Specify a different type  @typescript-eslint/no-explicit-any
  14:62  warning  '_desc' is defined but never used         @typescript-eslint/no-unused-vars
  14:70  warning  Unexpected any. Specify a different type  @typescript-eslint/no-explicit-any
  37:10  warning  'eq' is defined but never used            @typescript-eslint/no-unused-vars
  37:14  warning  'and' is defined but never used           @typescript-eslint/no-unused-vars
  37:19  warning  'desc' is defined but never used          @typescript-eslint/no-unused-vars
  37:25  warning  'asc' is defined but never used           @typescript-eslint/no-unused-vars
  37:30  warning  'ilike' is defined but never used         @typescript-eslint/no-unused-vars

C:\Projects\PaySurity\apps\api\src\modules\admin-portal\automated-test-runner.service.ts
  20:61  warning  Unexpected any. Specify a different type  @typescript-eslint/no-explicit-any
  33:43  warning  Unexpected any. Specify a different type  @typescript-eslint/no-explicit-any
  70:25  warning  Unexpected any. Specify a different type  @typescript-eslint/no-explicit-any
  80:25  warning  Unexpected any. Specify a different type  @typescript-eslint/no-explicit-any

C:\Projects\PaySurity\apps\api\src\modules\admin-portal\device-management.gateway.ts
  18:15  warning  Unexpected any. Specify a different type  @typescript-eslint/no-explicit-any
  37:73  warning  Unexpected any. Specify a different type  @typescript-eslint/no-explicit-any
  60:43  warning  Unexpected any. Specify a different type  @typescript-eslint/no-explicit-any
  70:25  warning  Unexpected any. Specify a different type  @typescript-eslint/no-explicit-any
  91:79  warning  Unexpected any. Specify a different type  @typescript-eslint/no-explicit-any

C:\Projects\PaySurity\apps\api\src\modules\admin-portal\guards\admin-role.guard.ts
  11:46  warning  Unexpected any. Specify a different type  @typescript-eslint/no-explicit-any

C:\Projects\PaySurity\apps\api\src\modules\admin-portal\log-aggregation.service.ts
    6:19  warning  'ilike' is defined but never used         @typescript-eslint/no-unused-vars
  198:52  warning  Unexpected any. Specify a different type  @typescript-eslint/no-explicit-any
  309:24  warning  Unexpected any. Specify a different type  @typescript-eslint/no-explicit-any
  310:23  warning  Unexpected any. Specify a different type  @typescript-eslint/no-explicit-any

C:\Projects\PaySurity\apps\api\src\modules\admin-portal\services\log-aggregation.service.ts
  1:46  warning  'dto' is defined but never used           @typescript-eslint/no-unused-vars
  1:51  warning  Unexpected any. Specify a different type  @typescript-eslint/no-explicit-any
  1:57  warning  Unexpected any. Specify a different type  @typescript-eslint/no-explicit-any

C:\Projects\PaySurity\apps\api\src\modules\affiliates\affiliate-fraud-detection.service.ts
    1:10  warning  'Type' is defined but never used          @typescript-eslint/no-unused-vars
    2:30  warning  'Optional' is defined but never used      @typescript-eslint/no-unused-vars
    8:21  warning  'T' is defined but never used             @typescript-eslint/no-unused-vars
    8:26  warning  Unexpected any. Specify a different type  @typescript-eslint/no-explicit-any
   12:71  warning  Unexpected any. Specify a different type  @typescript-eslint/no-explicit-any
   30:5   warning  Unexpected console statement              no-console
   40:9   warning  Unexpected console statement              no-console
   49:5   warning  Unexpected console statement              no-console
   64:38  warning  Unexpected any. Specify a different type  @typescript-eslint/no-explicit-any
   68:5   warning  Unexpected console statement              no-console
   85:38  warning  Unexpected any. Specify a different type  @typescript-eslint/no-explicit-any
   88:5   warning  Unexpected console statement              no-console
  109:38  warning  Unexpected any. Specify a different type  @typescript-eslint/no-explicit-any
  113:5   warning  Unexpected console statement              no-console
  125:23  warning  Unexpected any. Specify a different type  @typescript-eslint/no-explicit-any
  126:5   warning  Unexpected console statement              no-console
  138:43  warning  Unexpected any. Specify a different type  @typescript-eslint/no-explicit-any
  142:5   warning  Unexpected console statement              no-console
  150:46  warning  Unexpected any. Specify a different type  @typescript-eslint/no-explicit-any
  152:9   warning  Unexpected console statement              no-console
  155:9   warning  Unexpected console statement              no-console
  171:5   warning  Unexpected console statement              no-console

C:\Projects\PaySurity\apps\api\src\modules\affiliates\affiliates-payouts.service.ts
    2:30  warning  'Request' is defined but never used                   @typescript-eslint/no-unused-vars
    3:3   warning  'Optional' is defined but never used                  @typescript-eslint/no-unused-vars
    5:35  warning  'sum' is defined but never used                       @typescript-eslint/no-unused-vars
   81:11  warning  'UpdateAffiliatePayoutDto' is defined but never used  @typescript-eslint/no-unused-vars
  171:61  warning  Unexpected any. Specify a different type              @typescript-eslint/no-explicit-any
  176:34  warning  'tenantId' is defined but never used                  @typescript-eslint/no-unused-vars
  187:21  warning  Unexpected any. Specify a different type              @typescript-eslint/no-explicit-any
  205:22  warning  Unexpected any. Specify a different type              @typescript-eslint/no-explicit-any
  218:22  warning  Unexpected any. Specify a different type              @typescript-eslint/no-explicit-any
  248:51  warning  Unexpected any. Specify a different type              @typescript-eslint/no-explicit-any
  264:35  warning  Unexpected any. Specify a different type              @typescript-eslint/no-explicit-any
  286:35  warning  Unexpected any. Specify a different type              @typescript-eslint/no-explicit-any
  299:34  warning  Unexpected any. Specify a different type              @typescript-eslint/no-explicit-any
  343:54  warning  Unexpected any. Specify a different type              @typescript-eslint/no-explicit-any
  369:10  warning  Unexpected console statement                          no-console
  408:7   warning  Unexpected console statement                          no-console
  418:7   warning  Unexpected console statement                          no-console
  468:43  warning  Unexpected any. Specify a different type              @typescript-eslint/no-explicit-any
  513:51  warning  Unexpected any. Specify a different type              @typescript-eslint/no-explicit-any
  525:42  warning  Unexpected any. Specify a different type              @typescript-eslint/no-explicit-any
  554:46  warning  Unexpected any. Specify a different type              @typescript-eslint/no-explicit-any
  582:37  warning  Unexpected any. Specify a different type              @typescript-eslint/no-explicit-any

C:\Projects\PaySurity\apps\api\src\modules\affiliates\affiliates.controller.ts
  15:10   warning  'Controller' is defined but never used                      @typescript-eslint/no-unused-vars
  15:22   warning  'Post' is defined but never used                            @typescript-eslint/no-unused-vars
  15:28   warning  'Get' is defined but never used                             @typescript-eslint/no-unused-vars
  15:33   warning  'Put' is defined but never used                             @typescript-eslint/no-unused-vars
  15:38   warning  'Delete' is defined but never used                          @typescript-eslint/no-unused-vars
  15:46   warning  'Body' is defined but never used                            @typescript-eslint/no-unused-vars
  15:52   warning  'Param' is defined but never used                           @typescript-eslint/no-unused-vars
  15:59   warning  'HttpCode' is defined but never used                        @typescript-eslint/no-unused-vars
  15:69   warning  'HttpStatus' is defined but never used                      @typescript-eslint/no-unused-vars
  15:81   warning  'ParseUUIDPipe' is defined but never used                   @typescript-eslint/no-unused-vars
  15:96   warning  'Query' is defined but never used                           @typescript-eslint/no-unused-vars
  15:103  warning  'Inject' is defined but never used                          @typescript-eslint/no-unused-vars
  16:10   warning  'AffiliateFraudDetectionService' is defined but never used  @typescript-eslint/no-unused-vars
  17:10   warning  'AffiliatesService' is defined but never used               @typescript-eslint/no-unused-vars
  18:10   warning  'AuditLogService' is defined but never used                 @typescript-eslint/no-unused-vars
  21:10   warning  'CreateAffiliateFraudRuleDto' is defined but never used     @typescript-eslint/no-unused-vars
  21:39   warning  'UpdateAffiliateFraudRuleDto' is defined but never used     @typescript-eslint/no-unused-vars
  21:68   warning  'AffiliateFraudRuleResponseDto' is defined but never used   @typescript-eslint/no-unused-vars
  21:99   warning  'EvaluateAffiliateActivityDto' is defined but never used    @typescript-eslint/no-unused-vars
  21:129  warning  'FraudDetectionResultDto' is defined but never used         @typescript-eslint/no-unused-vars
  25:3    warning  'RegisterAffiliateDto' is defined but never used            @typescript-eslint/no-unused-vars
  26:3    warning  'AffiliateRegisteredResponseDto' is defined but never used  @typescript-eslint/no-unused-vars
  27:3    warning  'AffiliateLinkResponseDto' is defined but never used        @typescript-eslint/no-unused-vars
  28:3    warning  'AffiliateStatsResponseDto' is defined but never used       @typescript-eslint/no-unused-vars
  29:3    warning  'CommissionLedgerEntryDto' is defined but never used        @typescript-eslint/no-unused-vars
  30:3    warning  'PayoutRequestDto' is defined but never used                @typescript-eslint/no-unused-vars
  31:3    warning  'PayoutResponseDto' is defined but never used               @typescript-eslint/no-unused-vars
  32:3    warning  'FraudFlagDto' is defined but never used                    @typescript-eslint/no-unused-vars
  33:3    warning  'PaginationDto' is defined but never used                   @typescript-eslint/no-unused-vars
  34:3    warning  'PaginatedResponseDto' is defined but never used            @typescript-eslint/no-unused-vars
  37:10   warning  'CurrentTenantId' is defined but never used                 @typescript-eslint/no-unused-vars
  38:10   warning  'CurrentUser' is defined but never used                     @typescript-eslint/no-unused-vars
  39:10   warning  'UserInfo' is defined but never used                        @typescript-eslint/no-unused-vars
  41:3    warning  'ApiTags' is defined but never used                         @typescript-eslint/no-unused-vars
  42:3    warning  'ApiOperation' is defined but never used                    @typescript-eslint/no-unused-vars
  43:3    warning  'ApiResponse' is defined but never used                     @typescript-eslint/no-unused-vars
  44:3    warning  'ApiBody' is defined but never used                         @typescript-eslint/no-unused-vars
  45:3    warning  'ApiParam' is defined but never used                        @typescript-eslint/no-unused-vars
  46:3    warning  'ApiQuery' is defined but never used                        @typescript-eslint/no-unused-vars
  47:3    warning  'ApiBearerAuth' is defined but never used                   @typescript-eslint/no-unused-vars
  48:3    warning  'ApiProperty' is defined but never used                     @typescript-eslint/no-unused-vars
  49:3    warning  'ApiPropertyOptional' is defined but never used             @typescript-eslint/no-unused-vars
  50:3    warning  'ApiExtraModels' is defined but never used                  @typescript-eslint/no-unused-vars
  51:3    warning  'getSchemaPath' is defined but never used                   @typescript-eslint/no-unused-vars

C:\Projects\PaySurity\apps\api\src\modules\affiliates\affiliates.dto.ts
   92:15  warning  Unexpected any. Specify a different type  @typescript-eslint/no-explicit-any
  123:16  warning  Unexpected any. Specify a different type  @typescript-eslint/no-explicit-any
  157:15  warning  Unexpected any. Specify a different type  @typescript-eslint/no-explicit-any

C:\Projects\PaySurity\apps\api\src\modules\affiliates\affiliates.edge-cases.spec.ts
   28:6   warning  'DrizzleDb' is defined but never used        @typescript-eslint/no-unused-vars
   48:20  warning  '_' is defined but never used                @typescript-eslint/no-unused-vars
  342:14  warning  Unexpected any. Specify a different type     @typescript-eslint/no-explicit-any
  344:13  warning  'result' is assigned a value but never used  @typescript-eslint/no-unused-vars
  347:21  warning  Unexpected any. Specify a different type     @typescript-eslint/no-explicit-any
  359:14  warning  Unexpected any. Specify a different type     @typescript-eslint/no-explicit-any

C:\Projects\PaySurity\apps\api\src\modules\affiliates\affiliates.service.spec.ts
  84:25  warning  Unexpected any. Specify a different type  @typescript-eslint/no-explicit-any

C:\Projects\PaySurity\apps\api\src\modules\affiliates\affiliates.service.ts
  15:71  warning  Unexpected any. Specify a different type  @typescript-eslint/no-explicit-any

C:\Projects\PaySurity\apps\api\src\modules\affiliates\affiliates.spec.ts
   26:6   warning  'DrizzleDb' is defined but never used        @typescript-eslint/no-unused-vars
   46:20  warning  '_' is defined but never used                @typescript-eslint/no-unused-vars
  195:13  warning  'result' is assigned a value but never used  @typescript-eslint/no-unused-vars
  244:13  warning  'result' is assigned a value but never used  @typescript-eslint/no-unused-vars

C:\Projects\PaySurity\apps\api\src\modules\affiliates\audit-log.service.ts
  5:25  warning  'like' is defined but never used  @typescript-eslint/no-unused-vars

C:\Projects\PaySurity\apps\api\src\modules\affiliates\drizzle.service.ts
  43:29  warning  'any' is defined but never used  @typescript-eslint/no-unused-vars

C:\Projects\PaySurity\apps\api\src\modules\affiliates\payouts\affiliates-payouts.controller.ts
  10:44  warning  Unexpected any. Specify a different type  @typescript-eslint/no-explicit-any
  25:69  warning  Unexpected any. Specify a different type  @typescript-eslint/no-explicit-any

C:\Projects\PaySurity\apps\api\src\modules\affiliates\payouts\affiliates-payouts.service.ts
    5:29  warning  'affiliates' is defined but never used    @typescript-eslint/no-unused-vars
   31:52  warning  Unexpected any. Specify a different type  @typescript-eslint/no-explicit-any
  145:28  warning  'userId' is defined but never used        @typescript-eslint/no-unused-vars

C:\Projects\PaySurity\apps\api\src\modules\aggregator\aggregator.controller.ts
    6:36  warning  'Req' is defined but never used                           @typescript-eslint/no-unused-vars
    7:46  warning  'InternalServerErrorException' is defined but never used  @typescript-eslint/no-unused-vars
   10:13  warning  'crypto' is defined but never used                        @typescript-eslint/no-unused-vars
   13:11  warning  'RequestWithUser' is defined but never used               @typescript-eslint/no-unused-vars
   31:19  warning  Unexpected any. Specify a different type                  @typescript-eslint/no-explicit-any
   68:19  warning  Unexpected any. Specify a different type                  @typescript-eslint/no-explicit-any
  103:19  warning  Unexpected any. Specify a different type                  @typescript-eslint/no-explicit-any

C:\Projects\PaySurity\apps\api\src\modules\aggregator\aggregator.e2e-spec.ts
    6:10   warning  'NodePgDatabase' is defined but never used  @typescript-eslint/no-unused-vars
   13:23   warning  Unexpected any. Specify a different type    @typescript-eslint/no-explicit-any
   14:23   warning  Unexpected any. Specify a different type    @typescript-eslint/no-explicit-any
   40:23   warning  Unexpected any. Specify a different type    @typescript-eslint/no-explicit-any
   40:35   warning  Unexpected any. Specify a different type    @typescript-eslint/no-explicit-any
   46:34   warning  Unexpected any. Specify a different type    @typescript-eslint/no-explicit-any
   59:20   warning  'table' is defined but never used           @typescript-eslint/no-unused-vars
   59:27   warning  Unexpected any. Specify a different type    @typescript-eslint/no-explicit-any
   61:32   warning  Unexpected any. Specify a different type    @typescript-eslint/no-explicit-any
   81:20   warning  'columns' is defined but never used         @typescript-eslint/no-unused-vars
   81:29   warning  Unexpected any. Specify a different type    @typescript-eslint/no-explicit-any
   83:22   warning  'table' is defined but never used           @typescript-eslint/no-unused-vars
   83:29   warning  Unexpected any. Specify a different type    @typescript-eslint/no-explicit-any
   85:38   warning  Unexpected any. Specify a different type    @typescript-eslint/no-explicit-any
   87:64   warning  Unexpected any. Specify a different type    @typescript-eslint/no-explicit-any
   89:47   warning  Unexpected any. Specify a different type    @typescript-eslint/no-explicit-any
   92:56   warning  Unexpected any. Specify a different type    @typescript-eslint/no-explicit-any
  110:20   warning  'table' is defined but never used           @typescript-eslint/no-unused-vars
  110:27   warning  Unexpected any. Specify a different type    @typescript-eslint/no-explicit-any
  112:29   warning  Unexpected any. Specify a different type    @typescript-eslint/no-explicit-any
  114:38   warning  Unexpected any. Specify a different type    @typescript-eslint/no-explicit-any
  116:64   warning  Unexpected any. Specify a different type    @typescript-eslint/no-explicit-any
  118:47   warning  Unexpected any. Specify a different type    @typescript-eslint/no-explicit-any
  121:56   warning  Unexpected any. Specify a different type    @typescript-eslint/no-explicit-any
  190:147  warning  Unexpected any. Specify a different type    @typescript-eslint/no-explicit-any
  196:23   warning  'e' is defined but never used               @typescript-eslint/no-unused-vars
  217:51   warning  Unexpected any. Specify a different type    @typescript-eslint/no-explicit-any
  238:19   warning  Unexpected any. Specify a different type    @typescript-eslint/no-explicit-any

C:\Projects\PaySurity\apps\api\src\modules\aggregator\aggregator.service.ts
   12:10  warning  'firstValueFrom' is defined but never used  @typescript-eslint/no-unused-vars
   28:15  warning  Unexpected any. Specify a different type    @typescript-eslint/no-explicit-any
   47:61  warning  Unexpected any. Specify a different type    @typescript-eslint/no-explicit-any
   56:53  warning  Unexpected any. Specify a different type    @typescript-eslint/no-explicit-any
  127:14  warning  Unexpected any. Specify a different type    @typescript-eslint/no-explicit-any
  154:43  warning  Unexpected any. Specify a different type    @typescript-eslint/no-explicit-any
  157:33  warning  Unexpected any. Specify a different type    @typescript-eslint/no-explicit-any
  220:43  warning  Unexpected any. Specify a different type    @typescript-eslint/no-explicit-any
  223:46  warning  Unexpected any. Specify a different type    @typescript-eslint/no-explicit-any
  229:40  warning  Unexpected any. Specify a different type    @typescript-eslint/no-explicit-any
  266:42  warning  Unexpected any. Specify a different type    @typescript-eslint/no-explicit-any
  269:40  warning  Unexpected any. Specify a different type    @typescript-eslint/no-explicit-any
  394:17  warning  Unexpected any. Specify a different type    @typescript-eslint/no-explicit-any
  421:14  warning  Unexpected any. Specify a different type    @typescript-eslint/no-explicit-any
  470:28  warning  Unexpected any. Specify a different type    @typescript-eslint/no-explicit-any

C:\Projects\PaySurity\apps\api\src\modules\ai-feedback\ai-feedback.controller.ts
   1:53  warning  'UseGuards' is defined but never used     @typescript-eslint/no-unused-vars
  31:21  warning  Unexpected any. Specify a different type  @typescript-eslint/no-explicit-any
  60:38  warning  Unexpected any. Specify a different type  @typescript-eslint/no-explicit-any

C:\Projects\PaySurity\apps\api\src\modules\ai\ai-customer-segmentation.controller.ts
  2:155  warning  'Query' is defined but never used                @typescript-eslint/no-unused-vars
  2:162  warning  'BadRequestException' is defined but never used  @typescript-eslint/no-unused-vars
  2:183  warning  'ParseIntPipe' is defined but never used         @typescript-eslint/no-unused-vars

C:\Projects\PaySurity\apps\api\src\modules\ai\ai-customer-segmentation.service.ts
    4:10  warning  'eq' is defined but never used                                @typescript-eslint/no-unused-vars
    4:14  warning  'and' is defined but never used                               @typescript-eslint/no-unused-vars
    4:19  warning  'desc' is defined but never used                              @typescript-eslint/no-unused-vars
    4:25  warning  'inArray' is defined but never used                           @typescript-eslint/no-unused-vars
    6:3   warning  'customerSegmentationRuns' is defined but never used          @typescript-eslint/no-unused-vars
    7:23  warning  'customerSegmentsTable' is defined but never used             @typescript-eslint/no-unused-vars
    8:3   warning  'customerSegmentCustomers' is defined but never used          @typescript-eslint/no-unused-vars
   10:3   warning  'SegmentationRun' is defined but never used                   @typescript-eslint/no-unused-vars
   11:3   warning  'NewSegmentationRun' is defined but never used                @typescript-eslint/no-unused-vars
   12:3   warning  'CustomerSegment' is defined but never used                   @typescript-eslint/no-unused-vars
   26:7   warning  'CreateSegmentationRunDto' is defined but never used          @typescript-eslint/no-unused-vars
   29:31  warning  Unexpected any. Specify a different type                      @typescript-eslint/no-explicit-any
   32:7   warning  'UpdateSegmentationRunDto' is defined but never used          @typescript-eslint/no-unused-vars
   39:35  warning  Unexpected any. Specify a different type                      @typescript-eslint/no-explicit-any
   50:7   warning  'ListSegmentationRunsDto' is defined but never used           @typescript-eslint/no-unused-vars
   64:7   warning  'AddOrRemoveCustomersToSegmentDto' is defined but never used  @typescript-eslint/no-unused-vars
   82:29  warning  Unexpected any. Specify a different type                      @typescript-eslint/no-explicit-any
  100:71  warning  Unexpected any. Specify a different type                      @typescript-eslint/no-explicit-any

C:\Projects\PaySurity\apps\api\src\modules\ai\ai.controller.ts
  48:13  warning  '_createAiChatSessionDto' is defined but never used  @typescript-eslint/no-unused-vars

C:\Projects\PaySurity\apps\api\src\modules\ai\ai.dto.ts
  6:28  warning  Unexpected any. Specify a different type  @typescript-eslint/no-explicit-any

C:\Projects\PaySurity\apps\api\src\modules\ai\ai.edge-cases.spec.ts
   14:48   warning  'authService' is defined but never used          @typescript-eslint/no-unused-vars
   14:61   warning  Unexpected any. Specify a different type         @typescript-eslint/no-explicit-any
   14:66   warning  'orderService' is defined but never used         @typescript-eslint/no-unused-vars
   14:80   warning  Unexpected any. Specify a different type         @typescript-eslint/no-explicit-any
   14:85   warning  'productService' is defined but never used       @typescript-eslint/no-unused-vars
   14:101  warning  Unexpected any. Specify a different type         @typescript-eslint/no-explicit-any
   14:106  warning  'aiService' is defined but never used            @typescript-eslint/no-unused-vars
   14:117  warning  Unexpected any. Specify a different type         @typescript-eslint/no-explicit-any
   14:122  warning  'dbService' is defined but never used            @typescript-eslint/no-unused-vars
   14:133  warning  Unexpected any. Specify a different type         @typescript-eslint/no-explicit-any
   14:155  warning  'tenantId' is defined but never used             @typescript-eslint/no-unused-vars
   14:165  warning  Unexpected any. Specify a different type         @typescript-eslint/no-explicit-any
   14:170  warning  'userId' is defined but never used               @typescript-eslint/no-unused-vars
   14:178  warning  Unexpected any. Specify a different type         @typescript-eslint/no-explicit-any
   14:183  warning  'orderId' is defined but never used              @typescript-eslint/no-unused-vars
   14:192  warning  Unexpected any. Specify a different type         @typescript-eslint/no-explicit-any
   14:197  warning  'options' is defined but never used              @typescript-eslint/no-unused-vars
   14:207  warning  Unexpected any. Specify a different type         @typescript-eslint/no-explicit-any
   14:221  warning  Unexpected any. Specify a different type         @typescript-eslint/no-explicit-any
   23:11   warning  'SmartReorderOptions' is defined but never used  @typescript-eslint/no-unused-vars
  150:24   warning  Unexpected any. Specify a different type         @typescript-eslint/no-explicit-any
  151:25   warning  Unexpected any. Specify a different type         @typescript-eslint/no-explicit-any
  152:27   warning  Unexpected any. Specify a different type         @typescript-eslint/no-explicit-any
  153:33   warning  Unexpected any. Specify a different type         @typescript-eslint/no-explicit-any
  154:28   warning  Unexpected any. Specify a different type         @typescript-eslint/no-explicit-any
  162:56   warning  Unexpected any. Specify a different type         @typescript-eslint/no-explicit-any
  163:56   warning  Unexpected any. Specify a different type         @typescript-eslint/no-explicit-any
  167:61   warning  Unexpected any. Specify a different type         @typescript-eslint/no-explicit-any
  168:61   warning  Unexpected any. Specify a different type         @typescript-eslint/no-explicit-any
  177:68   warning  Unexpected any. Specify a different type         @typescript-eslint/no-explicit-any
  178:68   warning  Unexpected any. Specify a different type         @typescript-eslint/no-explicit-any
  182:73   warning  Unexpected any. Specify a different type         @typescript-eslint/no-explicit-any
  183:73   warning  Unexpected any. Specify a different type         @typescript-eslint/no-explicit-any
  192:78   warning  Unexpected any. Specify a different type         @typescript-eslint/no-explicit-any
  193:78   warning  Unexpected any. Specify a different type         @typescript-eslint/no-explicit-any
  197:83   warning  Unexpected any. Specify a different type         @typescript-eslint/no-explicit-any
  198:83   warning  Unexpected any. Specify a different type         @typescript-eslint/no-explicit-any

C:\Projects\PaySurity\apps\api\src\modules\ai\ai.service.ts
   28:25  warning  Unexpected any. Specify a different type  @typescript-eslint/no-explicit-any
   31:10  warning  '_e' is defined but never used            @typescript-eslint/no-unused-vars
   55:56  warning  Unexpected any. Specify a different type  @typescript-eslint/no-explicit-any
   73:35  warning  Unexpected any. Specify a different type  @typescript-eslint/no-explicit-any
   74:26  warning  Unexpected any. Specify a different type  @typescript-eslint/no-explicit-any
   74:51  warning  Unexpected any. Specify a different type  @typescript-eslint/no-explicit-any
   75:37  warning  Unexpected any. Specify a different type  @typescript-eslint/no-explicit-any
   90:12  warning  '_e' is defined but never used            @typescript-eslint/no-unused-vars
  176:61  warning  Unexpected any. Specify a different type  @typescript-eslint/no-explicit-any
  200:35  warning  Unexpected any. Specify a different type  @typescript-eslint/no-explicit-any
  208:19  warning  Unexpected any. Specify a different type  @typescript-eslint/no-explicit-any
  249:37  warning  Unexpected any. Specify a different type  @typescript-eslint/no-explicit-any
  250:14  warning  '_e' is defined but never used            @typescript-eslint/no-unused-vars
  259:27  warning  Unexpected any. Specify a different type  @typescript-eslint/no-explicit-any
  275:19  warning  Unexpected any. Specify a different type  @typescript-eslint/no-explicit-any
  294:30  warning  Unexpected any. Specify a different type  @typescript-eslint/no-explicit-any
  315:14  warning  '_e' is defined but never used            @typescript-eslint/no-unused-vars
  331:35  warning  Unexpected any. Specify a different type  @typescript-eslint/no-explicit-any
  338:19  warning  Unexpected any. Specify a different type  @typescript-eslint/no-explicit-any
  346:26  warning  Unexpected any. Specify a different type  @typescript-eslint/no-explicit-any
  358:28  warning  Unexpected any. Specify a different type  @typescript-eslint/no-explicit-any
  361:49  warning  Unexpected any. Specify a different type  @typescript-eslint/no-explicit-any
  362:19  warning  Unexpected any. Specify a different type  @typescript-eslint/no-explicit-any
  383:35  warning  Unexpected any. Specify a different type  @typescript-eslint/no-explicit-any
  384:46  warning  Unexpected any. Specify a different type  @typescript-eslint/no-explicit-any
  403:30  warning  Unexpected any. Specify a different type  @typescript-eslint/no-explicit-any

C:\Projects\PaySurity\apps\api\src\modules\ai\ai.spec.ts
   23:10   warning  'AiChatSession' is defined but never used  @typescript-eslint/no-unused-vars
   29:28   warning  Unexpected any. Specify a different type   @typescript-eslint/no-explicit-any
   33:49   warning  Unexpected any. Specify a different type   @typescript-eslint/no-explicit-any
   34:49   warning  Unexpected any. Specify a different type   @typescript-eslint/no-explicit-any
   45:48   warning  Unexpected any. Specify a different type   @typescript-eslint/no-explicit-any
   53:48   warning  Unexpected any. Specify a different type   @typescript-eslint/no-explicit-any
   79:53   warning  Unexpected any. Specify a different type   @typescript-eslint/no-explicit-any
   79:86   warning  Unexpected any. Specify a different type   @typescript-eslint/no-explicit-any
   82:53   warning  Unexpected any. Specify a different type   @typescript-eslint/no-explicit-any
   82:86   warning  Unexpected any. Specify a different type   @typescript-eslint/no-explicit-any
   94:27   warning  Unexpected any. Specify a different type   @typescript-eslint/no-explicit-any
   94:88   warning  Unexpected any. Specify a different type   @typescript-eslint/no-explicit-any
   94:118  warning  Unexpected any. Specify a different type   @typescript-eslint/no-explicit-any
   98:98   warning  Unexpected any. Specify a different type   @typescript-eslint/no-explicit-any
  162:53   warning  Unexpected any. Specify a different type   @typescript-eslint/no-explicit-any
  163:53   warning  Unexpected any. Specify a different type   @typescript-eslint/no-explicit-any
  173:52   warning  Unexpected any. Specify a different type   @typescript-eslint/no-explicit-any
  181:52   warning  Unexpected any. Specify a different type   @typescript-eslint/no-explicit-any
  192:25   warning  Unexpected any. Specify a different type   @typescript-eslint/no-explicit-any
  195:34   warning  Unexpected any. Specify a different type   @typescript-eslint/no-explicit-any
  196:34   warning  Unexpected any. Specify a different type   @typescript-eslint/no-explicit-any
  241:50   warning  Unexpected any. Specify a different type   @typescript-eslint/no-explicit-any
  249:44   warning  Unexpected any. Specify a different type   @typescript-eslint/no-explicit-any
  345:94   warning  Unexpected any. Specify a different type   @typescript-eslint/no-explicit-any
  345:127  warning  Unexpected any. Specify a different type   @typescript-eslint/no-explicit-any
  429:87   warning  'dto' is defined but never used            @typescript-eslint/no-unused-vars
  446:26   warning  Unexpected any. Specify a different type   @typescript-eslint/no-explicit-any
  446:106  warning  Unexpected any. Specify a different type   @typescript-eslint/no-explicit-any
  446:136  warning  Unexpected any. Specify a different type   @typescript-eslint/no-explicit-any
  460:141  warning  Unexpected any. Specify a different type   @typescript-eslint/no-explicit-any
  461:147  warning  Unexpected any. Specify a different type   @typescript-eslint/no-explicit-any
  483:23   warning  Unexpected any. Specify a different type   @typescript-eslint/no-explicit-any
  485:136  warning  Unexpected any. Specify a different type   @typescript-eslint/no-explicit-any

C:\Projects\PaySurity\apps\api\src\modules\ai\dto\customer-segment.dto.ts
  32:28  warning  Unexpected any. Specify a different type  @typescript-eslint/no-explicit-any
  51:29  warning  Unexpected any. Specify a different type  @typescript-eslint/no-explicit-any
  66:28  warning  Unexpected any. Specify a different type  @typescript-eslint/no-explicit-any

C:\Projects\PaySurity\apps\api\src\modules\analytics\analytics.controller.spec.ts
  28:23  warning  'context' is defined but never used  @typescript-eslint/no-unused-vars

C:\Projects\PaySurity\apps\api\src\modules\analytics\analytics.controller.ts
  14:33  warning  Unexpected any. Specify a different type  @typescript-eslint/no-explicit-any
  22:41  warning  Unexpected any. Specify a different type  @typescript-eslint/no-explicit-any
  28:40  warning  Unexpected any. Specify a different type  @typescript-eslint/no-explicit-any
  34:41  warning  Unexpected any. Specify a different type  @typescript-eslint/no-explicit-any

C:\Projects\PaySurity\apps\api\src\modules\analytics\analytics.service.spec.ts
  4:18  warning  'subDays' is defined but never used  @typescript-eslint/no-unused-vars

C:\Projects\PaySurity\apps\api\src\modules\analytics\analytics.service.ts
    2:30  warning  'InternalServerErrorException' is defined but never used  @typescript-eslint/no-unused-vars
   10:61  warning  Unexpected any. Specify a different type                  @typescript-eslint/no-explicit-any
   24:36  warning  Unexpected any. Specify a different type                  @typescript-eslint/no-explicit-any
   32:48  warning  Unexpected any. Specify a different type                  @typescript-eslint/no-explicit-any
   40:42  warning  Unexpected any. Specify a different type                  @typescript-eslint/no-explicit-any
   49:7   warning  Unexpected console statement                              no-console
   74:19  warning  Unexpected any. Specify a different type                  @typescript-eslint/no-explicit-any
   74:38  warning  Unexpected any. Specify a different type                  @typescript-eslint/no-explicit-any
  100:21  warning  Unexpected any. Specify a different type                  @typescript-eslint/no-explicit-any
  100:43  warning  Unexpected any. Specify a different type                  @typescript-eslint/no-explicit-any
  135:21  warning  Unexpected any. Specify a different type                  @typescript-eslint/no-explicit-any
  135:43  warning  Unexpected any. Specify a different type                  @typescript-eslint/no-explicit-any
  148:39  warning  Unexpected any. Specify a different type                  @typescript-eslint/no-explicit-any

C:\Projects\PaySurity\apps\api\src\modules\analytics\eod-reporting.engine.ts
   25:24  warning  Unexpected any. Specify a different type  @typescript-eslint/no-explicit-any
  184:26  warning  Unexpected any. Specify a different type  @typescript-eslint/no-explicit-any

C:\Projects\PaySurity\apps\api\src\modules\analytics\profitability.service.ts
   8:71  warning  Unexpected any. Specify a different type  @typescript-eslint/no-explicit-any
  20:44  warning  Unexpected any. Specify a different type  @typescript-eslint/no-explicit-any
  29:41  warning  Unexpected any. Specify a different type  @typescript-eslint/no-explicit-any
  41:42  warning  Unexpected any. Specify a different type  @typescript-eslint/no-explicit-any

C:\Projects\PaySurity\apps\api\src\modules\api-keys\api-keys.controller.ts
  16:86  warning  Unexpected any. Specify a different type  @typescript-eslint/no-explicit-any
  23:33  warning  Unexpected any. Specify a different type  @typescript-eslint/no-explicit-any
  31:62  warning  Unexpected any. Specify a different type  @typescript-eslint/no-explicit-any

C:\Projects\PaySurity\apps\api\src\modules\api-keys\api-keys.service.ts
  10:71  warning  Unexpected any. Specify a different type  @typescript-eslint/no-explicit-any
  27:26  warning  Unexpected any. Specify a different type  @typescript-eslint/no-explicit-any
  49:26  warning  Unexpected any. Specify a different type  @typescript-eslint/no-explicit-any

C:\Projects\PaySurity\apps\api\src\modules\api-keys\api-platform.controller.ts
    2:10   warning  'Type' is defined but never used          @typescript-eslint/no-unused-vars
    4:3    warning  'Query' is defined but never used         @typescript-eslint/no-unused-vars
    5:3    warning  'Optional' is defined but never used      @typescript-eslint/no-unused-vars
   14:21   warning  'T' is defined but never used             @typescript-eslint/no-unused-vars
   14:26   warning  Unexpected any. Specify a different type  @typescript-eslint/no-explicit-any
   18:56   warning  Unexpected any. Specify a different type  @typescript-eslint/no-explicit-any
   54:28   warning  Unexpected any. Specify a different type  @typescript-eslint/no-explicit-any
   65:71   warning  Unexpected any. Specify a different type  @typescript-eslint/no-explicit-any
   67:105  warning  Unexpected any. Specify a different type  @typescript-eslint/no-explicit-any
   68:5    warning  Unexpected console statement              no-console
   78:7    warning  Unexpected console statement              no-console
   88:61   warning  Unexpected any. Specify a different type  @typescript-eslint/no-explicit-any
   99:28   warning  Unexpected any. Specify a different type  @typescript-eslint/no-explicit-any
  112:26   warning  Unexpected any. Specify a different type  @typescript-eslint/no-explicit-any
  126:40   warning  Unexpected any. Specify a different type  @typescript-eslint/no-explicit-any
  169:37   warning  Unexpected any. Specify a different type  @typescript-eslint/no-explicit-any
  180:40   warning  Unexpected any. Specify a different type  @typescript-eslint/no-explicit-any
  206:38   warning  Unexpected any. Specify a different type  @typescript-eslint/no-explicit-any
  241:41   warning  Unexpected any. Specify a different type  @typescript-eslint/no-explicit-any
  283:7    warning  Unexpected console statement              no-console
  299:37   warning  Unexpected any. Specify a different type  @typescript-eslint/no-explicit-any
  349:21   warning  Unexpected any. Specify a different type  @typescript-eslint/no-explicit-any
  357:7    warning  Unexpected console statement              no-console
  392:40   warning  Unexpected any. Specify a different type  @typescript-eslint/no-explicit-any
  420:44   warning  Unexpected any. Specify a different type  @typescript-eslint/no-explicit-any
  448:37   warning  Unexpected any. Specify a different type  @typescript-eslint/no-explicit-any

C:\Projects\PaySurity\apps\api\src\modules\api-keys\api-platform.e2e-spec.ts
   40:23  warning  Unexpected any. Specify a different type  @typescript-eslint/no-explicit-any
   47:20  warning  Unexpected any. Specify a different type  @typescript-eslint/no-explicit-any
   51:63  warning  Unexpected any. Specify a different type  @typescript-eslint/no-explicit-any
   51:68  warning  Unexpected any. Specify a different type  @typescript-eslint/no-explicit-any
   54:18  warning  Unexpected any. Specify a different type  @typescript-eslint/no-explicit-any
   89:16  warning  Unexpected any. Specify a different type  @typescript-eslint/no-explicit-any
   99:17  warning  Unexpected any. Specify a different type  @typescript-eslint/no-explicit-any
  109:26  warning  Unexpected any. Specify a different type  @typescript-eslint/no-explicit-any
  128:37  warning  Unexpected any. Specify a different type  @typescript-eslint/no-explicit-any
  134:7   warning  'and' is assigned a value but never used  @typescript-eslint/no-unused-vars
  134:29  warning  Unexpected any. Specify a different type  @typescript-eslint/no-explicit-any
  147:35  warning  Unexpected any. Specify a different type  @typescript-eslint/no-explicit-any
  157:10  warning  'columns' is defined but never used       @typescript-eslint/no-unused-vars
  157:20  warning  Unexpected any. Specify a different type  @typescript-eslint/no-explicit-any
  162:27  warning  Unexpected any. Specify a different type  @typescript-eslint/no-explicit-any
  168:20  warning  Unexpected any. Specify a different type  @typescript-eslint/no-explicit-any
  173:23  warning  Unexpected any. Specify a different type  @typescript-eslint/no-explicit-any
  178:36  warning  Unexpected any. Specify a different type  @typescript-eslint/no-explicit-any
  178:55  warning  Unexpected any. Specify a different type  @typescript-eslint/no-explicit-any
  178:63  warning  Unexpected any. Specify a different type  @typescript-eslint/no-explicit-any
  187:40  warning  Unexpected any. Specify a different type  @typescript-eslint/no-explicit-any
  191:50  warning  Unexpected any. Specify a different type  @typescript-eslint/no-explicit-any
  199:28  warning  Unexpected any. Specify a different type  @typescript-eslint/no-explicit-any
  210:35  warning  Unexpected any. Specify a different type  @typescript-eslint/no-explicit-any
  210:49  warning  Unexpected any. Specify a different type  @typescript-eslint/no-explicit-any
  221:35  warning  Unexpected any. Specify a different type  @typescript-eslint/no-explicit-any
  221:49  warning  Unexpected any. Specify a different type  @typescript-eslint/no-explicit-any
  236:35  warning  Unexpected any. Specify a different type  @typescript-eslint/no-explicit-any
  277:9   warning  Unexpected any. Specify a different type  @typescript-eslint/no-explicit-any
  302:11  warning  Unexpected console statement              no-console
  394:46  warning  Unexpected any. Specify a different type  @typescript-eslint/no-explicit-any

C:\Projects\PaySurity\apps\api\src\modules\api-keys\api-platform.module.ts
  3:31  warning  'Provider' is defined but never used  @typescript-eslint/no-unused-vars
  4:3   warning  'Inject' is defined but never used    @typescript-eslint/no-unused-vars

C:\Projects\PaySurity\apps\api\src\modules\api-keys\api-platform.service.ts
   2:38  warning  'HttpException' is defined but never used  @typescript-eslint/no-unused-vars
   2:53  warning  'HttpStatus' is defined but never used     @typescript-eslint/no-unused-vars
   6:10  warning  'sql' is defined but never used            @typescript-eslint/no-unused-vars
  13:61  warning  Unexpected any. Specify a different type   @typescript-eslint/no-explicit-any

C:\Projects\PaySurity\apps\api\src\modules\api-keys\apikeys.controller.ts
   1:63  warning  'Put' is defined but never used              @typescript-eslint/no-unused-vars
   2:26  warning  'CreateApiKeyDto' is defined but never used  @typescript-eslint/no-unused-vars
   2:43  warning  'UpdateApiKeyDto' is defined but never used  @typescript-eslint/no-unused-vars
  13:32  warning  Unexpected any. Specify a different type     @typescript-eslint/no-explicit-any
  13:56  warning  Unexpected any. Specify a different type     @typescript-eslint/no-explicit-any
  21:33  warning  Unexpected any. Specify a different type     @typescript-eslint/no-explicit-any
  27:33  warning  Unexpected any. Specify a different type     @typescript-eslint/no-explicit-any
  33:32  warning  Unexpected any. Specify a different type     @typescript-eslint/no-explicit-any
  33:87  warning  Unexpected any. Specify a different type     @typescript-eslint/no-explicit-any
  41:32  warning  Unexpected any. Specify a different type     @typescript-eslint/no-explicit-any
  51:36  warning  Unexpected any. Specify a different type     @typescript-eslint/no-explicit-any

C:\Projects\PaySurity\apps\api\src\modules\api-keys\apikeys.service.ts
   1:49  warning  'BadRequestException' is defined but never used  @typescript-eslint/no-unused-vars
   2:10  warning  'NodePgDatabase' is defined but never used       @typescript-eslint/no-unused-vars
  16:56  warning  Unexpected any. Specify a different type         @typescript-eslint/no-explicit-any
  18:45  warning  Unexpected any. Specify a different type         @typescript-eslint/no-explicit-any
  68:63  warning  Unexpected any. Specify a different type         @typescript-eslint/no-explicit-any

C:\Projects\PaySurity\apps\api\src\modules\api-keys\apikeys.spec.ts
   26:74  warning  Unexpected any. Specify a different type  @typescript-eslint/no-explicit-any
   60:21  warning  Unexpected any. Specify a different type  @typescript-eslint/no-explicit-any
  185:29  warning  Unexpected any. Specify a different type  @typescript-eslint/no-explicit-any
  207:29  warning  Unexpected any. Specify a different type  @typescript-eslint/no-explicit-any
  218:29  warning  Unexpected any. Specify a different type  @typescript-eslint/no-explicit-any
  236:29  warning  Unexpected any. Specify a different type  @typescript-eslint/no-explicit-any
  246:29  warning  Unexpected any. Specify a different type  @typescript-eslint/no-explicit-any
  264:29  warning  Unexpected any. Specify a different type  @typescript-eslint/no-explicit-any
  287:29  warning  Unexpected any. Specify a different type  @typescript-eslint/no-explicit-any

C:\Projects\PaySurity\apps\api\src\modules\audit-log\audit-log.controller.ts
   2:15  warning  'Request' is defined but never used       @typescript-eslint/no-unused-vars
  10:29  warning  Unexpected any. Specify a different type  @typescript-eslint/no-explicit-any
  19:54  warning  Unexpected any. Specify a different type  @typescript-eslint/no-explicit-any

C:\Projects\PaySurity\apps\api\src\modules\audit-log\audit-log.service.spec.ts
  7:15  warning  Unexpected any. Specify a different type  @typescript-eslint/no-explicit-any

C:\Projects\PaySurity\apps\api\src\modules\audit-log\audit-log.service.ts
    2:10  warning  'sql' is defined but never used           @typescript-eslint/no-unused-vars
   11:73  warning  Unexpected any. Specify a different type  @typescript-eslint/no-explicit-any
   14:44  warning  Unexpected any. Specify a different type  @typescript-eslint/no-explicit-any
   16:38  warning  Unexpected any. Specify a different type  @typescript-eslint/no-explicit-any
   23:57  warning  Unexpected any. Specify a different type  @typescript-eslint/no-explicit-any
   25:38  warning  Unexpected any. Specify a different type  @typescript-eslint/no-explicit-any
   43:30  warning  Unexpected any. Specify a different type  @typescript-eslint/no-explicit-any
   46:15  warning  Unexpected any. Specify a different type  @typescript-eslint/no-explicit-any
   50:27  warning  Unexpected any. Specify a different type  @typescript-eslint/no-explicit-any
   83:30  warning  Unexpected any. Specify a different type  @typescript-eslint/no-explicit-any
  100:30  warning  Unexpected any. Specify a different type  @typescript-eslint/no-explicit-any

C:\Projects\PaySurity\apps\api\src\modules\auth\auth.dto.ts
  22:3  warning  'ValidateIf' is defined but never used  @typescript-eslint/no-unused-vars

C:\Projects\PaySurity\apps\api\src\modules\auth\auth.e2e-spec.ts
   7:10  warning  'ConfigService' is defined but never used  @typescript-eslint/no-unused-vars
  35:32  warning  Unexpected any. Specify a different type   @typescript-eslint/no-explicit-any

C:\Projects\PaySurity\apps\api\src\modules\auth\auth.edge-cases.spec.ts
   91:29  warning  Unexpected any. Specify a different type           @typescript-eslint/no-explicit-any
   91:34  warning  Unexpected any. Specify a different type           @typescript-eslint/no-explicit-any
   92:23  warning  Unexpected any. Specify a different type           @typescript-eslint/no-explicit-any
   92:28  warning  Unexpected any. Specify a different type           @typescript-eslint/no-explicit-any
   93:25  warning  Unexpected any. Specify a different type           @typescript-eslint/no-explicit-any
   93:30  warning  Unexpected any. Specify a different type           @typescript-eslint/no-explicit-any
   94:25  warning  Unexpected any. Specify a different type           @typescript-eslint/no-explicit-any
   94:30  warning  Unexpected any. Specify a different type           @typescript-eslint/no-explicit-any
   95:30  warning  Unexpected any. Specify a different type           @typescript-eslint/no-explicit-any
   95:35  warning  Unexpected any. Specify a different type           @typescript-eslint/no-explicit-any
   96:27  warning  Unexpected any. Specify a different type           @typescript-eslint/no-explicit-any
   96:32  warning  Unexpected any. Specify a different type           @typescript-eslint/no-explicit-any
  100:34  warning  Unexpected any. Specify a different type           @typescript-eslint/no-explicit-any
  100:39  warning  Unexpected any. Specify a different type           @typescript-eslint/no-explicit-any
  101:35  warning  Unexpected any. Specify a different type           @typescript-eslint/no-explicit-any
  101:40  warning  Unexpected any. Specify a different type           @typescript-eslint/no-explicit-any
  102:32  warning  Unexpected any. Specify a different type           @typescript-eslint/no-explicit-any
  102:37  warning  Unexpected any. Specify a different type           @typescript-eslint/no-explicit-any
  103:33  warning  Unexpected any. Specify a different type           @typescript-eslint/no-explicit-any
  103:38  warning  Unexpected any. Specify a different type           @typescript-eslint/no-explicit-any
  104:26  warning  Unexpected any. Specify a different type           @typescript-eslint/no-explicit-any
  104:31  warning  Unexpected any. Specify a different type           @typescript-eslint/no-explicit-any
  105:30  warning  Unexpected any. Specify a different type           @typescript-eslint/no-explicit-any
  105:35  warning  Unexpected any. Specify a different type           @typescript-eslint/no-explicit-any
  109:18  warning  Unexpected any. Specify a different type           @typescript-eslint/no-explicit-any
  109:23  warning  Unexpected any. Specify a different type           @typescript-eslint/no-explicit-any
  110:18  warning  Unexpected any. Specify a different type           @typescript-eslint/no-explicit-any
  110:23  warning  Unexpected any. Specify a different type           @typescript-eslint/no-explicit-any
  111:18  warning  Unexpected any. Specify a different type           @typescript-eslint/no-explicit-any
  111:23  warning  Unexpected any. Specify a different type           @typescript-eslint/no-explicit-any
  125:7   warning  'MOCK_EMAIL_B' is assigned a value but never used  @typescript-eslint/no-unused-vars
  305:17  warning  Unexpected console statement                       no-console
  311:13  warning  Unexpected console statement                       no-console
  375:67  warning  Unexpected any. Specify a different type           @typescript-eslint/no-explicit-any
  376:67  warning  Unexpected any. Specify a different type           @typescript-eslint/no-explicit-any
  385:52  warning  Unexpected any. Specify a different type           @typescript-eslint/no-explicit-any
  386:52  warning  Unexpected any. Specify a different type           @typescript-eslint/no-explicit-any
  390:60  warning  Unexpected any. Specify a different type           @typescript-eslint/no-explicit-any
  398:56  warning  Unexpected any. Specify a different type           @typescript-eslint/no-explicit-any
  406:70  warning  Unexpected any. Specify a different type           @typescript-eslint/no-explicit-any
  407:70  warning  Unexpected any. Specify a different type           @typescript-eslint/no-explicit-any
  411:53  warning  Unexpected any. Specify a different type           @typescript-eslint/no-explicit-any

C:\Projects\PaySurity\apps\api\src\modules\auth\auth.guard.ts
  25:22  warning  Unexpected any. Specify a different type  @typescript-eslint/no-explicit-any
  30:14  warning  'error' is defined but never used         @typescript-eslint/no-unused-vars

C:\Projects\PaySurity\apps\api\src\modules\auth\auth.service.ts
  183:29  warning  Unexpected any. Specify a different type  @typescript-eslint/no-explicit-any
  266:36  warning  Unexpected any. Specify a different type  @typescript-eslint/no-explicit-any

C:\Projects\PaySurity\apps\api\src\modules\auth\auth.spec.ts
  58:30  warning  Unexpected any. Specify a different type  @typescript-eslint/no-explicit-any

C:\Projects\PaySurity\apps\api\src\modules\auth\decorators.ts
  1:32  warning  'ExecutionContext' is defined but never used  @typescript-eslint/no-unused-vars
  2:46  warning  '_d' is defined but never used                @typescript-eslint/no-unused-vars
  2:50  warning  '_ctx' is defined but never used              @typescript-eslint/no-unused-vars

C:\Projects\PaySurity\apps\api\src\modules\auth\decorators\roles.decorator.ts
  1:32  warning  'ExecutionContext' is defined but never used  @typescript-eslint/no-unused-vars
  2:44  warning  '_d' is defined but never used                @typescript-eslint/no-unused-vars
  2:48  warning  '_ctx' is defined but never used              @typescript-eslint/no-unused-vars

C:\Projects\PaySurity\apps\api\src\modules\auth\decorators\tenant-id.decorator.ts
  1:32  warning  'ExecutionContext' is defined but never used  @typescript-eslint/no-unused-vars

C:\Projects\PaySurity\apps\api\src\modules\auth\drizzle.service.ts
  8:29  warning  'any' is defined but never used           @typescript-eslint/no-unused-vars
  9:62  warning  Unexpected any. Specify a different type  @typescript-eslint/no-explicit-any

C:\Projects\PaySurity\apps\api\src\modules\auth\dto\auth.dto.ts
  1:52  warning  'IsUUID' is defined but never used  @typescript-eslint/no-unused-vars

C:\Projects\PaySurity\apps\api\src\modules\auth\guards\roles.guard.ts
  1:53  warning  'ForbiddenException' is defined but never used  @typescript-eslint/no-unused-vars
  6:12  warning  Unexpected any. Specify a different type        @typescript-eslint/no-explicit-any
  6:44  warning  Unexpected any. Specify a different type        @typescript-eslint/no-explicit-any

C:\Projects\PaySurity\apps\api\src\modules\auth\impersonation.middleware.ts
  10:71  warning  Unexpected any. Specify a different type  @typescript-eslint/no-explicit-any
  27:26  warning  Unexpected any. Specify a different type  @typescript-eslint/no-explicit-any
  39:38  warning  Unexpected any. Specify a different type  @typescript-eslint/no-explicit-any
  50:13  warning  Unexpected any. Specify a different type  @typescript-eslint/no-explicit-any
  51:13  warning  Unexpected any. Specify a different type  @typescript-eslint/no-explicit-any
  52:13  warning  Unexpected any. Specify a different type  @typescript-eslint/no-explicit-any

C:\Projects\PaySurity\apps\api\src\modules\auth\performance-monitor.service.ts
  1:10  warning  'Injectable' is defined but never used      @typescript-eslint/no-unused-vars
  1:22  warning  'Inject' is defined but never used          @typescript-eslint/no-unused-vars
  2:10  warning  'NodePgDatabase' is defined but never used  @typescript-eslint/no-unused-vars
  3:10  warning  'pgTable' is defined but never used         @typescript-eslint/no-unused-vars
  3:19  warning  'uuid' is defined but never used            @typescript-eslint/no-unused-vars
  3:25  warning  'varchar' is defined but never used         @typescript-eslint/no-unused-vars
  3:34  warning  'integer' is defined but never used         @typescript-eslint/no-unused-vars
  3:43  warning  'timestamp' is defined but never used       @typescript-eslint/no-unused-vars
  3:54  warning  'jsonb' is defined but never used           @typescript-eslint/no-unused-vars
  4:10  warning  'eq' is defined but never used              @typescript-eslint/no-unused-vars
  4:14  warning  'and' is defined but never used             @typescript-eslint/no-unused-vars
  4:19  warning  'desc' is defined but never used            @typescript-eslint/no-unused-vars
  4:25  warning  'gte' is defined but never used             @typescript-eslint/no-unused-vars
  4:30  warning  'lte' is defined but never used             @typescript-eslint/no-unused-vars

C:\Projects\PaySurity\apps\api\src\modules\auth\strategies\jwt.strategy.ts
  1:22  warning  'UnauthorizedException' is defined but never used  @typescript-eslint/no-unused-vars

C:\Projects\PaySurity\apps\api\src\modules\auth\tenant-id.decorator.ts
  1:32  warning  'ExecutionContext' is defined but never used  @typescript-eslint/no-unused-vars

C:\Projects\PaySurity\apps\api\src\modules\cash-drawer\cash-drawer.edge-cases.spec.ts
   60:7    warning  'AuthorizationError' is defined but never used  @typescript-eslint/no-unused-vars
  134:95   warning  Unexpected any. Specify a different type        @typescript-eslint/no-explicit-any
  336:61   warning  Unexpected any. Specify a different type        @typescript-eslint/no-explicit-any
  341:74   warning  Unexpected any. Specify a different type        @typescript-eslint/no-explicit-any
  346:92   warning  Unexpected any. Specify a different type        @typescript-eslint/no-explicit-any
  351:113  warning  Unexpected any. Specify a different type        @typescript-eslint/no-explicit-any
  352:115  warning  Unexpected any. Specify a different type        @typescript-eslint/no-explicit-any
  357:96   warning  Unexpected any. Specify a different type        @typescript-eslint/no-explicit-any
  362:62   warning  Unexpected any. Specify a different type        @typescript-eslint/no-explicit-any
  524:91   warning  Unexpected any. Specify a different type        @typescript-eslint/no-explicit-any
  526:91   warning  Unexpected any. Specify a different type        @typescript-eslint/no-explicit-any

C:\Projects\PaySurity\apps\api\src\modules\cash-drawer\cash-drawer.service.ts
    2:10   warning  'DatabaseModule' is defined but never used             @typescript-eslint/no-unused-vars
    3:19   warning  'sql' is defined but never used                        @typescript-eslint/no-unused-vars
    5:47   warning  'CashDrawer' is defined but never used                 @typescript-eslint/no-unused-vars
    6:111  warning  'CashDrawerTransactionType' is defined but never used  @typescript-eslint/no-unused-vars
   11:37   warning  Unexpected any. Specify a different type               @typescript-eslint/no-explicit-any
   67:28   warning  Unexpected any. Specify a different type               @typescript-eslint/no-explicit-any
   90:5    warning  'updateCashDrawerDto' is defined but never used        @typescript-eslint/no-unused-vars
  253:28   warning  Unexpected any. Specify a different type               @typescript-eslint/no-explicit-any

C:\Projects\PaySurity\apps\api\src\modules\cash-drawer\cash-drawer.spec.ts
    4:13  warning  'util' is defined but never used                        @typescript-eslint/no-unused-vars
   12:24  warning  Unexpected any. Specify a different type                @typescript-eslint/no-explicit-any
   13:35  warning  Unexpected any. Specify a different type                @typescript-eslint/no-explicit-any
   17:18  warning  'options' is defined but never used                     @typescript-eslint/no-unused-vars
   17:38  warning  Unexpected any. Specify a different type                @typescript-eslint/no-explicit-any
   20:19  warning  'options' is defined but never used                     @typescript-eslint/no-unused-vars
   20:39  warning  Unexpected any. Specify a different type                @typescript-eslint/no-explicit-any
   27:18  warning  'options' is defined but never used                     @typescript-eslint/no-unused-vars
   27:38  warning  Unexpected any. Specify a different type                @typescript-eslint/no-explicit-any
   33:17  warning  Unexpected any. Specify a different type                @typescript-eslint/no-explicit-any
   35:21  warning  Unexpected any. Specify a different type                @typescript-eslint/no-explicit-any
   50:10  warning  'table' is defined but never used                       @typescript-eslint/no-unused-vars
   50:17  warning  Unexpected any. Specify a different type                @typescript-eslint/no-explicit-any
   52:21  warning  Unexpected any. Specify a different type                @typescript-eslint/no-explicit-any
   54:19  warning  'condition' is defined but never used                   @typescript-eslint/no-unused-vars
   54:30  warning  Unexpected any. Specify a different type                @typescript-eslint/no-explicit-any
   69:37  warning  Unexpected any. Specify a different type                @typescript-eslint/no-explicit-any
   83:7   warning  'cashDrawerService' is assigned a value but never used  @typescript-eslint/no-unused-vars
   84:36  warning  Unexpected any. Specify a different type                @typescript-eslint/no-explicit-any
  150:7   warning  Unexpected console statement                            no-console

C:\Projects\PaySurity\apps\api\src\modules\cash-drawer\dto\cash-drawer.dto.ts
  12:10  warning  'PartialType' is defined but never used  @typescript-eslint/no-unused-vars

C:\Projects\PaySurity\apps\api\src\modules\catering\catering.controller.ts
   23:3   warning  'IsUUID' is defined but never used        @typescript-eslint/no-unused-vars
   73:56  warning  Unexpected any. Specify a different type  @typescript-eslint/no-explicit-any
   75:79  warning  Unexpected any. Specify a different type  @typescript-eslint/no-explicit-any
   76:43  warning  Unexpected any. Specify a different type  @typescript-eslint/no-explicit-any
   86:77  warning  Unexpected any. Specify a different type  @typescript-eslint/no-explicit-any
  121:40  warning  Unexpected any. Specify a different type  @typescript-eslint/no-explicit-any
  125:7   warning  Unexpected console statement              no-console
  130:47  warning  Unexpected any. Specify a different type  @typescript-eslint/no-explicit-any
  131:38  warning  Unexpected any. Specify a different type  @typescript-eslint/no-explicit-any
  138:69  warning  Unexpected any. Specify a different type  @typescript-eslint/no-explicit-any
  142:66  warning  Unexpected any. Specify a different type  @typescript-eslint/no-explicit-any
  156:40  warning  Unexpected any. Specify a different type  @typescript-eslint/no-explicit-any
  159:7   warning  Unexpected console statement              no-console
  164:90  warning  Unexpected any. Specify a different type  @typescript-eslint/no-explicit-any
  182:40  warning  Unexpected any. Specify a different type  @typescript-eslint/no-explicit-any
  185:7   warning  Unexpected console statement              no-console
  196:28  warning  Unexpected any. Specify a different type  @typescript-eslint/no-explicit-any
  208:17  warning  Unexpected any. Specify a different type  @typescript-eslint/no-explicit-any
  209:14  warning  Unexpected any. Specify a different type  @typescript-eslint/no-explicit-any
  216:40  warning  Unexpected any. Specify a different type  @typescript-eslint/no-explicit-any
  216:54  warning  Unexpected any. Specify a different type  @typescript-eslint/no-explicit-any
  223:67  warning  Unexpected any. Specify a different type  @typescript-eslint/no-explicit-any
  223:81  warning  Unexpected any. Specify a different type  @typescript-eslint/no-explicit-any
  230:64  warning  Unexpected any. Specify a different type  @typescript-eslint/no-explicit-any
  230:78  warning  Unexpected any. Specify a different type  @typescript-eslint/no-explicit-any
  241:17  warning  Unexpected any. Specify a different type  @typescript-eslint/no-explicit-any
  242:14  warning  Unexpected any. Specify a different type  @typescript-eslint/no-explicit-any

C:\Projects\PaySurity\apps\api\src\modules\catering\catering.module.ts
   45:56  warning  Unexpected any. Specify a different type  @typescript-eslint/no-explicit-any
   47:96  warning  Unexpected any. Specify a different type  @typescript-eslint/no-explicit-any
   65:45  warning  Unexpected any. Specify a different type  @typescript-eslint/no-explicit-any
   95:46  warning  Unexpected any. Specify a different type  @typescript-eslint/no-explicit-any
  126:50  warning  Unexpected any. Specify a different type  @typescript-eslint/no-explicit-any
  127:38  warning  Unexpected any. Specify a different type  @typescript-eslint/no-explicit-any
  134:62  warning  Unexpected any. Specify a different type  @typescript-eslint/no-explicit-any
  135:43  warning  Unexpected any. Specify a different type  @typescript-eslint/no-explicit-any
  145:42  warning  Unexpected any. Specify a different type  @typescript-eslint/no-explicit-any
  153:61  warning  Unexpected any. Specify a different type  @typescript-eslint/no-explicit-any
  155:44  warning  Unexpected any. Specify a different type  @typescript-eslint/no-explicit-any
  166:47  warning  Unexpected any. Specify a different type  @typescript-eslint/no-explicit-any
  181:62  warning  Unexpected any. Specify a different type  @typescript-eslint/no-explicit-any
  183:44  warning  Unexpected any. Specify a different type  @typescript-eslint/no-explicit-any
  194:47  warning  Unexpected any. Specify a different type  @typescript-eslint/no-explicit-any

C:\Projects\PaySurity\apps\api\src\modules\catering\catering.service.ts
    2:36  warning  'IsInt' is defined but never used         @typescript-eslint/no-unused-vars
    2:93  warning  'IsEnum' is defined but never used        @typescript-eslint/no-unused-vars
   57:56  warning  Unexpected any. Specify a different type  @typescript-eslint/no-explicit-any
   59:85  warning  Unexpected any. Specify a different type  @typescript-eslint/no-explicit-any
   72:40  warning  Unexpected any. Specify a different type  @typescript-eslint/no-explicit-any
   80:7   warning  Unexpected console statement              no-console
   85:55  warning  Unexpected any. Specify a different type  @typescript-eslint/no-explicit-any
   87:40  warning  Unexpected any. Specify a different type  @typescript-eslint/no-explicit-any
   95:7   warning  Unexpected console statement              no-console
  100:74  warning  Unexpected any. Specify a different type  @typescript-eslint/no-explicit-any
  102:39  warning  Unexpected any. Specify a different type  @typescript-eslint/no-explicit-any
  118:7   warning  Unexpected console statement              no-console
  123:74  warning  Unexpected any. Specify a different type  @typescript-eslint/no-explicit-any
  126:39  warning  Unexpected any. Specify a different type  @typescript-eslint/no-explicit-any
  141:40  warning  Unexpected any. Specify a different type  @typescript-eslint/no-explicit-any
  154:7   warning  Unexpected console statement              no-console
  159:97  warning  Unexpected any. Specify a different type  @typescript-eslint/no-explicit-any
  162:39  warning  Unexpected any. Specify a different type  @typescript-eslint/no-explicit-any
  186:40  warning  Unexpected any. Specify a different type  @typescript-eslint/no-explicit-any
  199:7   warning  Unexpected console statement              no-console

C:\Projects\PaySurity\apps\api\src\modules\checkout\checkout.controller.ts
   33:10  warning  Unexpected any. Specify a different type  @typescript-eslint/no-explicit-any
   46:10  warning  Unexpected any. Specify a different type  @typescript-eslint/no-explicit-any
   51:19  warning  Unexpected any. Specify a different type  @typescript-eslint/no-explicit-any
   72:30  warning  Unexpected any. Specify a different type  @typescript-eslint/no-explicit-any
   73:28  warning  Unexpected any. Specify a different type  @typescript-eslint/no-explicit-any
   90:30  warning  Unexpected any. Specify a different type  @typescript-eslint/no-explicit-any
   91:28  warning  Unexpected any. Specify a different type  @typescript-eslint/no-explicit-any
  108:30  warning  Unexpected any. Specify a different type  @typescript-eslint/no-explicit-any
  109:28  warning  Unexpected any. Specify a different type  @typescript-eslint/no-explicit-any
  126:30  warning  Unexpected any. Specify a different type  @typescript-eslint/no-explicit-any
  127:28  warning  Unexpected any. Specify a different type  @typescript-eslint/no-explicit-any
  142:30  warning  Unexpected any. Specify a different type  @typescript-eslint/no-explicit-any
  143:28  warning  Unexpected any. Specify a different type  @typescript-eslint/no-explicit-any
  160:30  warning  Unexpected any. Specify a different type  @typescript-eslint/no-explicit-any
  161:28  warning  Unexpected any. Specify a different type  @typescript-eslint/no-explicit-any
  177:30  warning  Unexpected any. Specify a different type  @typescript-eslint/no-explicit-any
  178:28  warning  Unexpected any. Specify a different type  @typescript-eslint/no-explicit-any

C:\Projects\PaySurity\apps\api\src\modules\checkout\checkout.dto.ts
  19:31  warning  'IsUUID' is defined but never used  @typescript-eslint/no-unused-vars

C:\Projects\PaySurity\apps\api\src\modules\checkout\checkout.edge-cases.spec.ts
   32:28   warning  Unexpected any. Specify a different type  @typescript-eslint/no-explicit-any
  138:25   warning  Unexpected any. Specify a different type  @typescript-eslint/no-explicit-any
  139:11   warning  Unexpected console statement              no-console
  179:25   warning  Unexpected any. Specify a different type  @typescript-eslint/no-explicit-any
  180:11   warning  Unexpected console statement              no-console
  196:21   warning  Unexpected any. Specify a different type  @typescript-eslint/no-explicit-any
  198:123  warning  Unexpected console statement              no-console
  201:103  warning  Unexpected console statement              no-console
  206:99   warning  Unexpected console statement              no-console
  257:78   warning  'quantity' is defined but never used      @typescript-eslint/no-unused-vars
  312:62   warning  Unexpected any. Specify a different type  @typescript-eslint/no-explicit-any
  313:62   warning  Unexpected any. Specify a different type  @typescript-eslint/no-explicit-any
  317:67   warning  Unexpected any. Specify a different type  @typescript-eslint/no-explicit-any
  321:73   warning  Unexpected any. Specify a different type  @typescript-eslint/no-explicit-any
  324:79   warning  Unexpected any. Specify a different type  @typescript-eslint/no-explicit-any
  341:50   warning  Unexpected any. Specify a different type  @typescript-eslint/no-explicit-any
  375:71   warning  Unexpected any. Specify a different type  @typescript-eslint/no-explicit-any
  648:78   warning  '_qty' is defined but never used          @typescript-eslint/no-unused-vars

C:\Projects\PaySurity\apps\api\src\modules\checkout\checkout.service.ts
  23:10  warning  'Injectable' is defined but never used                    @typescript-eslint/no-unused-vars
  23:22  warning  'BadRequestException' is defined but never used           @typescript-eslint/no-unused-vars
  23:43  warning  'ForbiddenException' is defined but never used            @typescript-eslint/no-unused-vars
  23:63  warning  'NotFoundException' is defined but never used             @typescript-eslint/no-unused-vars
  23:82  warning  'Inject' is defined but never used                        @typescript-eslint/no-unused-vars
  23:90  warning  'InternalServerErrorException' is defined but never used  @typescript-eslint/no-unused-vars
  24:10  warning  'NodePgDatabase' is defined but never used                @typescript-eslint/no-unused-vars
  25:10  warning  'AuditLogService' is defined but never used               @typescript-eslint/no-unused-vars
  26:10  warning  'Request' is defined but never used                       @typescript-eslint/no-unused-vars
  27:10  warning  'randomUUID' is defined but never used                    @typescript-eslint/no-unused-vars
  30:11  warning  'ScanItemDto' is defined but never used                   @typescript-eslint/no-unused-vars
  35:11  warning  'UpdateItemQuantityDto' is defined but never used         @typescript-eslint/no-unused-vars
  40:11  warning  'ApplyPromotionDto' is defined but never used             @typescript-eslint/no-unused-vars
  44:11  warning  'VerifyAgeDto' is defined but never used                  @typescript-eslint/no-unused-vars
  83:11  warning  'CheckoutSession' is defined but never used               @typescript-eslint/no-unused-vars

C:\Projects\PaySurity\apps\api\src\modules\checkout\checkout.spec.ts
  20:10  warning  'DatabaseModule' is defined but never used         @typescript-eslint/no-unused-vars
  25:6   warning  'DeepPartial' is defined but never used            @typescript-eslint/no-unused-vars
  75:28  warning  Unexpected any. Specify a different type           @typescript-eslint/no-explicit-any
  76:7   warning  'dbConnection' is assigned a value but never used  @typescript-eslint/no-unused-vars
  76:21  warning  Unexpected any. Specify a different type           @typescript-eslint/no-explicit-any
  77:24  warning  Unexpected any. Specify a different type           @typescript-eslint/no-explicit-any

C:\Projects\PaySurity\apps\api\src\modules\checkout\orders.service.ts
  31:62  warning  Unexpected any. Specify a different type  @typescript-eslint/no-explicit-any

C:\Projects\PaySurity\apps\api\src\modules\common\audit\audit-log.service.ts
  11:62  warning  Unexpected any. Specify a different type  @typescript-eslint/no-explicit-any

C:\Projects\PaySurity\apps\api\src\modules\common\decorators\tenant-id.decorator.ts
  1:32  warning  'ExecutionContext' is defined but never used  @typescript-eslint/no-unused-vars

C:\Projects\PaySurity\apps\api\src\modules\compliance\compliance.controller.ts
  16:35  warning  Unexpected any. Specify a different type  @typescript-eslint/no-explicit-any
  27:47  warning  Unexpected any. Specify a different type  @typescript-eslint/no-explicit-any
  27:61  warning  Unexpected any. Specify a different type  @typescript-eslint/no-explicit-any
  38:61  warning  Unexpected any. Specify a different type  @typescript-eslint/no-explicit-any
  49:72  warning  Unexpected any. Specify a different type  @typescript-eslint/no-explicit-any

C:\Projects\PaySurity\apps\api\src\modules\compliance\compliance.dto.ts
  14:86  warning  'ValidateNested' is defined but never used  @typescript-eslint/no-unused-vars
  59:31  warning  Unexpected any. Specify a different type    @typescript-eslint/no-explicit-any
  96:31  warning  Unexpected any. Specify a different type    @typescript-eslint/no-explicit-any

C:\Projects\PaySurity\apps\api\src\modules\compliance\compliance.edge-cases.spec.ts
  109:114  warning  Unexpected any. Specify a different type       @typescript-eslint/no-explicit-any
  134:76   warning  Unexpected any. Specify a different type       @typescript-eslint/no-explicit-any
  157:39   warning  Unexpected any. Specify a different type       @typescript-eslint/no-explicit-any
  171:39   warning  Unexpected any. Specify a different type       @typescript-eslint/no-explicit-any
  187:39   warning  Unexpected any. Specify a different type       @typescript-eslint/no-explicit-any
  207:41   warning  Unexpected any. Specify a different type       @typescript-eslint/no-explicit-any
  283:69   warning  Unexpected any. Specify a different type       @typescript-eslint/no-explicit-any
  296:69   warning  Unexpected any. Specify a different type       @typescript-eslint/no-explicit-any
  358:15   warning  'statuses' is assigned a value but never used  @typescript-eslint/no-unused-vars
  424:19   warning  Unexpected any. Specify a different type       @typescript-eslint/no-explicit-any
  449:39   warning  Unexpected any. Specify a different type       @typescript-eslint/no-explicit-any
  453:29   warning  Unexpected any. Specify a different type       @typescript-eslint/no-explicit-any
  467:21   warning  Unexpected any. Specify a different type       @typescript-eslint/no-explicit-any
  473:41   warning  Unexpected any. Specify a different type       @typescript-eslint/no-explicit-any
  489:39   warning  Unexpected any. Specify a different type       @typescript-eslint/no-explicit-any
  506:39   warning  Unexpected any. Specify a different type       @typescript-eslint/no-explicit-any
  536:41   warning  Unexpected any. Specify a different type       @typescript-eslint/no-explicit-any
  549:41   warning  Unexpected any. Specify a different type       @typescript-eslint/no-explicit-any
  561:41   warning  Unexpected any. Specify a different type       @typescript-eslint/no-explicit-any
  596:89   warning  Unexpected any. Specify a different type       @typescript-eslint/no-explicit-any
  606:20   warning  'report' is defined but never used             @typescript-eslint/no-unused-vars
  609:28   warning  'tenantId' is defined but never used           @typescript-eslint/no-unused-vars
  612:20   warning  'config' is defined but never used             @typescript-eslint/no-unused-vars
  615:27   warning  'tenantId' is defined but never used           @typescript-eslint/no-unused-vars
  622:23   warning  'userId' is defined but never used             @typescript-eslint/no-unused-vars
  622:39   warning  'permission' is defined but never used         @typescript-eslint/no-unused-vars
  632:7    warning  'message' is defined but never used            @typescript-eslint/no-unused-vars
  632:24   warning  'context' is defined but never used            @typescript-eslint/no-unused-vars
  633:8    warning  'message' is defined but never used            @typescript-eslint/no-unused-vars
  633:25   warning  'context' is defined but never used            @typescript-eslint/no-unused-vars
  634:9    warning  'message' is defined but never used            @typescript-eslint/no-unused-vars
  634:26   warning  'trace' is defined but never used              @typescript-eslint/no-unused-vars
  634:42   warning  'context' is defined but never used            @typescript-eslint/no-unused-vars
  696:35   warning  Unexpected any. Specify a different type       @typescript-eslint/no-explicit-any
  696:58   warning  Unexpected any. Specify a different type       @typescript-eslint/no-explicit-any
  697:96   warning  Unexpected any. Specify a different type       @typescript-eslint/no-explicit-any
  698:111  warning  Unexpected any. Specify a different type       @typescript-eslint/no-explicit-any
  702:134  warning  Unexpected any. Specify a different type       @typescript-eslint/no-explicit-any
  723:115  warning  Unexpected any. Specify a different type       @typescript-eslint/no-explicit-any
  776:35   warning  Unexpected any. Specify a different type       @typescript-eslint/no-explicit-any
  776:58   warning  Unexpected any. Specify a different type       @typescript-eslint/no-explicit-any
  777:96   warning  Unexpected any. Specify a different type       @typescript-eslint/no-explicit-any
  778:123  warning  Unexpected any. Specify a different type       @typescript-eslint/no-explicit-any
  781:117  warning  Unexpected any. Specify a different type       @typescript-eslint/no-explicit-any
  801:114  warning  Unexpected any. Specify a different type       @typescript-eslint/no-explicit-any

C:\Projects\PaySurity\apps\api\src\modules\compliance\compliance.service.ts
    1:10   warning  'Min' is defined but never used           @typescript-eslint/no-unused-vars
    7:111  warning  Unexpected any. Specify a different type  @typescript-eslint/no-explicit-any
   11:112  warning  Unexpected any. Specify a different type  @typescript-eslint/no-explicit-any
   11:167  warning  Unexpected any. Specify a different type  @typescript-eslint/no-explicit-any
   11:229  warning  Unexpected any. Specify a different type  @typescript-eslint/no-explicit-any
   18:61   warning  Unexpected any. Specify a different type  @typescript-eslint/no-explicit-any
   26:38   warning  Unexpected any. Specify a different type  @typescript-eslint/no-explicit-any
   39:92   warning  'userId' is defined but never used        @typescript-eslint/no-unused-vars
   40:40   warning  Unexpected any. Specify a different type  @typescript-eslint/no-explicit-any
   44:38   warning  Unexpected any. Specify a different type  @typescript-eslint/no-explicit-any
   58:38   warning  Unexpected any. Specify a different type  @typescript-eslint/no-explicit-any
   82:38   warning  Unexpected any. Specify a different type  @typescript-eslint/no-explicit-any
   97:41   warning  Unexpected any. Specify a different type  @typescript-eslint/no-explicit-any
  105:44   warning  Unexpected any. Specify a different type  @typescript-eslint/no-explicit-any
  112:75   warning  Unexpected any. Specify a different type  @typescript-eslint/no-explicit-any
  122:44   warning  Unexpected any. Specify a different type  @typescript-eslint/no-explicit-any
  125:64   warning  Unexpected any. Specify a different type  @typescript-eslint/no-explicit-any
  125:72   warning  Unexpected any. Specify a different type  @typescript-eslint/no-explicit-any
  130:45   warning  Unexpected any. Specify a different type  @typescript-eslint/no-explicit-any
  164:42   warning  Unexpected any. Specify a different type  @typescript-eslint/no-explicit-any

C:\Projects\PaySurity\apps\api\src\modules\compliance\compliance.spec.ts
   17:10  warning  'CreatePciAuditArchiveDto' is defined but never used    @typescript-eslint/no-unused-vars
   17:36  warning  'UpdatePciAuditArchiveDto' is defined but never used    @typescript-eslint/no-unused-vars
   17:62  warning  'PciAuditArchiveFilterDto' is defined but never used    @typescript-eslint/no-unused-vars
   17:88  warning  'PciAuditArchiveResponseDto' is defined but never used  @typescript-eslint/no-unused-vars
   35:19  warning  Unexpected any. Specify a different type                @typescript-eslint/no-explicit-any
   37:7   warning  'service' is assigned a value but never used            @typescript-eslint/no-unused-vars
   37:28  warning  Unexpected any. Specify a different type                @typescript-eslint/no-explicit-any
   45:8   warning  Unexpected any. Specify a different type                @typescript-eslint/no-explicit-any
   69:24  warning  Unexpected any. Specify a different type                @typescript-eslint/no-explicit-any
   77:31  warning  Unexpected any. Specify a different type                @typescript-eslint/no-explicit-any
   95:24  warning  Unexpected any. Specify a different type                @typescript-eslint/no-explicit-any
   96:31  warning  Unexpected any. Specify a different type                @typescript-eslint/no-explicit-any
  120:31  warning  Unexpected any. Specify a different type                @typescript-eslint/no-explicit-any
  149:24  warning  Unexpected any. Specify a different type                @typescript-eslint/no-explicit-any
  153:31  warning  Unexpected any. Specify a different type                @typescript-eslint/no-explicit-any
  174:24  warning  Unexpected any. Specify a different type                @typescript-eslint/no-explicit-any

C:\Projects\PaySurity\apps\api\src\modules\compliance\dto\pci-audit-archive.dto.ts
  13:3  warning  'ValidateNested' is defined but never used  @typescript-eslint/no-unused-vars

C:\Projects\PaySurity\apps\api\src\modules\compliance\pci-audit-archive.controller.ts
   2:66   warning  'UseGuards' is defined but never used     @typescript-eslint/no-unused-vars
  22:28   warning  Unexpected any. Specify a different type  @typescript-eslint/no-explicit-any
  22:87   warning  Unexpected any. Specify a different type  @typescript-eslint/no-explicit-any
  25:14   warning  'error' is defined but never used         @typescript-eslint/no-unused-vars
  34:29   warning  Unexpected any. Specify a different type  @typescript-eslint/no-explicit-any
  34:90   warning  Unexpected any. Specify a different type  @typescript-eslint/no-explicit-any
  37:14   warning  'error' is defined but never used         @typescript-eslint/no-unused-vars
  47:29   warning  Unexpected any. Specify a different type  @typescript-eslint/no-explicit-any
  47:68   warning  Unexpected any. Specify a different type  @typescript-eslint/no-explicit-any
  61:28   warning  Unexpected any. Specify a different type  @typescript-eslint/no-explicit-any
  61:112  warning  Unexpected any. Specify a different type  @typescript-eslint/no-explicit-any
  82:28   warning  Unexpected any. Specify a different type  @typescript-eslint/no-explicit-any

C:\Projects\PaySurity\apps\api\src\modules\compliance\pci-audit-archive.service.ts
  15:62  warning  Unexpected any. Specify a different type  @typescript-eslint/no-explicit-any

C:\Projects\PaySurity\apps\api\src\modules\currency\currency.controller.ts
  1:46  warning  'UseGuards' is defined but never used  @typescript-eslint/no-unused-vars

C:\Projects\PaySurity\apps\api\src\modules\currency\currency.service.ts
  2:3   warning  'Get' is defined but never used                      @typescript-eslint/no-unused-vars
  4:10  warning  'sanitizeGatewayResponse' is defined but never used  @typescript-eslint/no-unused-vars

C:\Projects\PaySurity\apps\api\src\modules\customer-crm\customer-crm.controller.ts
   2:52  warning  'Query' is defined but never used         @typescript-eslint/no-unused-vars
   3:25  warning  'UseGuards' is defined but never used     @typescript-eslint/no-unused-vars
  17:33  warning  Unexpected any. Specify a different type  @typescript-eslint/no-explicit-any
  24:58  warning  Unexpected any. Specify a different type  @typescript-eslint/no-explicit-any
  32:30  warning  Unexpected any. Specify a different type  @typescript-eslint/no-explicit-any
  32:51  warning  Unexpected any. Specify a different type  @typescript-eslint/no-explicit-any
  39:55  warning  Unexpected any. Specify a different type  @typescript-eslint/no-explicit-any
  39:76  warning  Unexpected any. Specify a different type  @typescript-eslint/no-explicit-any
  47:57  warning  Unexpected any. Specify a different type  @typescript-eslint/no-explicit-any

C:\Projects\PaySurity\apps\api\src\modules\customer-crm\customer-crm.service.ts
   6:23  warning  Unexpected any. Specify a different type  @typescript-eslint/no-explicit-any
  17:58  warning  Unexpected any. Specify a different type  @typescript-eslint/no-explicit-any
  20:44  warning  Unexpected any. Specify a different type  @typescript-eslint/no-explicit-any
  32:57  warning  Unexpected any. Specify a different type  @typescript-eslint/no-explicit-any
  46:55  warning  Unexpected any. Specify a different type  @typescript-eslint/no-explicit-any
  46:70  warning  Unexpected any. Specify a different type  @typescript-eslint/no-explicit-any
  61:67  warning  Unexpected any. Specify a different type  @typescript-eslint/no-explicit-any
  61:82  warning  Unexpected any. Specify a different type  @typescript-eslint/no-explicit-any

C:\Projects\PaySurity\apps\api\src\modules\database\database.module.ts
  13:48  warning  Unexpected any. Specify a different type  @typescript-eslint/no-explicit-any

C:\Projects\PaySurity\apps\api\src\modules\database\database.provider.ts
  5:47  warning  Unexpected any. Specify a different type  @typescript-eslint/no-explicit-any

C:\Projects\PaySurity\apps\api\src\modules\database\schema.ts
  26:58  warning  'many' is defined but never used  @typescript-eslint/no-unused-vars

C:\Projects\PaySurity\apps\api\src\modules\db\drizzle.provider.ts
  33:7  warning  Unexpected console statement  no-console
  35:7  warning  Unexpected console statement  no-console

C:\Projects\PaySurity\apps\api\src\modules\delivery\__mocks__\routing.service.ts
  15:24  warning  '_params' is defined but never used  @typescript-eslint/no-unused-vars

C:\Projects\PaySurity\apps\api\src\modules\delivery\delivery-driver-assignment.controller.ts
  2:61  warning  'UseGuards' is defined but never used  @typescript-eslint/no-unused-vars

C:\Projects\PaySurity\apps\api\src\modules\delivery\delivery-driver-assignment.service.ts
   2:10  warning  'NodePgDatabase' is defined but never used  @typescript-eslint/no-unused-vars
  10:46  warning  Unexpected any. Specify a different type    @typescript-eslint/no-explicit-any

C:\Projects\PaySurity\apps\api\src\modules\delivery\delivery.dto.ts
  14:10  warning  'Optional' is defined but never used  @typescript-eslint/no-unused-vars

C:\Projects\PaySurity\apps\api\src\modules\delivery\delivery.edge-cases.spec.ts
   16:10  warning  'MockRoutingService' is defined but never used            @typescript-eslint/no-unused-vars
   20:7   warning  'DeliveryAssignmentRepository' is defined but never used  @typescript-eslint/no-unused-vars
   21:7   warning  'OrderService' is defined but never used                  @typescript-eslint/no-unused-vars
   22:7   warning  'DriverService' is defined but never used                 @typescript-eslint/no-unused-vars
   23:7   warning  'PermissionService' is defined but never used             @typescript-eslint/no-unused-vars
   24:7   warning  'Logger' is defined but never used                        @typescript-eslint/no-unused-vars
   27:23  warning  Unexpected any. Specify a different type                  @typescript-eslint/no-explicit-any
   28:31  warning  Unexpected any. Specify a different type                  @typescript-eslint/no-explicit-any
   29:32  warning  Unexpected any. Specify a different type                  @typescript-eslint/no-explicit-any
   30:36  warning  Unexpected any. Specify a different type                  @typescript-eslint/no-explicit-any
   31:25  warning  Unexpected any. Specify a different type                  @typescript-eslint/no-explicit-any
   46:21  warning  Unexpected any. Specify a different type                  @typescript-eslint/no-explicit-any
   67:21  warning  Unexpected any. Specify a different type                  @typescript-eslint/no-explicit-any
  149:11  warning  'orderId2' is assigned a value but never used             @typescript-eslint/no-unused-vars
  160:49  warning  Unexpected any. Specify a different type                  @typescript-eslint/no-explicit-any
  161:33  warning  Unexpected any. Specify a different type                  @typescript-eslint/no-explicit-any
  162:34  warning  Unexpected any. Specify a different type                  @typescript-eslint/no-explicit-any
  163:38  warning  Unexpected any. Specify a different type                  @typescript-eslint/no-explicit-any
  164:27  warning  Unexpected any. Specify a different type                  @typescript-eslint/no-explicit-any
  186:62  warning  Unexpected any. Specify a different type                  @typescript-eslint/no-explicit-any
  190:67  warning  Unexpected any. Specify a different type                  @typescript-eslint/no-explicit-any
  198:73  warning  Unexpected any. Specify a different type                  @typescript-eslint/no-explicit-any
  202:78  warning  Unexpected any. Specify a different type                  @typescript-eslint/no-explicit-any
  210:83  warning  Unexpected any. Specify a different type                  @typescript-eslint/no-explicit-any
  214:88  warning  Unexpected any. Specify a different type                  @typescript-eslint/no-explicit-any
  224:94  warning  Unexpected any. Specify a different type                  @typescript-eslint/no-explicit-any
  473:41  warning  Unexpected any. Specify a different type                  @typescript-eslint/no-explicit-any

C:\Projects\PaySurity\apps\api\src\modules\delivery\delivery.service.ts
  14:10  warning  'Injectable' is defined but never used           @typescript-eslint/no-unused-vars
  14:22  warning  'NotFoundException' is defined but never used    @typescript-eslint/no-unused-vars
  14:41  warning  'BadRequestException' is defined but never used  @typescript-eslint/no-unused-vars
  14:62  warning  'Inject' is defined but never used               @typescript-eslint/no-unused-vars
  15:10  warning  'pgTable' is defined but never used              @typescript-eslint/no-unused-vars
  15:19  warning  'uuid' is defined but never used                 @typescript-eslint/no-unused-vars
  15:25  warning  'varchar' is defined but never used              @typescript-eslint/no-unused-vars
  15:34  warning  'timestamp' is defined but never used            @typescript-eslint/no-unused-vars
  15:45  warning  'boolean' is defined but never used              @typescript-eslint/no-unused-vars
  16:10  warning  'AuditLogService' is defined but never used      @typescript-eslint/no-unused-vars
  21:6   warning  'NodePgDatabase' is defined but never used       @typescript-eslint/no-unused-vars
  21:21  warning  'TSchema' is defined but never used              @typescript-eslint/no-unused-vars
  22:35  warning  Unexpected any. Specify a different type         @typescript-eslint/no-explicit-any
  22:53  warning  Unexpected any. Specify a different type         @typescript-eslint/no-explicit-any

C:\Projects\PaySurity\apps\api\src\modules\delivery\delivery.spec.ts
  17:7   warning  'orders' is assigned a value but never used           @typescript-eslint/no-unused-vars
  17:22  warning  Unexpected any. Specify a different type              @typescript-eslint/no-explicit-any
  18:7   warning  'deliveryDrivers' is assigned a value but never used  @typescript-eslint/no-unused-vars
  18:31  warning  Unexpected any. Specify a different type              @typescript-eslint/no-explicit-any
  19:10  warning  'DatabaseModule' is defined but never used            @typescript-eslint/no-unused-vars
  21:10  warning  'and' is defined but never used                       @typescript-eslint/no-unused-vars
  21:15  warning  'eq' is defined but never used                        @typescript-eslint/no-unused-vars
  46:28  warning  Unexpected any. Specify a different type              @typescript-eslint/no-explicit-any
  47:7   warning  'dbConnection' is assigned a value but never used     @typescript-eslint/no-unused-vars
  47:21  warning  Unexpected any. Specify a different type              @typescript-eslint/no-explicit-any
  48:7   warning  'auditLogService' is assigned a value but never used  @typescript-eslint/no-unused-vars

C:\Projects\PaySurity\apps\api\src\modules\disputes\disputes.controller.ts
   1:57  warning  'Put' is defined but never used           @typescript-eslint/no-unused-vars
  26:57  warning  'resolution' is defined but never used    @typescript-eslint/no-unused-vars
  26:69  warning  Unexpected any. Specify a different type  @typescript-eslint/no-explicit-any

C:\Projects\PaySurity\apps\api\src\modules\disputes\disputes.service.ts
  16:10  warning  'DatabaseModule' is defined but never used          @typescript-eslint/no-unused-vars
  19:37  warning  'sql' is defined but never used                     @typescript-eslint/no-unused-vars
  20:78  warning  'UpdateDisputeStatusDto' is defined but never used  @typescript-eslint/no-unused-vars
  25:50  warning  Unexpected any. Specify a different type            @typescript-eslint/no-explicit-any

C:\Projects\PaySurity\apps\api\src\modules\disputes\dto\dispute.dto.ts
   69:29  warning  Unexpected any. Specify a different type  @typescript-eslint/no-explicit-any
  100:29  warning  Unexpected any. Specify a different type  @typescript-eslint/no-explicit-any

C:\Projects\PaySurity\apps\api\src\modules\drizzle\db.ts
   1:10  warning  'Inject' is defined but never used    @typescript-eslint/no-unused-vars
   2:3   warning  'Optional' is defined but never used  @typescript-eslint/no-unused-vars
  39:7   warning  Unexpected console statement          no-console
  41:7   warning  Unexpected console statement          no-console

C:\Projects\PaySurity\apps\api\src\modules\drizzle\drizzle.client.ts
   4:3   warning  'Param' is defined but never used         @typescript-eslint/no-unused-vars
  24:47  warning  Unexpected any. Specify a different type  @typescript-eslint/no-explicit-any
  61:15  warning  'context' is defined but never used       @typescript-eslint/no-unused-vars
  71:29  warning  Unexpected any. Specify a different type  @typescript-eslint/no-explicit-any
  77:27  warning  Unexpected any. Specify a different type  @typescript-eslint/no-explicit-any

C:\Projects\PaySurity\apps\api\src\modules\drizzle\drizzle.decorator.ts
  1:32  warning  'ExecutionContext' is defined but never used  @typescript-eslint/no-unused-vars
  2:52  warning  '_d' is defined but never used                @typescript-eslint/no-unused-vars
  2:56  warning  '_ctx' is defined but never used              @typescript-eslint/no-unused-vars

C:\Projects\PaySurity\apps\api\src\modules\dto\generate-tax-document.dto.ts
  1:10  warning  'Optional' is defined but never used  @typescript-eslint/no-unused-vars

C:\Projects\PaySurity\apps\api\src\modules\dto\log-aggregation.dto.ts
  101:29  warning  Unexpected any. Specify a different type  @typescript-eslint/no-explicit-any

C:\Projects\PaySurity\apps\api\src\modules\dto\qr-code-table-pay.dto.ts
  39:29  warning  Unexpected any. Specify a different type  @typescript-eslint/no-explicit-any
  64:29  warning  Unexpected any. Specify a different type  @typescript-eslint/no-explicit-any

C:\Projects\PaySurity\apps\api\src\modules\ecom\cart.service.ts
    1:10  warning  'Injectable' is defined but never used           @typescript-eslint/no-unused-vars
    1:22  warning  'Inject' is defined but never used               @typescript-eslint/no-unused-vars
    1:30  warning  'NotFoundException' is defined but never used    @typescript-eslint/no-unused-vars
    1:49  warning  'BadRequestException' is defined but never used  @typescript-eslint/no-unused-vars
    2:10  warning  'NodePgDatabase' is defined but never used       @typescript-eslint/no-unused-vars
    9:15  warning  'sql' is defined but never used                  @typescript-eslint/no-unused-vars
    9:20  warning  Unexpected any. Specify a different type         @typescript-eslint/no-explicit-any
   35:7   warning  'PriceEngineService' is defined but never used   @typescript-eslint/no-unused-vars
   90:7   warning  'TaxService' is defined but never used           @typescript-eslint/no-unused-vars
   95:5   warning  'shippingAddress' is defined but never used      @typescript-eslint/no-unused-vars
   95:23  warning  Unexpected any. Specify a different type         @typescript-eslint/no-explicit-any
  108:7   warning  'AuditLogService' is defined but never used      @typescript-eslint/no-unused-vars
  109:16  warning  'tenantId' is defined but never used             @typescript-eslint/no-unused-vars
  109:34  warning  'logEntry' is defined but never used             @typescript-eslint/no-unused-vars
  109:88  warning  Unexpected any. Specify a different type         @typescript-eslint/no-explicit-any

C:\Projects\PaySurity\apps\api\src\modules\ecom\checkout.controller.ts
  64:61  warning  Unexpected any. Specify a different type  @typescript-eslint/no-explicit-any

C:\Projects\PaySurity\apps\api\src\modules\ecom\checkout.service.ts
   1:10  warning  'Injectable' is defined but never used      @typescript-eslint/no-unused-vars
   1:22  warning  'Inject' is defined but never used          @typescript-eslint/no-unused-vars
   1:30  warning  'Logger' is defined but never used          @typescript-eslint/no-unused-vars
   7:15  warning  'sql' is defined but never used             @typescript-eslint/no-unused-vars
   7:20  warning  Unexpected any. Specify a different type    @typescript-eslint/no-explicit-any
  12:6   warning  'NodePgDatabase' is defined but never used  @typescript-eslint/no-unused-vars
  12:21  warning  'TSchema' is defined but never used         @typescript-eslint/no-unused-vars
  12:88  warning  Unexpected any. Specify a different type    @typescript-eslint/no-explicit-any

C:\Projects\PaySurity\apps\api\src\modules\ecom\orders.service.ts
  2:10  warning  'Injectable' is defined but never used           @typescript-eslint/no-unused-vars
  2:22  warning  'Inject' is defined but never used               @typescript-eslint/no-unused-vars
  2:30  warning  'NotFoundException' is defined but never used    @typescript-eslint/no-unused-vars
  2:49  warning  'BadRequestException' is defined but never used  @typescript-eslint/no-unused-vars
  2:70  warning  'Logger' is defined but never used               @typescript-eslint/no-unused-vars
  3:10  warning  'NodePgDatabase' is defined but never used       @typescript-eslint/no-unused-vars
  4:10  warning  'sql' is defined but never used                  @typescript-eslint/no-unused-vars
  5:10  warning  'pgTable' is defined but never used              @typescript-eslint/no-unused-vars
  5:19  warning  'uuid' is defined but never used                 @typescript-eslint/no-unused-vars
  5:25  warning  'timestamp' is defined but never used            @typescript-eslint/no-unused-vars
  5:36  warning  'varchar' is defined but never used              @typescript-eslint/no-unused-vars
  5:45  warning  'numeric' is defined but never used              @typescript-eslint/no-unused-vars
  5:54  warning  'jsonb' is defined but never used                @typescript-eslint/no-unused-vars
  5:61  warning  'serial' is defined but never used               @typescript-eslint/no-unused-vars
  5:69  warning  'text' is defined but never used                 @typescript-eslint/no-unused-vars
  6:10  warning  'AuditLogService' is defined but never used      @typescript-eslint/no-unused-vars

C:\Projects\PaySurity\apps\api\src\modules\ecom\product.controller.ts
   2:3   warning  'IsString' is defined but never used                      @typescript-eslint/no-unused-vars
   3:3   warning  'IsUUID' is defined but never used                        @typescript-eslint/no-unused-vars
   4:3   warning  'IsNumber' is defined but never used                      @typescript-eslint/no-unused-vars
   5:3   warning  'IsOptional' is defined but never used                    @typescript-eslint/no-unused-vars
   6:3   warning  'IsArray' is defined but never used                       @typescript-eslint/no-unused-vars
   7:3   warning  'ValidateNested' is defined but never used                @typescript-eslint/no-unused-vars
   8:3   warning  'Min' is defined but never used                           @typescript-eslint/no-unused-vars
   9:3   warning  'IsEnum' is defined but never used                        @typescript-eslint/no-unused-vars
  10:3   warning  'IsObject' is defined but never used                      @typescript-eslint/no-unused-vars
  11:3   warning  'IsDefined' is defined but never used                     @typescript-eslint/no-unused-vars
  13:10  warning  'Type' is defined but never used                          @typescript-eslint/no-unused-vars
  15:3   warning  'Controller' is defined but never used                    @typescript-eslint/no-unused-vars
  16:3   warning  'Get' is defined but never used                           @typescript-eslint/no-unused-vars
  17:3   warning  'Post' is defined but never used                          @typescript-eslint/no-unused-vars
  18:3   warning  'Patch' is defined but never used                         @typescript-eslint/no-unused-vars
  19:3   warning  'Delete' is defined but never used                        @typescript-eslint/no-unused-vars
  20:3   warning  'Param' is defined but never used                         @typescript-eslint/no-unused-vars
  21:3   warning  'Body' is defined but never used                          @typescript-eslint/no-unused-vars
  22:3   warning  'Query' is defined but never used                         @typescript-eslint/no-unused-vars
  23:3   warning  'Req' is defined but never used                           @typescript-eslint/no-unused-vars
  24:3   warning  'HttpCode' is defined but never used                      @typescript-eslint/no-unused-vars
  25:3   warning  'NotFoundException' is defined but never used             @typescript-eslint/no-unused-vars
  26:3   warning  'BadRequestException' is defined but never used           @typescript-eslint/no-unused-vars
  27:3   warning  'ConflictException' is defined but never used             @typescript-eslint/no-unused-vars
  28:3   warning  'InternalServerErrorException' is defined but never used  @typescript-eslint/no-unused-vars
  29:3   warning  'Inject' is defined but never used                        @typescript-eslint/no-unused-vars
  31:10  warning  'ApiTags' is defined but never used                       @typescript-eslint/no-unused-vars
  31:19  warning  'ApiOperation' is defined but never used                  @typescript-eslint/no-unused-vars
  31:33  warning  'ApiResponse' is defined but never used                   @typescript-eslint/no-unused-vars
  31:46  warning  'ApiBearerAuth' is defined but never used                 @typescript-eslint/no-unused-vars
  31:61  warning  'ApiQuery' is defined but never used                      @typescript-eslint/no-unused-vars
  32:10  warning  'NodePgDatabase' is defined but never used                @typescript-eslint/no-unused-vars
  33:10  warning  'sql' is defined but never used                           @typescript-eslint/no-unused-vars

C:\Projects\PaySurity\apps\api\src\modules\ecom\product.service.ts
    3:3    warning  'Delete' is defined but never used        @typescript-eslint/no-unused-vars
   70:61   warning  Unexpected any. Specify a different type  @typescript-eslint/no-explicit-any
   92:89   warning  Unexpected any. Specify a different type  @typescript-eslint/no-explicit-any
  141:71   warning  Unexpected any. Specify a different type  @typescript-eslint/no-explicit-any
  180:76   warning  Unexpected any. Specify a different type  @typescript-eslint/no-explicit-any
  203:108  warning  Unexpected any. Specify a different type  @typescript-eslint/no-explicit-any
  205:19   warning  Unexpected any. Specify a different type  @typescript-eslint/no-explicit-any
  287:119  warning  Unexpected any. Specify a different type  @typescript-eslint/no-explicit-any
  323:122  warning  Unexpected any. Specify a different type  @typescript-eslint/no-explicit-any
  325:19   warning  Unexpected any. Specify a different type  @typescript-eslint/no-explicit-any
  449:74   warning  Unexpected any. Specify a different type  @typescript-eslint/no-explicit-any
  474:75   warning  Unexpected any. Specify a different type  @typescript-eslint/no-explicit-any

C:\Projects\PaySurity\apps\api\src\modules\ecom\shipping.controller.ts
   2:10  warning  'Injectable' is defined but never used    @typescript-eslint/no-unused-vars
   3:3   warning  'Get' is defined but never used           @typescript-eslint/no-unused-vars
  44:61  warning  Unexpected any. Specify a different type  @typescript-eslint/no-explicit-any

C:\Projects\PaySurity\apps\api\src\modules\ecom\shipping.service.ts
  37:61  warning  Unexpected any. Specify a different type  @typescript-eslint/no-explicit-any

C:\Projects\PaySurity\apps\api\src\modules\ecommerce\dto\product-review.dto.ts
  1:10  warning  'Optional' is defined but never used  @typescript-eslint/no-unused-vars

C:\Projects\PaySurity\apps\api\src\modules\ecommerce\ecommerce.controller.ts
  31:3  warning  'Optional' is defined but never used  @typescript-eslint/no-unused-vars

C:\Projects\PaySurity\apps\api\src\modules\ecommerce\ecommerce.edge-cases.spec.ts
   39:22   warning  'args' is defined but never used                       @typescript-eslint/no-unused-vars
   39:28   warning  Unexpected any. Specify a different type               @typescript-eslint/no-explicit-any
   39:36   warning  Unexpected any. Specify a different type               @typescript-eslint/no-explicit-any
   40:19   warning  'args' is defined but never used                       @typescript-eslint/no-unused-vars
   40:25   warning  Unexpected any. Specify a different type               @typescript-eslint/no-explicit-any
   40:33   warning  Unexpected any. Specify a different type               @typescript-eslint/no-explicit-any
   41:17   warning  'args' is defined but never used                       @typescript-eslint/no-unused-vars
   41:23   warning  Unexpected any. Specify a different type               @typescript-eslint/no-explicit-any
   41:31   warning  Unexpected any. Specify a different type               @typescript-eslint/no-explicit-any
   42:21   warning  'args' is defined but never used                       @typescript-eslint/no-unused-vars
   42:27   warning  Unexpected any. Specify a different type               @typescript-eslint/no-explicit-any
   42:35   warning  Unexpected any. Specify a different type               @typescript-eslint/no-explicit-any
   43:18   warning  'args' is defined but never used                       @typescript-eslint/no-unused-vars
   43:24   warning  Unexpected any. Specify a different type               @typescript-eslint/no-explicit-any
   43:32   warning  Unexpected any. Specify a different type               @typescript-eslint/no-explicit-any
   44:19   warning  'args' is defined but never used                       @typescript-eslint/no-unused-vars
   44:25   warning  Unexpected any. Specify a different type               @typescript-eslint/no-explicit-any
   44:33   warning  Unexpected any. Specify a different type               @typescript-eslint/no-explicit-any
   45:19   warning  'args' is defined but never used                       @typescript-eslint/no-unused-vars
   45:25   warning  Unexpected any. Specify a different type               @typescript-eslint/no-explicit-any
   45:33   warning  Unexpected any. Specify a different type               @typescript-eslint/no-explicit-any
   56:16   warning  'args' is defined but never used                       @typescript-eslint/no-unused-vars
   56:22   warning  Unexpected any. Specify a different type               @typescript-eslint/no-explicit-any
   56:30   warning  Unexpected any. Specify a different type               @typescript-eslint/no-explicit-any
   82:7    warning  'MOCK_REVIEW_ID_2' is assigned a value but never used  @typescript-eslint/no-unused-vars
  167:28   warning  Unexpected any. Specify a different type               @typescript-eslint/no-explicit-any
  174:33   warning  Unexpected any. Specify a different type               @typescript-eslint/no-explicit-any
  184:25   warning  Unexpected any. Specify a different type               @typescript-eslint/no-explicit-any
  191:30   warning  Unexpected any. Specify a different type               @typescript-eslint/no-explicit-any
  201:25   warning  Unexpected any. Specify a different type               @typescript-eslint/no-explicit-any
  208:30   warning  Unexpected any. Specify a different type               @typescript-eslint/no-explicit-any
  221:26   warning  Unexpected any. Specify a different type               @typescript-eslint/no-explicit-any
  235:83   warning  Unexpected any. Specify a different type               @typescript-eslint/no-explicit-any
  238:88   warning  Unexpected any. Specify a different type               @typescript-eslint/no-explicit-any
  247:127  warning  Unexpected any. Specify a different type               @typescript-eslint/no-explicit-any
  256:111  warning  Unexpected any. Specify a different type               @typescript-eslint/no-explicit-any
  271:101  warning  Unexpected any. Specify a different type               @typescript-eslint/no-explicit-any
  274:106  warning  Unexpected any. Specify a different type               @typescript-eslint/no-explicit-any
  279:98   warning  Unexpected any. Specify a different type               @typescript-eslint/no-explicit-any
  282:103  warning  Unexpected any. Specify a different type               @typescript-eslint/no-explicit-any
  419:11   warning  'USER_B_CONTEXT' is assigned a value but never used    @typescript-eslint/no-unused-vars
  443:76   warning  Unexpected any. Specify a different type               @typescript-eslint/no-explicit-any
  526:49   warning  '_' is defined but never used                          @typescript-eslint/no-unused-vars
  526:52   warning  'i' is defined but never used                          @typescript-eslint/no-unused-vars
  528:21   warning  Unexpected any. Specify a different type               @typescript-eslint/no-explicit-any
  741:84   warning  Unexpected any. Specify a different type               @typescript-eslint/no-explicit-any
  747:79   warning  Unexpected any. Specify a different type               @typescript-eslint/no-explicit-any

C:\Projects\PaySurity\apps\api\src\modules\ecommerce\ecommerce.service.ts
  15:10   warning  'Injectable' is defined but never used                        @typescript-eslint/no-unused-vars
  15:22   warning  'Logger' is defined but never used                            @typescript-eslint/no-unused-vars
  15:30   warning  'ConflictException' is defined but never used                 @typescript-eslint/no-unused-vars
  15:49   warning  'InternalServerErrorException' is defined but never used      @typescript-eslint/no-unused-vars
  15:79   warning  'NotFoundException' is defined but never used                 @typescript-eslint/no-unused-vars
  15:98   warning  'BadRequestException' is defined but never used               @typescript-eslint/no-unused-vars
  15:119  warning  'Inject' is defined but never used                            @typescript-eslint/no-unused-vars
  16:10   warning  'InventorySyncRequestDto' is defined but never used           @typescript-eslint/no-unused-vars
  16:35   warning  'InventorySyncResponseDto' is defined but never used          @typescript-eslint/no-unused-vars
  16:61   warning  'InventoryItemUpdateDto' is defined but never used            @typescript-eslint/no-unused-vars
  16:85   warning  'InventorySyncStatus' is defined but never used               @typescript-eslint/no-unused-vars
  16:106  warning  'InventorySyncResultItemDto' is defined but never used        @typescript-eslint/no-unused-vars
  17:10   warning  'NodePgDatabase' is defined but never used                    @typescript-eslint/no-unused-vars
  18:10   warning  'RequestContextService' is defined but never used             @typescript-eslint/no-unused-vars
  19:10   warning  'AuditLogService' is defined but never used                   @typescript-eslint/no-unused-vars
  21:10   warning  'pgTable' is defined but never used                           @typescript-eslint/no-unused-vars
  21:19   warning  'uuid' is defined but never used                              @typescript-eslint/no-unused-vars
  21:25   warning  'timestamp' is defined but never used                         @typescript-eslint/no-unused-vars
  21:36   warning  'integer' is defined but never used                           @typescript-eslint/no-unused-vars
  21:45   warning  'varchar' is defined but never used                           @typescript-eslint/no-unused-vars
  21:62   warning  'text' is defined but never used                              @typescript-eslint/no-unused-vars
  21:68   warning  'boolean' is defined but never used                           @typescript-eslint/no-unused-vars
  21:77   warning  'decimal' is defined but never used                           @typescript-eslint/no-unused-vars
  21:86   warning  'primaryKey' is defined but never used                        @typescript-eslint/no-unused-vars
  22:10   warning  'eq' is defined but never used                                @typescript-eslint/no-unused-vars
  22:14   warning  'sql' is defined but never used                               @typescript-eslint/no-unused-vars
  22:19   warning  'and' is defined but never used                               @typescript-eslint/no-unused-vars
  22:24   warning  'or' is defined but never used                                @typescript-eslint/no-unused-vars
  22:28   warning  'inArray' is defined but never used                           @typescript-eslint/no-unused-vars
  23:10   warning  'InferInsertModel' is defined but never used                  @typescript-eslint/no-unused-vars
  23:28   warning  'InferSelectModel' is defined but never used                  @typescript-eslint/no-unused-vars
  27:7    warning  'inventorySyncStatusEnum' is assigned a value but never used  @typescript-eslint/no-unused-vars
  28:7    warning  'orderStatusEnum' is assigned a value but never used          @typescript-eslint/no-unused-vars

C:\Projects\PaySurity\apps\api\src\modules\ecommerce\ecommerce.spec.ts
   34:69  warning  Unexpected any. Specify a different type  @typescript-eslint/no-explicit-any
   40:72  warning  Unexpected any. Specify a different type  @typescript-eslint/no-explicit-any
   50:67  warning  Unexpected any. Specify a different type  @typescript-eslint/no-explicit-any
  122:19  warning  Unexpected any. Specify a different type  @typescript-eslint/no-explicit-any
  122:29  warning  Unexpected any. Specify a different type  @typescript-eslint/no-explicit-any
  122:40  warning  Unexpected any. Specify a different type  @typescript-eslint/no-explicit-any

C:\Projects\PaySurity\apps\api\src\modules\ecommerce\product-reviews.service.ts
  33:62  warning  Unexpected any. Specify a different type  @typescript-eslint/no-explicit-any

C:\Projects\PaySurity\apps\api\src\modules\ecommerce\product-reviews\product-reviews.controller.ts
  2:61  warning  'UseGuards' is defined but never used  @typescript-eslint/no-unused-vars

C:\Projects\PaySurity\apps\api\src\modules\ecommerce\product-reviews\product-reviews.service.ts
  20:62  warning  Unexpected any. Specify a different type  @typescript-eslint/no-explicit-any

C:\Projects\PaySurity\apps\api\src\modules\employees\clock.service.ts
  17:61  warning  Unexpected any. Specify a different type  @typescript-eslint/no-explicit-any
  30:43  warning  Unexpected any. Specify a different type  @typescript-eslint/no-explicit-any
  45:43  warning  Unexpected any. Specify a different type  @typescript-eslint/no-explicit-any
  52:37  warning  Unexpected any. Specify a different type  @typescript-eslint/no-explicit-any

C:\Projects\PaySurity\apps\api\src\modules\employees\dto\employee-schedule.dto.ts
  2:10  warning  'Optional' is defined but never used  @typescript-eslint/no-unused-vars

C:\Projects\PaySurity\apps\api\src\modules\employees\employee-schedules.controller.ts
  2:59  warning  'UseGuards' is defined but never used  @typescript-eslint/no-unused-vars

C:\Projects\PaySurity\apps\api\src\modules\employees\employee-schedules.service.ts
   34:52  warning  Unexpected any. Specify a different type  @typescript-eslint/no-explicit-any
   39:64  warning  Unexpected any. Specify a different type  @typescript-eslint/no-explicit-any
   54:19  warning  Unexpected any. Specify a different type  @typescript-eslint/no-explicit-any
   60:49  warning  Unexpected any. Specify a different type  @typescript-eslint/no-explicit-any
   62:23  warning  Unexpected any. Specify a different type  @typescript-eslint/no-explicit-any
   76:37  warning  Unexpected any. Specify a different type  @typescript-eslint/no-explicit-any
   91:84  warning  Unexpected any. Specify a different type  @typescript-eslint/no-explicit-any
  142:18  warning  Unexpected any. Specify a different type  @typescript-eslint/no-explicit-any

C:\Projects\PaySurity\apps\api\src\modules\employees\employees.dto.ts
  14:10  warning  'Optional' is defined but never used  @typescript-eslint/no-unused-vars

C:\Projects\PaySurity\apps\api\src\modules\employees\employees.edge-cases.spec.ts
   65:29  warning  Unexpected any. Specify a different type                  @typescript-eslint/no-explicit-any
  257:7   warning  'EMPLOYEE_ID_BETA' is assigned a value but never used     @typescript-eslint/no-unused-vars
  262:7   warning  'SCHEDULE_ID_OVERLAP' is assigned a value but never used  @typescript-eslint/no-unused-vars
  320:57  warning  Unexpected any. Specify a different type                  @typescript-eslint/no-explicit-any
  324:82  warning  Unexpected any. Specify a different type                  @typescript-eslint/no-explicit-any
  329:73  warning  Unexpected any. Specify a different type                  @typescript-eslint/no-explicit-any
  334:85  warning  Unexpected any. Specify a different type                  @typescript-eslint/no-explicit-any
  339:83  warning  Unexpected any. Specify a different type                  @typescript-eslint/no-explicit-any
  343:62  warning  Unexpected any. Specify a different type                  @typescript-eslint/no-explicit-any

C:\Projects\PaySurity\apps\api\src\modules\employees\employees.service.ts
   17:10  warning  'eq' is defined but never used                              @typescript-eslint/no-unused-vars
   17:14  warning  'and' is defined but never used                             @typescript-eslint/no-unused-vars
   17:19  warning  'gte' is defined but never used                             @typescript-eslint/no-unused-vars
   17:24  warning  'lte' is defined but never used                             @typescript-eslint/no-unused-vars
   25:37  warning  'UpdateEmployeeScheduleDto' is defined but never used       @typescript-eslint/no-unused-vars
   25:64  warning  'EmployeeScheduleQueryParamsDto' is defined but never used  @typescript-eslint/no-unused-vars
   26:10  warning  'employeeSchedules' is defined but never used               @typescript-eslint/no-unused-vars
   26:29  warning  'employees' is defined but never used                       @typescript-eslint/no-unused-vars
   61:61  warning  Unexpected any. Specify a different type                    @typescript-eslint/no-explicit-any
   75:57  warning  Unexpected any. Specify a different type                    @typescript-eslint/no-explicit-any
   75:78  warning  Unexpected any. Specify a different type                    @typescript-eslint/no-explicit-any
   77:40  warning  Unexpected any. Specify a different type                    @typescript-eslint/no-explicit-any
   80:7   warning  Unexpected console statement                                no-console
  392:35  warning  Unexpected any. Specify a different type                    @typescript-eslint/no-explicit-any

C:\Projects\PaySurity\apps\api\src\modules\employees\employees.spec.ts
  15:55  warning  'employees' is defined but never used                 @typescript-eslint/no-unused-vars
  19:16  warning  'uuidv4' is defined but never used                    @typescript-eslint/no-unused-vars
  68:28  warning  Unexpected any. Specify a different type              @typescript-eslint/no-explicit-any
  69:21  warning  Unexpected any. Specify a different type              @typescript-eslint/no-explicit-any
  71:7   warning  'auditLogService' is assigned a value but never used  @typescript-eslint/no-unused-vars
  71:36  warning  Unexpected any. Specify a different type              @typescript-eslint/no-explicit-any

C:\Projects\PaySurity\apps\api\src\modules\erp\erp-journal-balance.spec.ts
   28:7   warning  'ACCT_INVENTORY' is assigned a value but never used  @typescript-eslint/no-unused-vars
   29:7   warning  'ACCT_REVENUE' is assigned a value but never used    @typescript-eslint/no-unused-vars
   30:7   warning  'ACCT_COGS' is assigned a value but never used       @typescript-eslint/no-unused-vars
   52:38  warning  Unexpected any. Specify a different type             @typescript-eslint/no-explicit-any
   53:26  warning  Unexpected any. Specify a different type             @typescript-eslint/no-explicit-any
   54:26  warning  Unexpected any. Specify a different type             @typescript-eslint/no-explicit-any
   55:27  warning  Unexpected any. Specify a different type             @typescript-eslint/no-explicit-any
   78:50  warning  'projection' is defined but never used               @typescript-eslint/no-unused-vars
   78:62  warning  Unexpected any. Specify a different type             @typescript-eslint/no-explicit-any
   87:52  warning  Unexpected any. Specify a different type             @typescript-eslint/no-explicit-any
   89:47  warning  Unexpected any. Specify a different type             @typescript-eslint/no-explicit-any
  114:58  warning  Unexpected any. Specify a different type             @typescript-eslint/no-explicit-any
  139:47  warning  Unexpected any. Specify a different type             @typescript-eslint/no-explicit-any
  192:53  warning  Unexpected any. Specify a different type             @typescript-eslint/no-explicit-any
  194:54  warning  Unexpected any. Specify a different type             @typescript-eslint/no-explicit-any

C:\Projects\PaySurity\apps\api\src\modules\erp\erp.controller.ts
   8:29  warning  Unexpected any. Specify a different type  @typescript-eslint/no-explicit-any
  25:39  warning  Unexpected any. Specify a different type  @typescript-eslint/no-explicit-any
  32:41  warning  Unexpected any. Specify a different type  @typescript-eslint/no-explicit-any
  32:60  warning  Unexpected any. Specify a different type  @typescript-eslint/no-explicit-any
  40:42  warning  Unexpected any. Specify a different type  @typescript-eslint/no-explicit-any
  46:41  warning  Unexpected any. Specify a different type  @typescript-eslint/no-explicit-any
  52:42  warning  Unexpected any. Specify a different type  @typescript-eslint/no-explicit-any
  52:61  warning  Unexpected any. Specify a different type  @typescript-eslint/no-explicit-any
  62:37  warning  Unexpected any. Specify a different type  @typescript-eslint/no-explicit-any
  69:39  warning  Unexpected any. Specify a different type  @typescript-eslint/no-explicit-any
  69:58  warning  Unexpected any. Specify a different type  @typescript-eslint/no-explicit-any
  77:37  warning  Unexpected any. Specify a different type  @typescript-eslint/no-explicit-any
  83:41  warning  Unexpected any. Specify a different type  @typescript-eslint/no-explicit-any
  89:41  warning  Unexpected any. Specify a different type  @typescript-eslint/no-explicit-any
  98:42  warning  Unexpected any. Specify a different type  @typescript-eslint/no-explicit-any
  98:61  warning  Unexpected any. Specify a different type  @typescript-eslint/no-explicit-any

C:\Projects\PaySurity\apps\api\src\modules\erp\erp.service.ts
    1:30   warning  'NotFoundException' is defined but never used  @typescript-eslint/no-unused-vars
    9:61   warning  Unexpected any. Specify a different type       @typescript-eslint/no-explicit-any
   27:10   warning  Unexpected any. Specify a different type       @typescript-eslint/no-explicit-any
   49:12   warning  Unexpected any. Specify a different type       @typescript-eslint/no-explicit-any
   57:107  warning  Unexpected any. Specify a different type       @typescript-eslint/no-explicit-any
   67:105  warning  Unexpected any. Specify a different type       @typescript-eslint/no-explicit-any
   72:14   warning  Unexpected any. Specify a different type       @typescript-eslint/no-explicit-any
   87:10   warning  Unexpected any. Specify a different type       @typescript-eslint/no-explicit-any
  106:57   warning  Unexpected any. Specify a different type       @typescript-eslint/no-explicit-any
  125:45   warning  Unexpected any. Specify a different type       @typescript-eslint/no-explicit-any
  139:10   warning  Unexpected any. Specify a different type       @typescript-eslint/no-explicit-any
  143:136  warning  Unexpected any. Specify a different type       @typescript-eslint/no-explicit-any
  144:136  warning  Unexpected any. Specify a different type       @typescript-eslint/no-explicit-any
  145:111  warning  Unexpected any. Specify a different type       @typescript-eslint/no-explicit-any
  146:137  warning  Unexpected any. Specify a different type       @typescript-eslint/no-explicit-any

C:\Projects\PaySurity\apps\api\src\modules\erp\landed-costs.service.ts
  17:61  warning  Unexpected any. Specify a different type  @typescript-eslint/no-explicit-any
  32:39  warning  Unexpected any. Specify a different type  @typescript-eslint/no-explicit-any
  43:25  warning  Unexpected any. Specify a different type  @typescript-eslint/no-explicit-any
  46:25  warning  Unexpected any. Specify a different type  @typescript-eslint/no-explicit-any
  53:25  warning  Unexpected any. Specify a different type  @typescript-eslint/no-explicit-any
  70:25  warning  Unexpected any. Specify a different type  @typescript-eslint/no-explicit-any
  74:25  warning  Unexpected any. Specify a different type  @typescript-eslint/no-explicit-any

C:\Projects\PaySurity\apps\api\src\modules\erp\schema.ts
  2:10  warning  'relations' is defined but never used  @typescript-eslint/no-unused-vars

C:\Projects\PaySurity\apps\api\src\modules\feature-flag\feature-flag.controller.ts
   2:52  warning  'Query' is defined but never used         @typescript-eslint/no-unused-vars
   3:25  warning  'UseGuards' is defined but never used     @typescript-eslint/no-unused-vars
  17:33  warning  Unexpected any. Specify a different type  @typescript-eslint/no-explicit-any
  24:58  warning  Unexpected any. Specify a different type  @typescript-eslint/no-explicit-any
  32:30  warning  Unexpected any. Specify a different type  @typescript-eslint/no-explicit-any
  32:51  warning  Unexpected any. Specify a different type  @typescript-eslint/no-explicit-any
  39:55  warning  Unexpected any. Specify a different type  @typescript-eslint/no-explicit-any
  39:76  warning  Unexpected any. Specify a different type  @typescript-eslint/no-explicit-any
  47:57  warning  Unexpected any. Specify a different type  @typescript-eslint/no-explicit-any

C:\Projects\PaySurity\apps\api\src\modules\feature-flag\feature-flag.service.ts
   6:23  warning  Unexpected any. Specify a different type  @typescript-eslint/no-explicit-any
  17:58  warning  Unexpected any. Specify a different type  @typescript-eslint/no-explicit-any
  20:44  warning  Unexpected any. Specify a different type  @typescript-eslint/no-explicit-any
  32:38  warning  Unexpected any. Specify a different type  @typescript-eslint/no-explicit-any
  43:57  warning  Unexpected any. Specify a different type  @typescript-eslint/no-explicit-any
  57:55  warning  Unexpected any. Specify a different type  @typescript-eslint/no-explicit-any
  57:70  warning  Unexpected any. Specify a different type  @typescript-eslint/no-explicit-any
  72:67  warning  Unexpected any. Specify a different type  @typescript-eslint/no-explicit-any
  72:82  warning  Unexpected any. Specify a different type  @typescript-eslint/no-explicit-any

C:\Projects\PaySurity\apps\api\src\modules\gift-cards\dto\gift-card.dto.ts
    1:10  warning  'Optional' is defined but never used      @typescript-eslint/no-unused-vars
   16:10  warning  'Type' is defined but never used          @typescript-eslint/no-unused-vars
   96:29  warning  Unexpected any. Specify a different type  @typescript-eslint/no-explicit-any
  193:29  warning  Unexpected any. Specify a different type  @typescript-eslint/no-explicit-any

C:\Projects\PaySurity\apps\api\src\modules\gift-cards\gift-cards.controller.ts
  112:85  warning  'activateDto' is defined but never used  @typescript-eslint/no-unused-vars

C:\Projects\PaySurity\apps\api\src\modules\gift-cards\gift-cards.edge-cases.spec.ts
   82:26   warning  'tenantId' is defined but never used      @typescript-eslint/no-unused-vars
   82:46   warning  'input' is defined but never used         @typescript-eslint/no-unused-vars
   83:30   warning  'tenantId' is defined but never used      @typescript-eslint/no-unused-vars
   83:50   warning  'cardId' is defined but never used        @typescript-eslint/no-unused-vars
   84:42   warning  'tenantId' is defined but never used      @typescript-eslint/no-unused-vars
   84:62   warning  'cardNumber' is defined but never used    @typescript-eslint/no-unused-vars
   85:26   warning  'tenantId' is defined but never used      @typescript-eslint/no-unused-vars
   85:46   warning  'cardId' is defined but never used        @typescript-eslint/no-unused-vars
   85:66   warning  'amount' is defined but never used        @typescript-eslint/no-unused-vars
   85:82   warning  'userId' is defined but never used        @typescript-eslint/no-unused-vars
   86:26   warning  'tenantId' is defined but never used      @typescript-eslint/no-unused-vars
   86:46   warning  'cardId' is defined but never used        @typescript-eslint/no-unused-vars
   86:66   warning  'updates' is defined but never used       @typescript-eslint/no-unused-vars
   87:26   warning  'tenantId' is defined but never used      @typescript-eslint/no-unused-vars
   87:46   warning  'cardId' is defined but never used        @typescript-eslint/no-unused-vars
   88:31   warning  'tenantId' is defined but never used      @typescript-eslint/no-unused-vars
   88:51   warning  'count' is defined but never used         @typescript-eslint/no-unused-vars
   88:66   warning  'input' is defined but never used         @typescript-eslint/no-unused-vars
   92:25   warning  'userId' is defined but never used        @typescript-eslint/no-unused-vars
   92:41   warning  'permission' is defined but never used    @typescript-eslint/no-unused-vars
   92:61   warning  'tenantId' is defined but never used      @typescript-eslint/no-unused-vars
  164:100  warning  'userId' is defined but never used        @typescript-eslint/no-unused-vars
  217:33   warning  Unexpected any. Specify a different type  @typescript-eslint/no-explicit-any
  230:40   warning  Unexpected any. Specify a different type  @typescript-eslint/no-explicit-any
  242:80   warning  Unexpected any. Specify a different type  @typescript-eslint/no-explicit-any
  249:89   warning  Unexpected any. Specify a different type  @typescript-eslint/no-explicit-any
  257:76   warning  Unexpected any. Specify a different type  @typescript-eslint/no-explicit-any
  263:76   warning  Unexpected any. Specify a different type  @typescript-eslint/no-explicit-any
  320:104  warning  'userId' is defined but never used        @typescript-eslint/no-unused-vars
  398:96   warning  'userId' is defined but never used        @typescript-eslint/no-unused-vars
  472:104  warning  'userId' is defined but never used        @typescript-eslint/no-unused-vars
  623:35   warning  Unexpected any. Specify a different type  @typescript-eslint/no-explicit-any

C:\Projects\PaySurity\apps\api\src\modules\gift-cards\gift-cards.service.ts
   23:3   warning  'ActivateGiftCardDto' is defined but never used  @typescript-eslint/no-unused-vars
  445:11  warning  'result' is assigned a value but never used      @typescript-eslint/no-unused-vars

C:\Projects\PaySurity\apps\api\src\modules\gift-cards\gift-cards.spec.ts
   15:28  warning  'BadRequestException' is defined but never used    @typescript-eslint/no-unused-vars
   15:49  warning  'NotFoundException' is defined but never used      @typescript-eslint/no-unused-vars
   15:68  warning  'ConflictException' is defined but never used      @typescript-eslint/no-unused-vars
   17:10  warning  'GiftCardsModule' is defined but never used        @typescript-eslint/no-unused-vars
   23:10  warning  'eq' is defined but never used                     @typescript-eslint/no-unused-vars
   23:14  warning  'and' is defined but never used                    @typescript-eslint/no-unused-vars
  118:20  warning  'table' is defined but never used                  @typescript-eslint/no-unused-vars
  136:28  warning  Unexpected any. Specify a different type           @typescript-eslint/no-explicit-any
  139:9   warning  'testUserId' is assigned a value but never used    @typescript-eslint/no-unused-vars
  218:13  warning  'existingCard' is assigned a value but never used  @typescript-eslint/no-unused-vars
  305:46  warning  Unexpected console statement                       no-console
  404:46  warning  Unexpected console statement                       no-console
  474:46  warning  Unexpected console statement                       no-console

C:\Projects\PaySurity\apps\api\src\modules\grocery\grocery.controller.ts
   9:33  warning  Unexpected any. Specify a different type  @typescript-eslint/no-explicit-any
  15:33  warning  Unexpected any. Specify a different type  @typescript-eslint/no-explicit-any
  15:55  warning  Unexpected any. Specify a different type  @typescript-eslint/no-explicit-any

C:\Projects\PaySurity\apps\api\src\modules\grocery\grocery.service.ts
   11:61  warning  Unexpected any. Specify a different type  @typescript-eslint/no-explicit-any
   37:41  warning  Unexpected any. Specify a different type  @typescript-eslint/no-explicit-any
   55:64  warning  Unexpected any. Specify a different type  @typescript-eslint/no-explicit-any
   57:56  warning  Unexpected any. Specify a different type  @typescript-eslint/no-explicit-any
  103:67  warning  Unexpected any. Specify a different type  @typescript-eslint/no-explicit-any

C:\Projects\PaySurity\apps\api\src\modules\health\health.service.ts
   2:3   warning  'Query' is defined but never used         @typescript-eslint/no-unused-vars
   8:26  warning  'T' is defined but never used             @typescript-eslint/no-unused-vars
  11:31  warning  Unexpected any. Specify a different type  @typescript-eslint/no-explicit-any
  11:47  warning  Unexpected any. Specify a different type  @typescript-eslint/no-explicit-any
  16:71  warning  Unexpected any. Specify a different type  @typescript-eslint/no-explicit-any
  45:44  warning  Unexpected any. Specify a different type  @typescript-eslint/no-explicit-any
  57:21  warning  Unexpected any. Specify a different type  @typescript-eslint/no-explicit-any
  60:9   warning  Unexpected console statement              no-console
  63:9   warning  Unexpected console statement              no-console

C:\Projects\PaySurity\apps\api\src\modules\inventory\dto\purchase-order.dto.ts
  1:10  warning  'Optional' is defined but never used  @typescript-eslint/no-unused-vars

C:\Projects\PaySurity\apps\api\src\modules\inventory\inventory.controller.ts
   17:3   warning  'Optional' is defined but never used      @typescript-eslint/no-unused-vars
   20:10  warning  'sql' is defined but never used           @typescript-eslint/no-unused-vars
   21:10  warning  'randomUUID' is defined but never used    @typescript-eslint/no-unused-vars
  158:71  warning  Unexpected any. Specify a different type  @typescript-eslint/no-explicit-any
  162:30  warning  Unexpected any. Specify a different type  @typescript-eslint/no-explicit-any

C:\Projects\PaySurity\apps\api\src\modules\inventory\inventory.dto.ts
  15:97   warning  'Length' is defined but never used    @typescript-eslint/no-unused-vars
  15:105  warning  'IsString' is defined but never used  @typescript-eslint/no-unused-vars

C:\Projects\PaySurity\apps\api\src\modules\inventory\inventory.edge-cases.spec.ts
   30:11  warning  'PurchaseOrderItem' is defined but never used  @typescript-eslint/no-unused-vars
   39:11  warning  'User' is defined but never used               @typescript-eslint/no-unused-vars
   60:67  warning  Unexpected any. Specify a different type       @typescript-eslint/no-explicit-any
   60:77  warning  Unexpected any. Specify a different type       @typescript-eslint/no-explicit-any
   60:88  warning  Unexpected any. Specify a different type       @typescript-eslint/no-explicit-any
   75:71  warning  Unexpected any. Specify a different type       @typescript-eslint/no-explicit-any
   75:81  warning  Unexpected any. Specify a different type       @typescript-eslint/no-explicit-any
   75:92  warning  Unexpected any. Specify a different type       @typescript-eslint/no-explicit-any
   83:51  warning  Unexpected any. Specify a different type       @typescript-eslint/no-explicit-any
   83:61  warning  Unexpected any. Specify a different type       @typescript-eslint/no-explicit-any
   92:79  warning  'notes' is assigned a value but never used     @typescript-eslint/no-unused-vars
  122:21  warning  Unexpected any. Specify a different type       @typescript-eslint/no-explicit-any
  136:9   warning  Unexpected console statement                   no-console
  141:52  warning  Unexpected any. Specify a different type       @typescript-eslint/no-explicit-any
  141:62  warning  Unexpected any. Specify a different type       @typescript-eslint/no-explicit-any
  156:21  warning  Unexpected any. Specify a different type       @typescript-eslint/no-explicit-any
  157:9   warning  Unexpected console statement                   no-console
  162:51  warning  Unexpected any. Specify a different type       @typescript-eslint/no-explicit-any
  162:61  warning  Unexpected any. Specify a different type       @typescript-eslint/no-explicit-any
  202:21  warning  Unexpected any. Specify a different type       @typescript-eslint/no-explicit-any
  215:9   warning  Unexpected console statement                   no-console
  220:51  warning  Unexpected any. Specify a different type       @typescript-eslint/no-explicit-any
  220:61  warning  Unexpected any. Specify a different type       @typescript-eslint/no-explicit-any
  235:21  warning  Unexpected any. Specify a different type       @typescript-eslint/no-explicit-any
  236:9   warning  Unexpected console statement                   no-console
  287:43  warning  Unexpected any. Specify a different type       @typescript-eslint/no-explicit-any
  296:43  warning  Unexpected any. Specify a different type       @typescript-eslint/no-explicit-any
  627:84  warning  'tenantId' is defined but never used           @typescript-eslint/no-unused-vars
  627:94  warning  'id' is defined but never used                 @typescript-eslint/no-unused-vars

C:\Projects\PaySurity\apps\api\src\modules\inventory\inventory.service.ts
   3:19  warning  'sql' is defined but never used           @typescript-eslint/no-unused-vars
  10:61  warning  Unexpected any. Specify a different type  @typescript-eslint/no-explicit-any
  19:70  warning  Unexpected any. Specify a different type  @typescript-eslint/no-explicit-any
  41:35  warning  Unexpected any. Specify a different type  @typescript-eslint/no-explicit-any
  51:70  warning  Unexpected any. Specify a different type  @typescript-eslint/no-explicit-any
  54:38  warning  Unexpected any. Specify a different type  @typescript-eslint/no-explicit-any
  63:35  warning  Unexpected any. Specify a different type  @typescript-eslint/no-explicit-any

C:\Projects\PaySurity\apps\api\src\modules\inventory\inventory.spec.ts
   17:28  warning  'sql' is defined but never used           @typescript-eslint/no-unused-vars
   27:42  warning  Unexpected any. Specify a different type  @typescript-eslint/no-explicit-any
   27:57  warning  Unexpected any. Specify a different type  @typescript-eslint/no-explicit-any
   27:66  warning  Unexpected any. Specify a different type  @typescript-eslint/no-explicit-any
   28:42  warning  Unexpected any. Specify a different type  @typescript-eslint/no-explicit-any
   28:57  warning  Unexpected any. Specify a different type  @typescript-eslint/no-explicit-any
   28:78  warning  Unexpected any. Specify a different type  @typescript-eslint/no-explicit-any
   28:87  warning  Unexpected any. Specify a different type  @typescript-eslint/no-explicit-any
   29:53  warning  Unexpected any. Specify a different type  @typescript-eslint/no-explicit-any
   29:62  warning  Unexpected any. Specify a different type  @typescript-eslint/no-explicit-any
   74:28  warning  Unexpected any. Specify a different type  @typescript-eslint/no-explicit-any
   75:11  warning  Unexpected any. Specify a different type  @typescript-eslint/no-explicit-any
   77:36  warning  Unexpected any. Specify a different type  @typescript-eslint/no-explicit-any
  138:12  warning  Unexpected any. Specify a different type  @typescript-eslint/no-explicit-any
  233:12  warning  Unexpected any. Specify a different type  @typescript-eslint/no-explicit-any
  288:12  warning  Unexpected any. Specify a different type  @typescript-eslint/no-explicit-any

C:\Projects\PaySurity\apps\api\src\modules\inventory\purchase-orders.controller.ts
   2:38   warning  'Delete' is defined but never used                          @typescript-eslint/no-unused-vars
  10:3    warning  'MatchInvoiceToPurchaseOrderDto' is defined but never used  @typescript-eslint/no-unused-vars
  26:88   warning  Unexpected any. Specify a different type                    @typescript-eslint/no-explicit-any
  38:72   warning  Unexpected any. Specify a different type                    @typescript-eslint/no-explicit-any
  51:58   warning  Unexpected any. Specify a different type                    @typescript-eslint/no-explicit-any
  70:113  warning  Unexpected any. Specify a different type                    @typescript-eslint/no-explicit-any
  89:116  warning  Unexpected any. Specify a different type                    @typescript-eslint/no-explicit-any

C:\Projects\PaySurity\apps\api\src\modules\inventory\purchase-orders.service.ts
    3:3    warning  'Delete' is defined but never used                   @typescript-eslint/no-unused-vars
    4:3    warning  'Optional' is defined but never used                 @typescript-eslint/no-unused-vars
   18:6    warning  'UpdatePurchaseOrder' is defined but never used      @typescript-eslint/no-unused-vars
   22:6    warning  'UpdatePurchaseOrderItem' is defined but never used  @typescript-eslint/no-unused-vars
   53:61   warning  Unexpected any. Specify a different type             @typescript-eslint/no-explicit-any
   65:24   warning  Unexpected any. Specify a different type             @typescript-eslint/no-explicit-any
   71:110  warning  Unexpected any. Specify a different type             @typescript-eslint/no-explicit-any
   92:81   warning  Unexpected any. Specify a different type             @typescript-eslint/no-explicit-any
  156:46   warning  Unexpected any. Specify a different type             @typescript-eslint/no-explicit-any
  182:24   warning  Unexpected any. Specify a different type             @typescript-eslint/no-explicit-any
  199:72   warning  Unexpected any. Specify a different type             @typescript-eslint/no-explicit-any
  212:99   warning  Unexpected any. Specify a different type             @typescript-eslint/no-explicit-any
  237:24   warning  Unexpected any. Specify a different type             @typescript-eslint/no-explicit-any
  249:73   warning  Unexpected any. Specify a different type             @typescript-eslint/no-explicit-any
  260:81   warning  Unexpected any. Specify a different type             @typescript-eslint/no-explicit-any
  277:99   warning  Unexpected any. Specify a different type             @typescript-eslint/no-explicit-any
  302:24   warning  Unexpected any. Specify a different type             @typescript-eslint/no-explicit-any
  434:46   warning  Unexpected any. Specify a different type             @typescript-eslint/no-explicit-any
  480:24   warning  Unexpected any. Specify a different type             @typescript-eslint/no-explicit-any

C:\Projects\PaySurity\apps\api\src\modules\kds\kds.dto.ts
  14:10  warning  'Optional' is defined but never used  @typescript-eslint/no-unused-vars

C:\Projects\PaySurity\apps\api\src\modules\kds\kds.edge-cases.spec.ts
   50:11   warning  'userContextTenantB' is assigned a value but never used  @typescript-eslint/no-unused-vars
   88:83   warning  'filters' is defined but never used                      @typescript-eslint/no-unused-vars
  126:55   warning  Unexpected any. Specify a different type                 @typescript-eslint/no-explicit-any
  130:84   warning  Unexpected any. Specify a different type                 @typescript-eslint/no-explicit-any
  135:87   warning  Unexpected any. Specify a different type                 @typescript-eslint/no-explicit-any
  143:98   warning  Unexpected any. Specify a different type                 @typescript-eslint/no-explicit-any
  151:108  warning  Unexpected any. Specify a different type                 @typescript-eslint/no-explicit-any
  160:82   warning  Unexpected any. Specify a different type                 @typescript-eslint/no-explicit-any
  451:125  warning  Unexpected any. Specify a different type                 @typescript-eslint/no-explicit-any
  512:53   warning  Unexpected any. Specify a different type                 @typescript-eslint/no-explicit-any
  536:57   warning  Unexpected any. Specify a different type                 @typescript-eslint/no-explicit-any

C:\Projects\PaySurity\apps\api\src\modules\kds\kds.gateway.ts
  111:21  warning  Unexpected any. Specify a different type  @typescript-eslint/no-explicit-any
  112:21  warning  Unexpected any. Specify a different type  @typescript-eslint/no-explicit-any
  132:90  warning  Unexpected any. Specify a different type  @typescript-eslint/no-explicit-any

C:\Projects\PaySurity\apps\api\src\modules\kds\kds.service.ts
    1:70  warning  'Optional' is defined but never used      @typescript-eslint/no-unused-vars
   57:61  warning  Unexpected any. Specify a different type  @typescript-eslint/no-explicit-any
  108:45  warning  Unexpected any. Specify a different type  @typescript-eslint/no-explicit-any
  165:25  warning  Unexpected any. Specify a different type  @typescript-eslint/no-explicit-any
  235:38  warning  Unexpected any. Specify a different type  @typescript-eslint/no-explicit-any
  280:38  warning  Unexpected any. Specify a different type  @typescript-eslint/no-explicit-any
  306:38  warning  Unexpected any. Specify a different type  @typescript-eslint/no-explicit-any
  329:38  warning  Unexpected any. Specify a different type  @typescript-eslint/no-explicit-any

C:\Projects\PaySurity\apps\api\src\modules\kds\kds.spec.ts
    5:10   warning  'sql' is defined but never used           @typescript-eslint/no-unused-vars
    9:36   warning  Unexpected any. Specify a different type  @typescript-eslint/no-explicit-any
   71:122  warning  Unexpected any. Specify a different type  @typescript-eslint/no-explicit-any
   88:107  warning  Unexpected any. Specify a different type  @typescript-eslint/no-explicit-any
   93:108  warning  Unexpected any. Specify a different type  @typescript-eslint/no-explicit-any
  100:103  warning  Unexpected any. Specify a different type  @typescript-eslint/no-explicit-any
  101:82   warning  Unexpected any. Specify a different type  @typescript-eslint/no-explicit-any
  112:103  warning  Unexpected any. Specify a different type  @typescript-eslint/no-explicit-any
  113:112  warning  Unexpected any. Specify a different type  @typescript-eslint/no-explicit-any

C:\Projects\PaySurity\apps\api\src\modules\launch\launch.controller.ts
  1:60  warning  'UseGuards' is defined but never used  @typescript-eslint/no-unused-vars
  1:71  warning  'Headers' is defined but never used    @typescript-eslint/no-unused-vars

C:\Projects\PaySurity\apps\api\src\modules\launch\launch.service.ts
    3:3   warning  'Get' is defined but never used                      @typescript-eslint/no-unused-vars
    7:33  warning  't1' is defined but never used                       @typescript-eslint/no-unused-vars
    7:37  warning  Unexpected any. Specify a different type             @typescript-eslint/no-explicit-any
    7:42  warning  't2' is defined but never used                       @typescript-eslint/no-unused-vars
    7:46  warning  Unexpected any. Specify a different type             @typescript-eslint/no-explicit-any
    7:51  warning  'c1' is defined but never used                       @typescript-eslint/no-unused-vars
    7:55  warning  Unexpected any. Specify a different type             @typescript-eslint/no-explicit-any
    7:60  warning  'c2' is defined but never used                       @typescript-eslint/no-unused-vars
    7:64  warning  Unexpected any. Specify a different type             @typescript-eslint/no-explicit-any
    7:69  warning  'ref' is defined but never used                      @typescript-eslint/no-unused-vars
    7:74  warning  Unexpected any. Specify a different type             @typescript-eslint/no-explicit-any
   12:35  warning  'p1' is defined but never used                       @typescript-eslint/no-unused-vars
   12:39  warning  Unexpected any. Specify a different type             @typescript-eslint/no-explicit-any
   12:44  warning  'p2' is defined but never used                       @typescript-eslint/no-unused-vars
   12:48  warning  Unexpected any. Specify a different type             @typescript-eslint/no-explicit-any
   14:10  warning  'sanitizeGatewayResponse' is defined but never used  @typescript-eslint/no-unused-vars
  177:41  warning  'approvedBy' is defined but never used               @typescript-eslint/no-unused-vars

C:\Projects\PaySurity\apps\api\src\modules\location\location.controller.ts
   2:52  warning  'Query' is defined but never used         @typescript-eslint/no-unused-vars
   3:25  warning  'UseGuards' is defined but never used     @typescript-eslint/no-unused-vars
  17:33  warning  Unexpected any. Specify a different type  @typescript-eslint/no-explicit-any
  24:58  warning  Unexpected any. Specify a different type  @typescript-eslint/no-explicit-any
  32:30  warning  Unexpected any. Specify a different type  @typescript-eslint/no-explicit-any
  32:51  warning  Unexpected any. Specify a different type  @typescript-eslint/no-explicit-any
  39:55  warning  Unexpected any. Specify a different type  @typescript-eslint/no-explicit-any
  39:76  warning  Unexpected any. Specify a different type  @typescript-eslint/no-explicit-any
  47:57  warning  Unexpected any. Specify a different type  @typescript-eslint/no-explicit-any

C:\Projects\PaySurity\apps\api\src\modules\location\location.service.ts
   6:20  warning  Unexpected any. Specify a different type  @typescript-eslint/no-explicit-any
  17:58  warning  Unexpected any. Specify a different type  @typescript-eslint/no-explicit-any
  20:44  warning  Unexpected any. Specify a different type  @typescript-eslint/no-explicit-any
  32:57  warning  Unexpected any. Specify a different type  @typescript-eslint/no-explicit-any
  46:55  warning  Unexpected any. Specify a different type  @typescript-eslint/no-explicit-any
  46:70  warning  Unexpected any. Specify a different type  @typescript-eslint/no-explicit-any
  61:67  warning  Unexpected any. Specify a different type  @typescript-eslint/no-explicit-any
  61:82  warning  Unexpected any. Specify a different type  @typescript-eslint/no-explicit-any

C:\Projects\PaySurity\apps\api\src\modules\loyalty\dto\earn-points.dto.ts
  1:10  warning  'Optional' is defined but never used  @typescript-eslint/no-unused-vars

C:\Projects\PaySurity\apps\api\src\modules\loyalty\loyalty-engine.service.ts
  115:61  warning  Unexpected any. Specify a different type  @typescript-eslint/no-explicit-any
  139:56  warning  Unexpected any. Specify a different type  @typescript-eslint/no-explicit-any
  184:55  warning  Unexpected any. Specify a different type  @typescript-eslint/no-explicit-any
  249:5   warning  'program' is defined but never used       @typescript-eslint/no-unused-vars

C:\Projects\PaySurity\apps\api\src\modules\loyalty\loyalty-fraud-detection.service.ts
  6:46  warning  Unexpected any. Specify a different type  @typescript-eslint/no-explicit-any
  9:15  warning  'loyaltyId' is defined but never used     @typescript-eslint/no-unused-vars

C:\Projects\PaySurity\apps\api\src\modules\loyalty\loyalty.dto.ts
  14:10   warning  'IsUUID' is defined but never used               @typescript-eslint/no-unused-vars
  14:18   warning  'IsString' is defined but never used             @typescript-eslint/no-unused-vars
  14:28   warning  'IsBoolean' is defined but never used            @typescript-eslint/no-unused-vars
  14:39   warning  'IsNumber' is defined but never used             @typescript-eslint/no-unused-vars
  14:49   warning  'IsOptional' is defined but never used           @typescript-eslint/no-unused-vars
  14:61   warning  'IsEnum' is defined but never used               @typescript-eslint/no-unused-vars
  14:69   warning  'Min' is defined but never used                  @typescript-eslint/no-unused-vars
  14:74   warning  'Max' is defined but never used                  @typescript-eslint/no-unused-vars
  14:79   warning  'IsObject' is defined but never used             @typescript-eslint/no-unused-vars
  14:89   warning  'ValidateNested' is defined but never used       @typescript-eslint/no-unused-vars
  14:105  warning  'IsDateString' is defined but never used         @typescript-eslint/no-unused-vars
  14:119  warning  'IsDefined' is defined but never used            @typescript-eslint/no-unused-vars
  15:10   warning  'Type' is defined but never used                 @typescript-eslint/no-unused-vars
  16:10   warning  'ApiProperty' is defined but never used          @typescript-eslint/no-unused-vars
  16:23   warning  'ApiPropertyOptional' is defined but never used  @typescript-eslint/no-unused-vars

C:\Projects\PaySurity\apps\api\src\modules\loyalty\loyalty.e2e-spec.ts
   52:9   warning  Unexpected any. Specify a different type     @typescript-eslint/no-explicit-any
   72:7   warning  'mockEq' is assigned a value but never used  @typescript-eslint/no-unused-vars
   72:39  warning  Unexpected any. Specify a different type     @typescript-eslint/no-explicit-any
   73:7   warning  'mockGt' is assigned a value but never used  @typescript-eslint/no-unused-vars
   73:39  warning  Unexpected any. Specify a different type     @typescript-eslint/no-explicit-any
   74:7   warning  'mockLt' is assigned a value but never used  @typescript-eslint/no-unused-vars
   74:39  warning  Unexpected any. Specify a different type     @typescript-eslint/no-explicit-any
   83:12  warning  Unexpected any. Specify a different type     @typescript-eslint/no-explicit-any
   83:33  warning  Unexpected any. Specify a different type     @typescript-eslint/no-explicit-any
   83:55  warning  Unexpected any. Specify a different type     @typescript-eslint/no-explicit-any
   84:18  warning  Unexpected any. Specify a different type     @typescript-eslint/no-explicit-any
   84:44  warning  Unexpected any. Specify a different type     @typescript-eslint/no-explicit-any
   85:29  warning  Unexpected any. Specify a different type     @typescript-eslint/no-explicit-any
   85:45  warning  Unexpected any. Specify a different type     @typescript-eslint/no-explicit-any
   98:29  warning  Unexpected any. Specify a different type     @typescript-eslint/no-explicit-any
   98:45  warning  Unexpected any. Specify a different type     @typescript-eslint/no-explicit-any
  119:29  warning  Unexpected any. Specify a different type     @typescript-eslint/no-explicit-any
  133:27  warning  Unexpected any. Specify a different type     @typescript-eslint/no-explicit-any
  145:34  warning  Unexpected any. Specify a different type     @typescript-eslint/no-explicit-any
  157:34  warning  Unexpected any. Specify a different type     @typescript-eslint/no-explicit-any
  170:36  warning  Unexpected any. Specify a different type     @typescript-eslint/no-explicit-any
  178:50  warning  Unexpected any. Specify a different type     @typescript-eslint/no-explicit-any
  204:28  warning  Unexpected any. Specify a different type     @typescript-eslint/no-explicit-any
  219:31  warning  Unexpected any. Specify a different type     @typescript-eslint/no-explicit-any
  220:27  warning  Unexpected any. Specify a different type     @typescript-eslint/no-explicit-any
  223:37  warning  Unexpected any. Specify a different type     @typescript-eslint/no-explicit-any
  227:34  warning  Unexpected any. Specify a different type     @typescript-eslint/no-explicit-any
  234:29  warning  Unexpected any. Specify a different type     @typescript-eslint/no-explicit-any
  250:27  warning  Unexpected any. Specify a different type     @typescript-eslint/no-explicit-any
  253:34  warning  Unexpected any. Specify a different type     @typescript-eslint/no-explicit-any
  260:29  warning  Unexpected any. Specify a different type     @typescript-eslint/no-explicit-any
  268:52  warning  Unexpected any. Specify a different type     @typescript-eslint/no-explicit-any
  276:85  warning  Unexpected any. Specify a different type     @typescript-eslint/no-explicit-any

C:\Projects\PaySurity\apps\api\src\modules\loyalty\loyalty.edge-cases.spec.ts
  391:19  warning  Unexpected any. Specify a different type             @typescript-eslint/no-explicit-any
  406:24  warning  Unexpected any. Specify a different type             @typescript-eslint/no-explicit-any
  432:23  warning  Unexpected any. Specify a different type             @typescript-eslint/no-explicit-any
  445:28  warning  Unexpected any. Specify a different type             @typescript-eslint/no-explicit-any
  487:19  warning  Unexpected any. Specify a different type             @typescript-eslint/no-explicit-any
  513:19  warning  Unexpected any. Specify a different type             @typescript-eslint/no-explicit-any
  523:19  warning  Unexpected any. Specify a different type             @typescript-eslint/no-explicit-any
  832:13  warning  'updatedRuleByA' is assigned a value but never used  @typescript-eslint/no-unused-vars
  833:13  warning  'updatedRuleByB' is assigned a value but never used  @typescript-eslint/no-unused-vars

C:\Projects\PaySurity\apps\api\src\modules\loyalty\loyalty.service.spec.ts
    3:10  warning  'sql' is defined but never used                     @typescript-eslint/no-unused-vars
    9:21  warning  'T' is defined but never used                       @typescript-eslint/no-unused-vars
    9:25  warning  Unexpected any. Specify a different type            @typescript-eslint/no-explicit-any
   10:20  warning  Unexpected any. Specify a different type            @typescript-eslint/no-explicit-any
   10:44  warning  Unexpected any. Specify a different type            @typescript-eslint/no-explicit-any
   17:30  warning  Unexpected any. Specify a different type            @typescript-eslint/no-explicit-any
   19:9   warning  'configService' is assigned a value but never used  @typescript-eslint/no-unused-vars
   67:25  warning  Unexpected any. Specify a different type            @typescript-eslint/no-explicit-any
   85:49  warning  Unexpected any. Specify a different type            @typescript-eslint/no-explicit-any
   92:49  warning  Unexpected any. Specify a different type            @typescript-eslint/no-explicit-any
  139:49  warning  Unexpected any. Specify a different type            @typescript-eslint/no-explicit-any
  146:49  warning  Unexpected any. Specify a different type            @typescript-eslint/no-explicit-any
  194:49  warning  Unexpected any. Specify a different type            @typescript-eslint/no-explicit-any
  200:49  warning  Unexpected any. Specify a different type            @typescript-eslint/no-explicit-any
  238:49  warning  Unexpected any. Specify a different type            @typescript-eslint/no-explicit-any
  244:49  warning  Unexpected any. Specify a different type            @typescript-eslint/no-explicit-any
  282:49  warning  Unexpected any. Specify a different type            @typescript-eslint/no-explicit-any
  288:49  warning  Unexpected any. Specify a different type            @typescript-eslint/no-explicit-any
  332:70  warning  Unexpected any. Specify a different type            @typescript-eslint/no-explicit-any
  366:70  warning  Unexpected any. Specify a different type            @typescript-eslint/no-explicit-any
  386:49  warning  Unexpected any. Specify a different type            @typescript-eslint/no-explicit-any
  392:49  warning  Unexpected any. Specify a different type            @typescript-eslint/no-explicit-any
  433:70  warning  Unexpected any. Specify a different type            @typescript-eslint/no-explicit-any
  465:70  warning  Unexpected any. Specify a different type            @typescript-eslint/no-explicit-any
  488:70  warning  Unexpected any. Specify a different type            @typescript-eslint/no-explicit-any
  511:70  warning  Unexpected any. Specify a different type            @typescript-eslint/no-explicit-any

C:\Projects\PaySurity\apps\api\src\modules\loyalty\loyalty.service.ts
   3:10  warning  'loyalty_accounts' is defined but never used  @typescript-eslint/no-unused-vars
  62:40  warning  'proof' is defined but never used             @typescript-eslint/no-unused-vars

C:\Projects\PaySurity\apps\api\src\modules\loyalty\loyalty.spec.ts
  80:28  warning  Unexpected any. Specify a different type  @typescript-eslint/no-explicit-any

C:\Projects\PaySurity\apps\api\src\modules\mastercard\mastercard-send.adapter.ts
    2:10  warning  'Type' is defined but never used          @typescript-eslint/no-unused-vars
   28:95  warning  Unexpected any. Specify a different type  @typescript-eslint/no-explicit-any
   84:22  warning  Unexpected any. Specify a different type  @typescript-eslint/no-explicit-any
  164:34  warning  'method' is defined but never used        @typescript-eslint/no-unused-vars
  164:50  warning  'url' is defined but never used           @typescript-eslint/no-unused-vars
  164:63  warning  'body' is defined but never used          @typescript-eslint/no-unused-vars
  164:70  warning  Unexpected any. Specify a different type  @typescript-eslint/no-explicit-any
  221:73  warning  Unexpected any. Specify a different type  @typescript-eslint/no-explicit-any
  242:24  warning  Unexpected any. Specify a different type  @typescript-eslint/no-explicit-any
  247:18  warning  'jsonError' is defined but never used     @typescript-eslint/no-unused-vars
  267:21  warning  Unexpected any. Specify a different type  @typescript-eslint/no-explicit-any
  323:21  warning  Unexpected any. Specify a different type  @typescript-eslint/no-explicit-any
  357:21  warning  Unexpected any. Specify a different type  @typescript-eslint/no-explicit-any
  423:21  warning  Unexpected any. Specify a different type  @typescript-eslint/no-explicit-any

C:\Projects\PaySurity\apps\api\src\modules\mastercard\mastercard.controller.ts
  2:46  warning  'UseGuards' is defined but never used  @typescript-eslint/no-unused-vars

C:\Projects\PaySurity\apps\api\src\modules\mastercard\mastercard.service.ts
  4:3  warning  'Get' is defined but never used  @typescript-eslint/no-unused-vars

C:\Projects\PaySurity\apps\api\src\modules\mastercard\match-pro.adapter.ts
    1:10  warning  'Type' is defined but never used          @typescript-eslint/no-unused-vars
  161:37  warning  Unexpected any. Specify a different type  @typescript-eslint/no-explicit-any
  163:46  warning  Unexpected any. Specify a different type  @typescript-eslint/no-explicit-any
  177:50  warning  Unexpected any. Specify a different type  @typescript-eslint/no-explicit-any
  180:56  warning  Unexpected any. Specify a different type  @typescript-eslint/no-explicit-any
  205:76  warning  Unexpected any. Specify a different type  @typescript-eslint/no-explicit-any
  205:91  warning  Unexpected any. Specify a different type  @typescript-eslint/no-explicit-any
  224:58  warning  Unexpected any. Specify a different type  @typescript-eslint/no-explicit-any

C:\Projects\PaySurity\apps\api\src\modules\mastercard\open-finance.adapter.ts
    1:10  warning  'Type' is defined but never used          @typescript-eslint/no-unused-vars
  158:43  warning  Unexpected any. Specify a different type  @typescript-eslint/no-explicit-any
  190:43  warning  Unexpected any. Specify a different type  @typescript-eslint/no-explicit-any
  219:43  warning  Unexpected any. Specify a different type  @typescript-eslint/no-explicit-any
  225:38  warning  Unexpected any. Specify a different type  @typescript-eslint/no-explicit-any

C:\Projects\PaySurity\apps\api\src\modules\merchant\application.controller.ts
   1:53  warning  'UseGuards' is defined but never used     @typescript-eslint/no-unused-vars
   1:64  warning  'Req' is defined but never used           @typescript-eslint/no-unused-vars
   9:40  warning  Unexpected any. Specify a different type  @typescript-eslint/no-explicit-any
  23:43  warning  'id' is defined but never used            @typescript-eslint/no-unused-vars
  29:40  warning  'id' is defined but never used            @typescript-eslint/no-unused-vars
  29:60  warning  'body' is defined but never used          @typescript-eslint/no-unused-vars
  29:66  warning  Unexpected any. Specify a different type  @typescript-eslint/no-explicit-any
  40:35  warning  'id' is defined but never used            @typescript-eslint/no-unused-vars
  45:59  warning  'body' is defined but never used          @typescript-eslint/no-unused-vars
  45:65  warning  Unexpected any. Specify a different type  @typescript-eslint/no-explicit-any
  75:34  warning  'body' is defined but never used          @typescript-eslint/no-unused-vars
  75:40  warning  Unexpected any. Specify a different type  @typescript-eslint/no-explicit-any

C:\Projects\PaySurity\apps\api\src\modules\merchant\application.service.ts
   99:5   warning  Unexpected console statement              no-console
  105:5   warning  Unexpected console statement              no-console
  111:5   warning  Unexpected console statement              no-console
  119:41  warning  'businessName' is defined but never used  @typescript-eslint/no-unused-vars
  146:39  warning  'key' is defined but never used           @typescript-eslint/no-unused-vars
  156:11  warning  Unexpected console statement              no-console
  179:17  warning  'job' is defined but never used           @typescript-eslint/no-unused-vars
  184:11  warning  Unexpected console statement              no-console
  188:67  warning  Unexpected any. Specify a different type  @typescript-eslint/no-explicit-any

C:\Projects\PaySurity\apps\api\src\modules\merchant\compliance-validation.service.ts
   61:68  warning  Unexpected any. Specify a different type  @typescript-eslint/no-explicit-any
   68:49  warning  Unexpected any. Specify a different type  @typescript-eslint/no-explicit-any
   92:68  warning  Unexpected any. Specify a different type  @typescript-eslint/no-explicit-any
   99:49  warning  Unexpected any. Specify a different type  @typescript-eslint/no-explicit-any
  118:62  warning  Unexpected any. Specify a different type  @typescript-eslint/no-explicit-any
  133:46  warning  Unexpected any. Specify a different type  @typescript-eslint/no-explicit-any

C:\Projects\PaySurity\apps\api\src\modules\merchant\crm.service.ts
  25:32  warning  Unexpected any. Specify a different type  @typescript-eslint/no-explicit-any
  59:28  warning  Unexpected any. Specify a different type  @typescript-eslint/no-explicit-any

C:\Projects\PaySurity\apps\api\src\modules\merchant\dashboard.controller.ts
    2:15  warning  'eq' is defined but never used                       @typescript-eslint/no-unused-vars
    5:18  warning  Unexpected any. Specify a different type             @typescript-eslint/no-explicit-any
    6:21  warning  Unexpected any. Specify a different type             @typescript-eslint/no-explicit-any
    7:26  warning  Unexpected any. Specify a different type             @typescript-eslint/no-explicit-any
   11:3   warning  'menuItemsTable' is assigned a value but never used  @typescript-eslint/no-unused-vars
   30:58  warning  Unexpected any. Specify a different type             @typescript-eslint/no-explicit-any
   91:41  warning  Unexpected any. Specify a different type             @typescript-eslint/no-explicit-any
  103:39  warning  Unexpected any. Specify a different type             @typescript-eslint/no-explicit-any

C:\Projects\PaySurity\apps\api\src\modules\merchant\dto\merchant.dto.ts
    2:86   warning  'IsNumber' is defined but never used      @typescript-eslint/no-unused-vars
    2:96   warning  'MinLength' is defined but never used     @typescript-eslint/no-unused-vars
    2:107  warning  'MaxLength' is defined but never used     @typescript-eslint/no-unused-vars
   81:29   warning  Unexpected any. Specify a different type  @typescript-eslint/no-explicit-any
  144:29   warning  Unexpected any. Specify a different type  @typescript-eslint/no-explicit-any

C:\Projects\PaySurity\apps\api\src\modules\merchant\escrow-guardian.cron.ts
   9:56  warning  Unexpected any. Specify a different type  @typescript-eslint/no-explicit-any
  24:40  warning  Unexpected any. Specify a different type  @typescript-eslint/no-explicit-any

C:\Projects\PaySurity\apps\api\src\modules\merchant\inventory-sentry.controller.ts
   24:3   warning  'Ip' is defined but never used            @typescript-eslint/no-unused-vars
   46:20  warning  Unexpected any. Specify a different type  @typescript-eslint/no-explicit-any
   70:33  warning  Unexpected any. Specify a different type  @typescript-eslint/no-explicit-any
   90:36  warning  Unexpected any. Specify a different type  @typescript-eslint/no-explicit-any
  114:17  warning  Unexpected any. Specify a different type  @typescript-eslint/no-explicit-any
  132:25  warning  Unexpected any. Specify a different type  @typescript-eslint/no-explicit-any
  148:39  warning  Unexpected any. Specify a different type  @typescript-eslint/no-explicit-any

C:\Projects\PaySurity\apps\api\src\modules\merchant\inventory-sentry.service.ts
   61:61  warning  Unexpected any. Specify a different type  @typescript-eslint/no-explicit-any
  102:35  warning  Unexpected any. Specify a different type  @typescript-eslint/no-explicit-any
  115:21  warning  Unexpected any. Specify a different type  @typescript-eslint/no-explicit-any
  116:19  warning  Unexpected any. Specify a different type  @typescript-eslint/no-explicit-any
  276:27  warning  Unexpected any. Specify a different type  @typescript-eslint/no-explicit-any

C:\Projects\PaySurity\apps\api\src\modules\merchant\mailer.service.ts
  29:21  warning  Unexpected any. Specify a different type  @typescript-eslint/no-explicit-any

C:\Projects\PaySurity\apps\api\src\modules\merchant\merchant-onboarding.controller.ts
   30:70  warning  'ApiParam' is defined but never used      @typescript-eslint/no-unused-vars
  154:29  warning  Unexpected any. Specify a different type  @typescript-eslint/no-explicit-any
  412:36  warning  Unexpected any. Specify a different type  @typescript-eslint/no-explicit-any
  422:35  warning  Unexpected any. Specify a different type  @typescript-eslint/no-explicit-any

C:\Projects\PaySurity\apps\api\src\modules\merchant\merchant-onboarding.edge-cases.spec.ts
   86:25  warning  Unexpected any. Specify a different type  @typescript-eslint/no-explicit-any
  123:25  warning  Unexpected any. Specify a different type  @typescript-eslint/no-explicit-any
  211:25  warning  Unexpected any. Specify a different type  @typescript-eslint/no-explicit-any
  257:61  warning  Unexpected any. Specify a different type  @typescript-eslint/no-explicit-any
  262:66  warning  Unexpected any. Specify a different type  @typescript-eslint/no-explicit-any
  273:42  warning  Unexpected any. Specify a different type  @typescript-eslint/no-explicit-any
  290:41  warning  Unexpected any. Specify a different type  @typescript-eslint/no-explicit-any
  299:67  warning  Unexpected any. Specify a different type  @typescript-eslint/no-explicit-any

C:\Projects\PaySurity\apps\api\src\modules\merchant\merchant-onboarding.service.ts
   15:10  warning  'Type' is defined but never used          @typescript-eslint/no-unused-vars
   17:3   warning  'Optional' is defined but never used      @typescript-eslint/no-unused-vars
   59:61  warning  Unexpected any. Specify a different type  @typescript-eslint/no-explicit-any
   67:19  warning  'userId' is defined but never used        @typescript-eslint/no-unused-vars
   67:35  warning  'data' is defined but never used          @typescript-eslint/no-unused-vars
   67:41  warning  Unexpected any. Specify a different type  @typescript-eslint/no-explicit-any
   67:55  warning  Unexpected any. Specify a different type  @typescript-eslint/no-explicit-any
   71:29  warning  'userId' is defined but never used        @typescript-eslint/no-unused-vars
   71:54  warning  Unexpected any. Specify a different type  @typescript-eslint/no-explicit-any
   75:29  warning  'userId' is defined but never used        @typescript-eslint/no-unused-vars
   75:45  warning  'tenantId' is defined but never used      @typescript-eslint/no-unused-vars
   75:63  warning  'data' is defined but never used          @typescript-eslint/no-unused-vars
   75:69  warning  Unexpected any. Specify a different type  @typescript-eslint/no-explicit-any
   75:83  warning  Unexpected any. Specify a different type  @typescript-eslint/no-explicit-any
   79:20  warning  'userId' is defined but never used        @typescript-eslint/no-unused-vars
   79:36  warning  'tenantId' is defined but never used      @typescript-eslint/no-unused-vars
   79:54  warning  'data' is defined but never used          @typescript-eslint/no-unused-vars
   79:60  warning  Unexpected any. Specify a different type  @typescript-eslint/no-explicit-any
   79:74  warning  Unexpected any. Specify a different type  @typescript-eslint/no-explicit-any
   83:32  warning  'userId' is defined but never used        @typescript-eslint/no-unused-vars
   83:57  warning  Unexpected any. Specify a different type  @typescript-eslint/no-explicit-any
   99:14  warning  Unexpected any. Specify a different type  @typescript-eslint/no-explicit-any
  102:20  warning  Unexpected any. Specify a different type  @typescript-eslint/no-explicit-any
  113:48  warning  Unexpected any. Specify a different type  @typescript-eslint/no-explicit-any
  136:51  warning  Unexpected any. Specify a different type  @typescript-eslint/no-explicit-any
  151:22  warning  Unexpected any. Specify a different type  @typescript-eslint/no-explicit-any
  183:10  warning  Unexpected any. Specify a different type  @typescript-eslint/no-explicit-any
  185:14  warning  Unexpected any. Specify a different type  @typescript-eslint/no-explicit-any
  209:51  warning  Unexpected any. Specify a different type  @typescript-eslint/no-explicit-any
  282:46  warning  Unexpected any. Specify a different type  @typescript-eslint/no-explicit-any
  308:49  warning  Unexpected any. Specify a different type  @typescript-eslint/no-explicit-any
  309:38  warning  Unexpected any. Specify a different type  @typescript-eslint/no-explicit-any
  363:58  warning  Unexpected any. Specify a different type  @typescript-eslint/no-explicit-any
  369:84  warning  Unexpected any. Specify a different type  @typescript-eslint/no-explicit-any
  379:82  warning  Unexpected any. Specify a different type  @typescript-eslint/no-explicit-any
  395:27  warning  Unexpected any. Specify a different type  @typescript-eslint/no-explicit-any
  431:27  warning  Unexpected any. Specify a different type  @typescript-eslint/no-explicit-any
  469:27  warning  Unexpected any. Specify a different type  @typescript-eslint/no-explicit-any
  472:25  warning  Unexpected any. Specify a different type  @typescript-eslint/no-explicit-any
  499:41  warning  Unexpected any. Specify a different type  @typescript-eslint/no-explicit-any
  501:40  warning  Unexpected any. Specify a different type  @typescript-eslint/no-explicit-any
  528:44  warning  Unexpected any. Specify a different type  @typescript-eslint/no-explicit-any

C:\Projects\PaySurity\apps\api\src\modules\merchant\merchant-onboarding.spec.ts
   51:19  warning  Unexpected any. Specify a different type  @typescript-eslint/no-explicit-any
   51:29  warning  Unexpected any. Specify a different type  @typescript-eslint/no-explicit-any
   51:40  warning  Unexpected any. Specify a different type  @typescript-eslint/no-explicit-any
   84:21  warning  Unexpected any. Specify a different type  @typescript-eslint/no-explicit-any
  106:21  warning  Unexpected any. Specify a different type  @typescript-eslint/no-explicit-any

C:\Projects\PaySurity\apps\api\src\modules\merchant\merchant.controller.ts
   13:59   warning  'IsArray' is defined but never used                      @typescript-eslint/no-unused-vars
   18:3    warning  'UpdateMerchantOnboardingDto' is defined but never used  @typescript-eslint/no-unused-vars
   20:3    warning  'MerchantDto' is defined but never used                  @typescript-eslint/no-unused-vars
   22:3    warning  'BusinessHoursDto' is defined but never used             @typescript-eslint/no-unused-vars
   68:108  warning  Unexpected any. Specify a different type                 @typescript-eslint/no-explicit-any
   90:68   warning  Unexpected any. Specify a different type                 @typescript-eslint/no-explicit-any
  103:74   warning  Unexpected any. Specify a different type                 @typescript-eslint/no-explicit-any
  120:17   warning  Unexpected any. Specify a different type                 @typescript-eslint/no-explicit-any
  135:74   warning  Unexpected any. Specify a different type                 @typescript-eslint/no-explicit-any
  135:91   warning  Unexpected any. Specify a different type                 @typescript-eslint/no-explicit-any
  146:82   warning  Unexpected any. Specify a different type                 @typescript-eslint/no-explicit-any
  146:99   warning  Unexpected any. Specify a different type                 @typescript-eslint/no-explicit-any

C:\Projects\PaySurity\apps\api\src\modules\merchant\merchant.service.ts
    8:21  warning  Unexpected any. Specify a different type  @typescript-eslint/no-explicit-any
    9:21  warning  Unexpected any. Specify a different type  @typescript-eslint/no-explicit-any
  104:73  warning  Unexpected any. Specify a different type  @typescript-eslint/no-explicit-any
  225:21  warning  Unexpected any. Specify a different type  @typescript-eslint/no-explicit-any
  264:28  warning  Unexpected any. Specify a different type  @typescript-eslint/no-explicit-any
  306:19  warning  Unexpected any. Specify a different type  @typescript-eslint/no-explicit-any
  334:31  warning  Unexpected any. Specify a different type  @typescript-eslint/no-explicit-any
  335:31  warning  Unexpected any. Specify a different type  @typescript-eslint/no-explicit-any
  344:17  warning  Unexpected any. Specify a different type  @typescript-eslint/no-explicit-any
  344:85  warning  Unexpected any. Specify a different type  @typescript-eslint/no-explicit-any
  345:17  warning  Unexpected any. Specify a different type  @typescript-eslint/no-explicit-any
  345:85  warning  Unexpected any. Specify a different type  @typescript-eslint/no-explicit-any
  357:17  warning  Unexpected any. Specify a different type  @typescript-eslint/no-explicit-any
  357:85  warning  Unexpected any. Specify a different type  @typescript-eslint/no-explicit-any
  358:17  warning  Unexpected any. Specify a different type  @typescript-eslint/no-explicit-any
  358:85  warning  Unexpected any. Specify a different type  @typescript-eslint/no-explicit-any
  446:19  warning  Unexpected any. Specify a different type  @typescript-eslint/no-explicit-any
  455:57  warning  'payload' is defined but never used       @typescript-eslint/no-unused-vars
  455:66  warning  Unexpected any. Specify a different type  @typescript-eslint/no-explicit-any
  471:65  warning  'payload' is defined but never used       @typescript-eslint/no-unused-vars
  471:74  warning  Unexpected any. Specify a different type  @typescript-eslint/no-explicit-any

C:\Projects\PaySurity\apps\api\src\modules\merchant\merchants.edge-cases.spec.ts
   87:35  warning  Unexpected any. Specify a different type  @typescript-eslint/no-explicit-any
  290:19  warning  Unexpected any. Specify a different type  @typescript-eslint/no-explicit-any
  303:24  warning  Unexpected any. Specify a different type  @typescript-eslint/no-explicit-any
  315:35  warning  Unexpected any. Specify a different type  @typescript-eslint/no-explicit-any
  722:33  warning  Unexpected any. Specify a different type  @typescript-eslint/no-explicit-any
  747:29  warning  Unexpected any. Specify a different type  @typescript-eslint/no-explicit-any
  768:26  warning  Unexpected any. Specify a different type  @typescript-eslint/no-explicit-any

C:\Projects\PaySurity\apps\api\src\modules\merchant\onboarding.cron.ts
  15:41  warning  Unexpected any. Specify a different type  @typescript-eslint/no-explicit-any

C:\Projects\PaySurity\apps\api\src\modules\merchant\price-update.controller.ts
   54:20  warning  Unexpected any. Specify a different type  @typescript-eslint/no-explicit-any
   93:17  warning  Unexpected any. Specify a different type  @typescript-eslint/no-explicit-any
  119:17  warning  Unexpected any. Specify a different type  @typescript-eslint/no-explicit-any
  154:17  warning  Unexpected any. Specify a different type  @typescript-eslint/no-explicit-any
  179:25  warning  Unexpected any. Specify a different type  @typescript-eslint/no-explicit-any
  208:17  warning  Unexpected any. Specify a different type  @typescript-eslint/no-explicit-any
  247:17  warning  Unexpected any. Specify a different type  @typescript-eslint/no-explicit-any
  277:17  warning  Unexpected any. Specify a different type  @typescript-eslint/no-explicit-any

C:\Projects\PaySurity\apps\api\src\modules\merchant\price-update.service.ts
  100:41  warning  Unexpected any. Specify a different type  @typescript-eslint/no-explicit-any
  100:51  warning  Unexpected any. Specify a different type  @typescript-eslint/no-explicit-any
  121:61  warning  Unexpected any. Specify a different type  @typescript-eslint/no-explicit-any
  145:30  warning  Unexpected any. Specify a different type  @typescript-eslint/no-explicit-any
  145:46  warning  Unexpected any. Specify a different type  @typescript-eslint/no-explicit-any
  427:42  warning  Unexpected any. Specify a different type  @typescript-eslint/no-explicit-any
  437:22  warning  Unexpected any. Specify a different type  @typescript-eslint/no-explicit-any
  438:19  warning  Unexpected any. Specify a different type  @typescript-eslint/no-explicit-any
  500:19  warning  Unexpected any. Specify a different type  @typescript-eslint/no-explicit-any
  583:55  warning  Unexpected any. Specify a different type  @typescript-eslint/no-explicit-any
  584:68  warning  Unexpected any. Specify a different type  @typescript-eslint/no-explicit-any
  599:19  warning  Unexpected any. Specify a different type  @typescript-eslint/no-explicit-any
  602:48  warning  Unexpected any. Specify a different type  @typescript-eslint/no-explicit-any
  602:58  warning  Unexpected any. Specify a different type  @typescript-eslint/no-explicit-any
  619:25  warning  Unexpected any. Specify a different type  @typescript-eslint/no-explicit-any
  620:19  warning  Unexpected any. Specify a different type  @typescript-eslint/no-explicit-any
  675:19  warning  Unexpected any. Specify a different type  @typescript-eslint/no-explicit-any

C:\Projects\PaySurity\apps\api\src\modules\merchant\tenant.service.ts
  9:30  warning  'Scope' is defined but never used  @typescript-eslint/no-unused-vars

C:\Projects\PaySurity\apps\api\src\modules\microsite\microsite.controller.ts
    1:42  warning  'IsUUID' is defined but never used               @typescript-eslint/no-unused-vars
   93:56  warning  Unexpected any. Specify a different type         @typescript-eslint/no-explicit-any
  105:40  warning  Unexpected any. Specify a different type         @typescript-eslint/no-explicit-any
  111:7   warning  Unexpected console statement                     no-console
  134:38  warning  Unexpected any. Specify a different type         @typescript-eslint/no-explicit-any
  145:38  warning  Unexpected any. Specify a different type         @typescript-eslint/no-explicit-any
  148:36  warning  Unexpected any. Specify a different type         @typescript-eslint/no-explicit-any
  165:19  warning  Unexpected any. Specify a different type         @typescript-eslint/no-explicit-any
  197:38  warning  Unexpected any. Specify a different type         @typescript-eslint/no-explicit-any
  211:38  warning  Unexpected any. Specify a different type         @typescript-eslint/no-explicit-any
  229:38  warning  Unexpected any. Specify a different type         @typescript-eslint/no-explicit-any
  256:38  warning  Unexpected any. Specify a different type         @typescript-eslint/no-explicit-any
  277:19  warning  Unexpected any. Specify a different type         @typescript-eslint/no-explicit-any
  281:50  warning  Unexpected any. Specify a different type         @typescript-eslint/no-explicit-any
  336:38  warning  Unexpected any. Specify a different type         @typescript-eslint/no-explicit-any
  352:38  warning  Unexpected any. Specify a different type         @typescript-eslint/no-explicit-any
  366:5   warning  Unexpected console statement                     no-console
  384:38  warning  Unexpected any. Specify a different type         @typescript-eslint/no-explicit-any
  394:15  warning  Unexpected any. Specify a different type         @typescript-eslint/no-explicit-any
  396:20  warning  Unexpected any. Specify a different type         @typescript-eslint/no-explicit-any
  403:7   warning  'MicrositeController' is defined but never used  @typescript-eslint/no-unused-vars

C:\Projects\PaySurity\apps\api\src\modules\microsite\microsite.e2e-spec.ts
   11:81  warning  Unexpected any. Specify a different type  @typescript-eslint/no-explicit-any
   12:21  warning  Unexpected any. Specify a different type  @typescript-eslint/no-explicit-any
   13:21  warning  Unexpected any. Specify a different type  @typescript-eslint/no-explicit-any
  151:33  warning  Unexpected any. Specify a different type  @typescript-eslint/no-explicit-any
  160:56  warning  Unexpected any. Specify a different type  @typescript-eslint/no-explicit-any

C:\Projects\PaySurity\apps\api\src\modules\microsite\microsite.module.ts
   53:56  warning  Unexpected any. Specify a different type  @typescript-eslint/no-explicit-any
   56:5   warning  Unexpected console statement              no-console
  103:9   warning  Unexpected console statement              no-console
  105:9   warning  Unexpected console statement              no-console
  108:7   warning  Unexpected console statement              no-console
  110:7   warning  Unexpected console statement              no-console
  249:54  warning  Unexpected any. Specify a different type  @typescript-eslint/no-explicit-any
  279:5   warning  Unexpected console statement              no-console
  426:81  warning  Unexpected any. Specify a different type  @typescript-eslint/no-explicit-any

C:\Projects\PaySurity\apps\api\src\modules\microsite\microsite.service.ts
   14:3   warning  'HttpStatus' is defined but never used    @typescript-eslint/no-unused-vars
   48:56  warning  Unexpected any. Specify a different type  @typescript-eslint/no-explicit-any
   52:44  warning  Unexpected any. Specify a different type  @typescript-eslint/no-explicit-any
   59:43  warning  Unexpected any. Specify a different type  @typescript-eslint/no-explicit-any
   76:36  warning  Unexpected any. Specify a different type  @typescript-eslint/no-explicit-any
  119:38  warning  Unexpected any. Specify a different type  @typescript-eslint/no-explicit-any
  125:46  warning  Unexpected any. Specify a different type  @typescript-eslint/no-explicit-any
  138:36  warning  Unexpected any. Specify a different type  @typescript-eslint/no-explicit-any
  143:55  warning  Unexpected any. Specify a different type  @typescript-eslint/no-explicit-any
  164:38  warning  Unexpected any. Specify a different type  @typescript-eslint/no-explicit-any
  180:47  warning  Unexpected any. Specify a different type  @typescript-eslint/no-explicit-any
  232:38  warning  Unexpected any. Specify a different type  @typescript-eslint/no-explicit-any
  249:38  warning  Unexpected any. Specify a different type  @typescript-eslint/no-explicit-any
  268:38  warning  Unexpected any. Specify a different type  @typescript-eslint/no-explicit-any
  317:30  warning  Unexpected any. Specify a different type  @typescript-eslint/no-explicit-any

C:\Projects\PaySurity\apps\api\src\modules\notification\notification.consumer.ts
  20:32  warning  Unexpected any. Specify a different type  @typescript-eslint/no-explicit-any
  35:38  warning  Unexpected any. Specify a different type  @typescript-eslint/no-explicit-any
  48:40  warning  Unexpected any. Specify a different type  @typescript-eslint/no-explicit-any
  61:37  warning  Unexpected any. Specify a different type  @typescript-eslint/no-explicit-any
  76:41  warning  Unexpected any. Specify a different type  @typescript-eslint/no-explicit-any
  82:33  warning  Unexpected any. Specify a different type  @typescript-eslint/no-explicit-any
  88:37  warning  Unexpected any. Specify a different type  @typescript-eslint/no-explicit-any

C:\Projects\PaySurity\apps\api\src\modules\notification\notification.controller.ts
   12:12  warning  'UseGuards' is defined but never used            @typescript-eslint/no-unused-vars
   15:32  warning  'IsEnum' is defined but never used               @typescript-eslint/no-unused-vars
   19:3   warning  'ISO20022Address' is defined but never used      @typescript-eslint/no-unused-vars
   20:3   warning  'SendNotificationDto' is defined but never used  @typescript-eslint/no-unused-vars
   21:3   warning  'NotificationChannel' is defined but never used  @typescript-eslint/no-unused-vars
   74:28  warning  Unexpected any. Specify a different type         @typescript-eslint/no-explicit-any
   78:26  warning  Unexpected any. Specify a different type         @typescript-eslint/no-explicit-any
   87:62  warning  Unexpected any. Specify a different type         @typescript-eslint/no-explicit-any
  112:58  warning  Unexpected any. Specify a different type         @typescript-eslint/no-explicit-any
  134:60  warning  Unexpected any. Specify a different type         @typescript-eslint/no-explicit-any

C:\Projects\PaySurity\apps\api\src\modules\notification\notification.e2e-spec.ts
   76:7   warning  'db' is assigned a value but never used   @typescript-eslint/no-unused-vars
  167:89  warning  Unexpected any. Specify a different type  @typescript-eslint/no-explicit-any
  168:87  warning  Unexpected any. Specify a different type  @typescript-eslint/no-explicit-any
  272:51  warning  Unexpected any. Specify a different type  @typescript-eslint/no-explicit-any
  292:51  warning  Unexpected any. Specify a different type  @typescript-eslint/no-explicit-any

C:\Projects\PaySurity\apps\api\src\modules\notification\notification.service.spec.ts
    8:21  warning  'T' is defined but never used             @typescript-eslint/no-unused-vars
    9:20  warning  Unexpected any. Specify a different type  @typescript-eslint/no-explicit-any
    9:44  warning  Unexpected any. Specify a different type  @typescript-eslint/no-explicit-any
   20:10  warning  'tenantId' is defined but never used      @typescript-eslint/no-unused-vars
   20:28  warning  'payload' is defined but never used       @typescript-eslint/no-unused-vars
   28:8   warning  'message' is defined but never used       @typescript-eslint/no-unused-vars
   28:17  warning  Unexpected any. Specify a different type  @typescript-eslint/no-explicit-any
   36:24  warning  'messages' is defined but never used      @typescript-eslint/no-unused-vars
   36:34  warning  Unexpected any. Specify a different type  @typescript-eslint/no-explicit-any
   36:40  warning  Unexpected any. Specify a different type  @typescript-eslint/no-explicit-any
   44:8   warning  'to' is defined but never used            @typescript-eslint/no-unused-vars
   44:20  warning  'message' is defined but never used       @typescript-eslint/no-unused-vars
   53:61  warning  Unexpected any. Specify a different type  @typescript-eslint/no-explicit-any
   60:72  warning  Unexpected any. Specify a different type  @typescript-eslint/no-explicit-any
  106:96  warning  Unexpected any. Specify a different type  @typescript-eslint/no-explicit-any
  152:7   warning  'db' is assigned a value but never used   @typescript-eslint/no-unused-vars
  152:26  warning  Unexpected any. Specify a different type  @typescript-eslint/no-explicit-any
  184:21  warning  Unexpected any. Specify a different type  @typescript-eslint/no-explicit-any

C:\Projects\PaySurity\apps\api\src\modules\notification\notification.service.ts
   20:13  warning  Unexpected any. Specify a different type  @typescript-eslint/no-explicit-any
   21:44  warning  '_e' is defined but never used            @typescript-eslint/no-unused-vars
   23:13  warning  Unexpected any. Specify a different type  @typescript-eslint/no-explicit-any
   24:52  warning  '_e' is defined but never used            @typescript-eslint/no-unused-vars
   26:17  warning  Unexpected any. Specify a different type  @typescript-eslint/no-explicit-any
   59:33  warning  Unexpected any. Specify a different type  @typescript-eslint/no-explicit-any
   60:25  warning  Unexpected any. Specify a different type  @typescript-eslint/no-explicit-any
   81:25  warning  Unexpected any. Specify a different type  @typescript-eslint/no-explicit-any
   86:61  warning  Unexpected any. Specify a different type  @typescript-eslint/no-explicit-any
   94:16  warning  'e' is defined but never used             @typescript-eslint/no-unused-vars
  106:16  warning  'e' is defined but never used             @typescript-eslint/no-unused-vars
  117:14  warning  '_e' is defined but never used            @typescript-eslint/no-unused-vars
  137:39  warning  Unexpected any. Specify a different type  @typescript-eslint/no-explicit-any
  149:14  warning  'e' is defined but never used             @typescript-eslint/no-unused-vars
  165:26  warning  Unexpected any. Specify a different type  @typescript-eslint/no-explicit-any
  178:31  warning  Unexpected any. Specify a different type  @typescript-eslint/no-explicit-any
  190:47  warning  Unexpected any. Specify a different type  @typescript-eslint/no-explicit-any
  205:14  warning  'e' is defined but never used             @typescript-eslint/no-unused-vars
  275:19  warning  Unexpected any. Specify a different type  @typescript-eslint/no-explicit-any
  318:19  warning  Unexpected any. Specify a different type  @typescript-eslint/no-explicit-any
  333:26  warning  Unexpected any. Specify a different type  @typescript-eslint/no-explicit-any
  347:19  warning  Unexpected any. Specify a different type  @typescript-eslint/no-explicit-any
  393:14  warning  '_e' is defined but never used            @typescript-eslint/no-unused-vars
  401:68  warning  Unexpected any. Specify a different type  @typescript-eslint/no-explicit-any
  409:25  warning  Unexpected any. Specify a different type  @typescript-eslint/no-explicit-any

C:\Projects\PaySurity\apps\api\src\modules\orders\dto\orders.dto.ts
   2:3   warning  'IsUUID' is defined but never used          @typescript-eslint/no-unused-vars
   3:3   warning  'IsString' is defined but never used        @typescript-eslint/no-unused-vars
   4:3   warning  'IsNumber' is defined but never used        @typescript-eslint/no-unused-vars
   5:3   warning  'IsEnum' is defined but never used          @typescript-eslint/no-unused-vars
   6:3   warning  'IsArray' is defined but never used         @typescript-eslint/no-unused-vars
   7:3   warning  'ValidateNested' is defined but never used  @typescript-eslint/no-unused-vars
   8:3   warning  'IsOptional' is defined but never used      @typescript-eslint/no-unused-vars
   9:3   warning  'IsDateString' is defined but never used    @typescript-eslint/no-unused-vars
  10:3   warning  'Min' is defined but never used             @typescript-eslint/no-unused-vars
  11:3   warning  'Max' is defined but never used             @typescript-eslint/no-unused-vars
  12:3   warning  'Length' is defined but never used          @typescript-eslint/no-unused-vars
  13:3   warning  'IsPositive' is defined but never used      @typescript-eslint/no-unused-vars
  14:3   warning  'IsInt' is defined but never used           @typescript-eslint/no-unused-vars
  15:3   warning  'ArrayMinSize' is defined but never used    @typescript-eslint/no-unused-vars
  17:10  warning  'Type' is defined but never used            @typescript-eslint/no-unused-vars

C:\Projects\PaySurity\apps\api\src\modules\orders\hardware-driver.service.ts
   10:3   warning  'Get' is defined but never used     @typescript-eslint/no-unused-vars
   11:3   warning  'Body' is defined but never used    @typescript-eslint/no-unused-vars
  249:52  warning  'vendor' is defined but never used  @typescript-eslint/no-unused-vars

C:\Projects\PaySurity\apps\api\src\modules\orders\order.controller.ts
   3:25  warning  'UseGuards' is defined but never used     @typescript-eslint/no-unused-vars
   5:33  warning  'ApiResponse' is defined but never used   @typescript-eslint/no-unused-vars
  55:21  warning  Unexpected any. Specify a different type  @typescript-eslint/no-explicit-any
  58:22  warning  Unexpected any. Specify a different type  @typescript-eslint/no-explicit-any
  70:21  warning  Unexpected any. Specify a different type  @typescript-eslint/no-explicit-any
  76:29  warning  Unexpected any. Specify a different type  @typescript-eslint/no-explicit-any
  95:21  warning  Unexpected any. Specify a different type  @typescript-eslint/no-explicit-any

C:\Projects\PaySurity\apps\api\src\modules\orders\order.service.ts
    1:38  warning  'NotFoundException' is defined but never used  @typescript-eslint/no-unused-vars
    2:27  warning  'PaySurityEvent' is defined but never used     @typescript-eslint/no-unused-vars
   12:18  warning  Unexpected any. Specify a different type       @typescript-eslint/no-explicit-any
   13:22  warning  Unexpected any. Specify a different type       @typescript-eslint/no-explicit-any
   65:58  warning  Unexpected any. Specify a different type       @typescript-eslint/no-explicit-any
  192:84  warning  Unexpected any. Specify a different type       @typescript-eslint/no-explicit-any

C:\Projects\PaySurity\apps\api\src\modules\orders\orders.controller.ts
   14:20  warning  'IsNotEmpty' is defined but never used    @typescript-eslint/no-unused-vars
   67:17  warning  Unexpected any. Specify a different type  @typescript-eslint/no-explicit-any
   89:22  warning  Unexpected any. Specify a different type  @typescript-eslint/no-explicit-any
  106:57  warning  Unexpected any. Specify a different type  @typescript-eslint/no-explicit-any
  120:54  warning  Unexpected any. Specify a different type  @typescript-eslint/no-explicit-any
  138:17  warning  Unexpected any. Specify a different type  @typescript-eslint/no-explicit-any
  157:17  warning  Unexpected any. Specify a different type  @typescript-eslint/no-explicit-any

C:\Projects\PaySurity\apps\api\src\modules\orders\orders.dto.ts
  15:10  warning  'Optional' is defined but never used  @typescript-eslint/no-unused-vars

C:\Projects\PaySurity\apps\api\src\modules\orders\orders.edge-cases.spec.ts
  181:21   warning  Unexpected any. Specify a different type  @typescript-eslint/no-explicit-any
  356:67   warning  Unexpected any. Specify a different type  @typescript-eslint/no-explicit-any
  372:93   warning  Unexpected any. Specify a different type  @typescript-eslint/no-explicit-any
  397:79   warning  Unexpected any. Specify a different type  @typescript-eslint/no-explicit-any
  406:64   warning  Unexpected any. Specify a different type  @typescript-eslint/no-explicit-any
  422:93   warning  Unexpected any. Specify a different type  @typescript-eslint/no-explicit-any
  438:125  warning  Unexpected any. Specify a different type  @typescript-eslint/no-explicit-any
  455:68   warning  Unexpected any. Specify a different type  @typescript-eslint/no-explicit-any
  693:97   warning  Unexpected any. Specify a different type  @typescript-eslint/no-explicit-any
  728:86   warning  Unexpected any. Specify a different type  @typescript-eslint/no-explicit-any

C:\Projects\PaySurity\apps\api\src\modules\orders\orders.service.ts
    7:31  warning  Unexpected any. Specify a different type  @typescript-eslint/no-explicit-any
   44:43  warning  Unexpected any. Specify a different type  @typescript-eslint/no-explicit-any
   61:22  warning  Unexpected any. Specify a different type  @typescript-eslint/no-explicit-any
  103:17  warning  'tenantId' is defined but never used      @typescript-eslint/no-unused-vars
  103:35  warning  'options' is defined but never used       @typescript-eslint/no-unused-vars
  103:44  warning  Unexpected any. Specify a different type  @typescript-eslint/no-explicit-any
  111:21  warning  Unexpected any. Specify a different type  @typescript-eslint/no-explicit-any

C:\Projects\PaySurity\apps\api\src\modules\orders\qr-code.service.ts
   18:24   warning  Unexpected any. Specify a different type  @typescript-eslint/no-explicit-any
   55:26   warning  Unexpected any. Specify a different type  @typescript-eslint/no-explicit-any
   90:78   warning  Unexpected any. Specify a different type  @typescript-eslint/no-explicit-any
  105:68   warning  Unexpected any. Specify a different type  @typescript-eslint/no-explicit-any
  114:115  warning  Unexpected any. Specify a different type  @typescript-eslint/no-explicit-any

C:\Projects\PaySurity\apps\api\src\modules\pay-factor\aels-hmac.guard.ts
  9:15  warning  'context' is defined but never used  @typescript-eslint/no-unused-vars

C:\Projects\PaySurity\apps\api\src\modules\pay-factor\pay-factor.controller.ts
   36:30  warning  Unexpected any. Specify a different type  @typescript-eslint/no-explicit-any
   36:69  warning  Unexpected any. Specify a different type  @typescript-eslint/no-explicit-any
   42:20  warning  Unexpected any. Specify a different type  @typescript-eslint/no-explicit-any
   42:45  warning  Unexpected any. Specify a different type  @typescript-eslint/no-explicit-any
  125:39  warning  '_signature' is defined but never used    @typescript-eslint/no-unused-vars
  126:12  warning  'req' is defined but never used           @typescript-eslint/no-unused-vars
  130:37  warning  Unexpected any. Specify a different type  @typescript-eslint/no-explicit-any

C:\Projects\PaySurity\apps\api\src\modules\pay-factor\pay-factor.dto.ts
   30:3   warning  'IsObject' is defined but never used      @typescript-eslint/no-unused-vars
  338:18  warning  Unexpected any. Specify a different type  @typescript-eslint/no-explicit-any

C:\Projects\PaySurity\apps\api\src\modules\pay-factor\pay-factor.e2e-spec.ts
   5:10  warning  'NodePgDatabase' is defined but never used         @typescript-eslint/no-unused-vars
  39:7   warning  'TEST_USER_ID' is assigned a value but never used  @typescript-eslint/no-unused-vars
  51:32  warning  Unexpected any. Specify a different type           @typescript-eslint/no-explicit-any
  65:40  warning  Unexpected any. Specify a different type           @typescript-eslint/no-explicit-any
  79:40  warning  Unexpected any. Specify a different type           @typescript-eslint/no-explicit-any

C:\Projects\PaySurity\apps\api\src\modules\pay-factor\pay-factor.service.spec.ts
   14:77  warning  Unexpected any. Specify a different type  @typescript-eslint/no-explicit-any
   21:20  warning  Unexpected any. Specify a different type  @typescript-eslint/no-explicit-any
   21:44  warning  Unexpected any. Specify a different type  @typescript-eslint/no-explicit-any
   22:62  warning  Unexpected any. Specify a different type  @typescript-eslint/no-explicit-any
   22:79  warning  Unexpected any. Specify a different type  @typescript-eslint/no-explicit-any
   45:27  warning  Unexpected any. Specify a different type  @typescript-eslint/no-explicit-any
   56:61  warning  Unexpected any. Specify a different type  @typescript-eslint/no-explicit-any
  225:56  warning  Unexpected any. Specify a different type  @typescript-eslint/no-explicit-any
  251:26  warning  Unexpected any. Specify a different type  @typescript-eslint/no-explicit-any

C:\Projects\PaySurity\apps\api\src\modules\pay-factor\pay-factor.service.ts
   14:70  warning  'InternalServerErrorException' is defined but never used  @typescript-eslint/no-unused-vars
   49:61  warning  Unexpected any. Specify a different type                  @typescript-eslint/no-explicit-any
   57:48  warning  Unexpected any. Specify a different type                  @typescript-eslint/no-explicit-any
   57:62  warning  Unexpected any. Specify a different type                  @typescript-eslint/no-explicit-any
   78:38  warning  Unexpected any. Specify a different type                  @typescript-eslint/no-explicit-any
  100:48  warning  Unexpected any. Specify a different type                  @typescript-eslint/no-explicit-any
  100:62  warning  Unexpected any. Specify a different type                  @typescript-eslint/no-explicit-any
  107:44  warning  Unexpected any. Specify a different type                  @typescript-eslint/no-explicit-any
  160:51  warning  Unexpected any. Specify a different type                  @typescript-eslint/no-explicit-any
  160:65  warning  Unexpected any. Specify a different type                  @typescript-eslint/no-explicit-any
  174:50  warning  Unexpected any. Specify a different type                  @typescript-eslint/no-explicit-any
  208:54  warning  Unexpected any. Specify a different type                  @typescript-eslint/no-explicit-any
  208:68  warning  Unexpected any. Specify a different type                  @typescript-eslint/no-explicit-any
  215:50  warning  Unexpected any. Specify a different type                  @typescript-eslint/no-explicit-any
  257:80  warning  Unexpected any. Specify a different type                  @typescript-eslint/no-explicit-any
  258:38  warning  Unexpected any. Specify a different type                  @typescript-eslint/no-explicit-any
  261:28  warning  Unexpected any. Specify a different type                  @typescript-eslint/no-explicit-any
  264:45  warning  Unexpected any. Specify a different type                  @typescript-eslint/no-explicit-any
  264:59  warning  Unexpected any. Specify a different type                  @typescript-eslint/no-explicit-any

C:\Projects\PaySurity\apps\api\src\modules\payment\adapters\argyle.adapter.ts
    1:10   warning  'Type' is defined but never used          @typescript-eslint/no-unused-vars
   41:29   warning  Unexpected any. Specify a different type  @typescript-eslint/no-explicit-any
   69:32   warning  Unexpected any. Specify a different type  @typescript-eslint/no-explicit-any
   80:91   warning  Unexpected any. Specify a different type  @typescript-eslint/no-explicit-any
   88:27   warning  Unexpected any. Specify a different type  @typescript-eslint/no-explicit-any
   94:113  warning  Unexpected any. Specify a different type  @typescript-eslint/no-explicit-any
  102:27   warning  Unexpected any. Specify a different type  @typescript-eslint/no-explicit-any
  115:53   warning  Unexpected any. Specify a different type  @typescript-eslint/no-explicit-any
  146:57   warning  Unexpected any. Specify a different type  @typescript-eslint/no-explicit-any
  171:80   warning  Unexpected any. Specify a different type  @typescript-eslint/no-explicit-any
  192:61   warning  Unexpected any. Specify a different type  @typescript-eslint/no-explicit-any
  197:28   warning  Unexpected any. Specify a different type  @typescript-eslint/no-explicit-any

C:\Projects\PaySurity\apps\api\src\modules\payment\adapters\fluidpay.adapter.ts
    1:10   warning  'Type' is defined but never used               @typescript-eslint/no-unused-vars
   50:29   warning  Unexpected any. Specify a different type       @typescript-eslint/no-explicit-any
   88:12   warning  Unexpected any. Specify a different type       @typescript-eslint/no-explicit-any
   90:14   warning  Unexpected any. Specify a different type       @typescript-eslint/no-explicit-any
  147:25   warning  Unexpected any. Specify a different type       @typescript-eslint/no-explicit-any
  201:31   warning  Unexpected any. Specify a different type       @typescript-eslint/no-explicit-any
  202:109  warning  Unexpected any. Specify a different type       @typescript-eslint/no-explicit-any
  208:25   warning  Unexpected any. Specify a different type       @typescript-eslint/no-explicit-any
  430:5    warning  'customerId' is defined but never used         @typescript-eslint/no-unused-vars
  431:5    warning  'email' is defined but never used              @typescript-eslint/no-unused-vars
  432:5    warning  'metadata' is defined but never used           @typescript-eslint/no-unused-vars
  432:31   warning  Unexpected any. Specify a different type       @typescript-eslint/no-explicit-any
  433:14   warning  Unexpected any. Specify a different type       @typescript-eslint/no-explicit-any
  438:27   warning  'customerId' is defined but never used         @typescript-eslint/no-unused-vars
  438:56   warning  Unexpected any. Specify a different type       @typescript-eslint/no-explicit-any
  443:26   warning  'customerId' is defined but never used         @typescript-eslint/no-unused-vars
  443:46   warning  'token' is defined but never used              @typescript-eslint/no-unused-vars
  443:70   warning  Unexpected any. Specify a different type       @typescript-eslint/no-explicit-any
  448:29   warning  'customerId' is defined but never used         @typescript-eslint/no-unused-vars
  448:49   warning  'paymentMethodId' is defined but never used    @typescript-eslint/no-unused-vars
  448:83   warning  Unexpected any. Specify a different type       @typescript-eslint/no-explicit-any
  454:5    warning  'req' is defined but never used                @typescript-eslint/no-unused-vars
  455:5    warning  'idempotencyKey' is defined but never used     @typescript-eslint/no-unused-vars
  456:5    warning  'splitInstructions' is defined but never used  @typescript-eslint/no-unused-vars
  457:5    warning  'iso20022Metadata' is defined but never used   @typescript-eslint/no-unused-vars

C:\Projects\PaySurity\apps\api\src\modules\payment\adapters\gateway-router.ts
  34:40  warning  Unexpected any. Specify a different type  @typescript-eslint/no-explicit-any
  34:66  warning  Unexpected any. Specify a different type  @typescript-eslint/no-explicit-any
  34:98  warning  Unexpected any. Specify a different type  @typescript-eslint/no-explicit-any
  65:29  warning  Unexpected any. Specify a different type  @typescript-eslint/no-explicit-any
  71:56  warning  Unexpected any. Specify a different type  @typescript-eslint/no-explicit-any
  72:35  warning  Unexpected any. Specify a different type  @typescript-eslint/no-explicit-any

C:\Projects\PaySurity\apps\api\src\modules\payment\adapters\nmi.adapter.ts
    1:10  warning  'Type' is defined but never used          @typescript-eslint/no-unused-vars
   40:29  warning  Unexpected any. Specify a different type  @typescript-eslint/no-explicit-any
   81:98  warning  Unexpected any. Specify a different type  @typescript-eslint/no-explicit-any
   92:27  warning  Unexpected any. Specify a different type  @typescript-eslint/no-explicit-any
  102:27  warning  Unexpected any. Specify a different type  @typescript-eslint/no-explicit-any
  113:27  warning  Unexpected any. Specify a different type  @typescript-eslint/no-explicit-any
  143:57  warning  Unexpected any. Specify a different type  @typescript-eslint/no-explicit-any
  168:80  warning  Unexpected any. Specify a different type  @typescript-eslint/no-explicit-any
  194:28  warning  Unexpected any. Specify a different type  @typescript-eslint/no-explicit-any

C:\Projects\PaySurity\apps\api\src\modules\payment\adapters\stripe.adapter.ts
    2:3   warning  'Optional' is defined but never used      @typescript-eslint/no-unused-vars
   74:61  warning  Unexpected any. Specify a different type  @typescript-eslint/no-explicit-any
   81:35  warning  Unexpected any. Specify a different type  @typescript-eslint/no-explicit-any
  108:7   warning  Unexpected console statement              no-console
  128:7   warning  Unexpected console statement              no-console
  145:7   warning  Unexpected console statement              no-console
  166:7   warning  Unexpected console statement              no-console
  182:7   warning  Unexpected console statement              no-console

C:\Projects\PaySurity\apps\api\src\modules\payment\fluidpay.service.ts
   12:29  warning  Unexpected any. Specify a different type  @typescript-eslint/no-explicit-any
   14:71  warning  Unexpected any. Specify a different type  @typescript-eslint/no-explicit-any
   24:57  warning  Unexpected any. Specify a different type  @typescript-eslint/no-explicit-any
   51:42  warning  Unexpected any. Specify a different type  @typescript-eslint/no-explicit-any
  104:14  warning  'e' is defined but never used             @typescript-eslint/no-unused-vars

C:\Projects\PaySurity\apps\api\src\modules\payment\fraud-detection.service.ts
  9:10  warning  'randomUUID' is defined but never used  @typescript-eslint/no-unused-vars

C:\Projects\PaySurity\apps\api\src\modules\payment\mobile-payment.service.ts
    9:3   warning  'Get' is defined but never used           @typescript-eslint/no-unused-vars
   24:29  warning  Unexpected any. Specify a different type  @typescript-eslint/no-explicit-any
  102:66  warning  Unexpected any. Specify a different type  @typescript-eslint/no-explicit-any

C:\Projects\PaySurity\apps\api\src\modules\payment\payment-router.service.ts
  1:10  warning  'Injectable' is defined but never used                    @typescript-eslint/no-unused-vars
  1:22  warning  'Inject' is defined but never used                        @typescript-eslint/no-unused-vars
  1:30  warning  'InternalServerErrorException' is defined but never used  @typescript-eslint/no-unused-vars
  2:10  warning  'NodePgDatabase' is defined but never used                @typescript-eslint/no-unused-vars
  3:10  warning  'sql' is defined but never used                           @typescript-eslint/no-unused-vars

C:\Projects\PaySurity\apps\api\src\modules\payment\payment.controller.ts
    7:33  warning  'UseGuards' is defined but never used        @typescript-eslint/no-unused-vars
   29:33  warning  Unexpected any. Specify a different type     @typescript-eslint/no-explicit-any
   42:21  warning  Unexpected any. Specify a different type     @typescript-eslint/no-explicit-any
   56:21  warning  Unexpected any. Specify a different type     @typescript-eslint/no-explicit-any
   58:35  warning  '_idempotencyKey' is defined but never used  @typescript-eslint/no-unused-vars
   69:21  warning  Unexpected any. Specify a different type     @typescript-eslint/no-explicit-any
   83:21  warning  Unexpected any. Specify a different type     @typescript-eslint/no-explicit-any
   86:35  warning  '_idempotencyKey' is defined but never used  @typescript-eslint/no-unused-vars
   98:21  warning  Unexpected any. Specify a different type     @typescript-eslint/no-explicit-any
  100:35  warning  '_idempotencyKey' is defined but never used  @typescript-eslint/no-unused-vars
  112:21  warning  Unexpected any. Specify a different type     @typescript-eslint/no-explicit-any
  114:35  warning  '_idempotencyKey' is defined but never used  @typescript-eslint/no-unused-vars
  126:21  warning  Unexpected any. Specify a different type     @typescript-eslint/no-explicit-any
  129:35  warning  '_idempotencyKey' is defined but never used  @typescript-eslint/no-unused-vars
  139:21  warning  Unexpected any. Specify a different type     @typescript-eslint/no-explicit-any
  141:19  warning  Unexpected any. Specify a different type     @typescript-eslint/no-explicit-any
  150:48  warning  Unexpected any. Specify a different type     @typescript-eslint/no-explicit-any
  158:43  warning  Unexpected any. Specify a different type     @typescript-eslint/no-explicit-any

C:\Projects\PaySurity\apps\api\src\modules\payment\payment.edge-cases.spec.ts
   27:49   warning  Unexpected any. Specify a different type  @typescript-eslint/no-explicit-any
   31:47   warning  Unexpected any. Specify a different type  @typescript-eslint/no-explicit-any
   31:61   warning  Unexpected any. Specify a different type  @typescript-eslint/no-explicit-any
   32:47   warning  Unexpected any. Specify a different type  @typescript-eslint/no-explicit-any
   32:71   warning  Unexpected any. Specify a different type  @typescript-eslint/no-explicit-any
   36:44   warning  Unexpected any. Specify a different type  @typescript-eslint/no-explicit-any
   40:43   warning  Unexpected any. Specify a different type  @typescript-eslint/no-explicit-any
  143:27   warning  Unexpected any. Specify a different type  @typescript-eslint/no-explicit-any
  156:38   warning  Unexpected any. Specify a different type  @typescript-eslint/no-explicit-any
  204:33   warning  Unexpected any. Specify a different type  @typescript-eslint/no-explicit-any
  327:76   warning  Unexpected any. Specify a different type  @typescript-eslint/no-explicit-any
  394:97   warning  'amount' is defined but never used        @typescript-eslint/no-unused-vars
  394:105  warning  'token' is defined but never used         @typescript-eslint/no-unused-vars

C:\Projects\PaySurity\apps\api\src\modules\payment\payment.service.spec.ts
  44:3   warning  'PaymentIntentResponseDto' is defined but never used  @typescript-eslint/no-unused-vars
  52:6   warning  'PaymentStatus' is defined but never used             @typescript-eslint/no-unused-vars
  76:29  warning  Unexpected any. Specify a different type              @typescript-eslint/no-explicit-any
  77:6   warning  Unexpected any. Specify a different type              @typescript-eslint/no-explicit-any
  89:6   warning  Unexpected any. Specify a different type              @typescript-eslint/no-explicit-any
  94:6   warning  Unexpected any. Specify a different type              @typescript-eslint/no-explicit-any

C:\Projects\PaySurity\apps\api\src\modules\payment\payment.service.ts
   35:28  warning  Unexpected any. Specify a different type  @typescript-eslint/no-explicit-any
   50:38  warning  Unexpected any. Specify a different type  @typescript-eslint/no-explicit-any
   60:61  warning  Unexpected any. Specify a different type  @typescript-eslint/no-explicit-any
   85:68  warning  Unexpected any. Specify a different type  @typescript-eslint/no-explicit-any
  140:68  warning  Unexpected any. Specify a different type  @typescript-eslint/no-explicit-any
  183:45  warning  Unexpected any. Specify a different type  @typescript-eslint/no-explicit-any
  195:45  warning  Unexpected any. Specify a different type  @typescript-eslint/no-explicit-any
  207:43  warning  Unexpected any. Specify a different type  @typescript-eslint/no-explicit-any
  258:63  warning  Unexpected any. Specify a different type  @typescript-eslint/no-explicit-any
  271:52  warning  Unexpected any. Specify a different type  @typescript-eslint/no-explicit-any
  334:45  warning  Unexpected any. Specify a different type  @typescript-eslint/no-explicit-any
  356:46  warning  Unexpected any. Specify a different type  @typescript-eslint/no-explicit-any
  408:52  warning  Unexpected any. Specify a different type  @typescript-eslint/no-explicit-any
  472:45  warning  Unexpected any. Specify a different type  @typescript-eslint/no-explicit-any
  495:48  warning  Unexpected any. Specify a different type  @typescript-eslint/no-explicit-any
  539:52  warning  Unexpected any. Specify a different type  @typescript-eslint/no-explicit-any
  603:45  warning  Unexpected any. Specify a different type  @typescript-eslint/no-explicit-any
  625:54  warning  Unexpected any. Specify a different type  @typescript-eslint/no-explicit-any
  659:75  warning  Unexpected any. Specify a different type  @typescript-eslint/no-explicit-any
  673:52  warning  Unexpected any. Specify a different type  @typescript-eslint/no-explicit-any
  741:68  warning  Unexpected any. Specify a different type  @typescript-eslint/no-explicit-any

C:\Projects\PaySurity\apps\api\src\modules\payment\payment.spec.ts
  140:19  warning  Unexpected any. Specify a different type  @typescript-eslint/no-explicit-any
  140:30  warning  Unexpected any. Specify a different type  @typescript-eslint/no-explicit-any
  140:41  warning  Unexpected any. Specify a different type  @typescript-eslint/no-explicit-any
  156:32  warning  Unexpected any. Specify a different type  @typescript-eslint/no-explicit-any
  167:31  warning  Unexpected any. Specify a different type  @typescript-eslint/no-explicit-any
  175:32  warning  Unexpected any. Specify a different type  @typescript-eslint/no-explicit-any
  194:32  warning  Unexpected any. Specify a different type  @typescript-eslint/no-explicit-any

C:\Projects\PaySurity\apps\api\src\modules\payroll\controllers\payroll-runs.controller.ts
  11:3  warning  'UseGuards' is defined but never used  @typescript-eslint/no-unused-vars

C:\Projects\PaySurity\apps\api\src\modules\payroll\dto\payroll.dto.ts
  2:10  warning  'Type' is defined but never used  @typescript-eslint/no-unused-vars

C:\Projects\PaySurity\apps\api\src\modules\payroll\payroll-calculation.engine.ts
    9:3    warning  'Post' is defined but never used          @typescript-eslint/no-unused-vars
  251:23   warning  Unexpected any. Specify a different type  @typescript-eslint/no-explicit-any
  266:58   warning  'payPeriod' is defined but never used     @typescript-eslint/no-unused-vars
  321:18   warning  Unexpected any. Specify a different type  @typescript-eslint/no-explicit-any
  428:18   warning  Unexpected any. Specify a different type  @typescript-eslint/no-explicit-any
  526:149  warning  Unexpected any. Specify a different type  @typescript-eslint/no-explicit-any

C:\Projects\PaySurity\apps\api\src\modules\payroll\payroll-runs.service.ts
    1:51  warning  'InternalServerErrorException' is defined but never used  @typescript-eslint/no-unused-vars
    2:3   warning  'Get' is defined but never used                           @typescript-eslint/no-unused-vars
   10:61  warning  Unexpected any. Specify a different type                  @typescript-eslint/no-explicit-any
   13:32  warning  Unexpected any. Specify a different type                  @typescript-eslint/no-explicit-any
   30:32  warning  Unexpected any. Specify a different type                  @typescript-eslint/no-explicit-any
   40:44  warning  Unexpected any. Specify a different type                  @typescript-eslint/no-explicit-any
   55:41  warning  Unexpected any. Specify a different type                  @typescript-eslint/no-explicit-any
   64:40  warning  Unexpected any. Specify a different type                  @typescript-eslint/no-explicit-any
   76:65  warning  Unexpected any. Specify a different type                  @typescript-eslint/no-explicit-any
   76:93  warning  Unexpected any. Specify a different type                  @typescript-eslint/no-explicit-any
   79:25  warning  Unexpected any. Specify a different type                  @typescript-eslint/no-explicit-any
  155:39  warning  Unexpected any. Specify a different type                  @typescript-eslint/no-explicit-any
  168:23  warning  Unexpected any. Specify a different type                  @typescript-eslint/no-explicit-any
  177:41  warning  Unexpected any. Specify a different type                  @typescript-eslint/no-explicit-any
  183:23  warning  Unexpected any. Specify a different type                  @typescript-eslint/no-explicit-any
  196:29  warning  Unexpected any. Specify a different type                  @typescript-eslint/no-explicit-any
  198:38  warning  Unexpected any. Specify a different type                  @typescript-eslint/no-explicit-any
  207:34  warning  Unexpected any. Specify a different type                  @typescript-eslint/no-explicit-any
  209:35  warning  Unexpected any. Specify a different type                  @typescript-eslint/no-explicit-any
  213:39  warning  Unexpected any. Specify a different type                  @typescript-eslint/no-explicit-any

C:\Projects\PaySurity\apps\api\src\modules\payroll\payroll-tenant-isolation.spec.ts
   23:52  warning  'BadRequestException' is defined but never used  @typescript-eslint/no-unused-vars
   49:60  warning  Unexpected any. Specify a different type         @typescript-eslint/no-explicit-any
   55:65  warning  Unexpected any. Specify a different type         @typescript-eslint/no-explicit-any
   73:76  warning  '_dto' is defined but never used                 @typescript-eslint/no-unused-vars
   73:82  warning  Unexpected any. Specify a different type         @typescript-eslint/no-explicit-any
  100:74  warning  Unexpected any. Specify a different type         @typescript-eslint/no-explicit-any
  105:79  warning  Unexpected any. Specify a different type         @typescript-eslint/no-explicit-any
  121:24  warning  Unexpected any. Specify a different type         @typescript-eslint/no-explicit-any

C:\Projects\PaySurity\apps\api\src\modules\payroll\payroll.controller.ts
   1:39  warning  'HttpStatus' is defined but never used    @typescript-eslint/no-unused-vars
  38:39  warning  Unexpected any. Specify a different type  @typescript-eslint/no-explicit-any
  46:36  warning  Unexpected any. Specify a different type  @typescript-eslint/no-explicit-any
  53:41  warning  Unexpected any. Specify a different type  @typescript-eslint/no-explicit-any
  60:46  warning  Unexpected any. Specify a different type  @typescript-eslint/no-explicit-any
  67:48  warning  Unexpected any. Specify a different type  @typescript-eslint/no-explicit-any

C:\Projects\PaySurity\apps\api\src\modules\payroll\payroll.dto.ts
  14:10  warning  'Optional' is defined but never used  @typescript-eslint/no-unused-vars

C:\Projects\PaySurity\apps\api\src\modules\payroll\payroll.e2e-spec.ts
   13:34  warning  'BadRequestException' is defined but never used  @typescript-eslint/no-unused-vars
   61:19  warning  Unexpected any. Specify a different type         @typescript-eslint/no-explicit-any
   61:30  warning  Unexpected any. Specify a different type         @typescript-eslint/no-explicit-any
   61:41  warning  Unexpected any. Specify a different type         @typescript-eslint/no-explicit-any
   89:23  warning  Unexpected any. Specify a different type         @typescript-eslint/no-explicit-any
  110:23  warning  Unexpected any. Specify a different type         @typescript-eslint/no-explicit-any
  136:23  warning  Unexpected any. Specify a different type         @typescript-eslint/no-explicit-any

C:\Projects\PaySurity\apps\api\src\modules\payroll\payroll.edge-cases.spec.ts
  266:25   warning  Unexpected any. Specify a different type         @typescript-eslint/no-explicit-any
  269:13   warning  Unexpected console statement                     no-console
  297:69   warning  Unexpected any. Specify a different type         @typescript-eslint/no-explicit-any
  307:88   warning  Unexpected any. Specify a different type         @typescript-eslint/no-explicit-any
  312:93   warning  Unexpected any. Specify a different type         @typescript-eslint/no-explicit-any
  317:93   warning  Unexpected any. Specify a different type         @typescript-eslint/no-explicit-any
  327:106  warning  Unexpected any. Specify a different type         @typescript-eslint/no-explicit-any
  343:29   warning  Unexpected any. Specify a different type         @typescript-eslint/no-explicit-any
  402:29   warning  Unexpected any. Specify a different type         @typescript-eslint/no-explicit-any
  421:19   warning  'tenantB_id' is assigned a value but never used  @typescript-eslint/no-unused-vars
  464:29   warning  Unexpected any. Specify a different type         @typescript-eslint/no-explicit-any

C:\Projects\PaySurity\apps\api\src\modules\payroll\payroll.service.spec.ts
    2:10  warning  'Test' is defined but never used           @typescript-eslint/no-unused-vars
    2:16  warning  'TestingModule' is defined but never used  @typescript-eslint/no-unused-vars
    8:37  warning  Unexpected any. Specify a different type   @typescript-eslint/no-explicit-any
   49:65  warning  Unexpected any. Specify a different type   @typescript-eslint/no-explicit-any
  161:44  warning  Unexpected any. Specify a different type   @typescript-eslint/no-explicit-any

C:\Projects\PaySurity\apps\api\src\modules\payroll\payroll.service.ts
  19:61  warning  Unexpected any. Specify a different type  @typescript-eslint/no-explicit-any
  50:29  warning  Unexpected any. Specify a different type  @typescript-eslint/no-explicit-any

C:\Projects\PaySurity\apps\api\src\modules\payroll\payroll.spec.ts
   41:7   warning  'mockEmployeeIdHourly' is assigned a value but never used  @typescript-eslint/no-unused-vars
  114:56  warning  Unexpected any. Specify a different type                   @typescript-eslint/no-explicit-any
  144:56  warning  Unexpected any. Specify a different type                   @typescript-eslint/no-explicit-any
  145:31  warning  Unexpected any. Specify a different type                   @typescript-eslint/no-explicit-any
  147:63  warning  Unexpected any. Specify a different type                   @typescript-eslint/no-explicit-any
  180:56  warning  Unexpected any. Specify a different type                   @typescript-eslint/no-explicit-any

C:\Projects\PaySurity\apps\api\src\modules\payroll\services\payroll-runs.service.ts
  14:62  warning  Unexpected any. Specify a different type  @typescript-eslint/no-explicit-any

C:\Projects\PaySurity\apps\api\src\modules\platform\platform.controller.ts
   23:71  warning  Unexpected any. Specify a different type  @typescript-eslint/no-explicit-any
   33:52  warning  Unexpected any. Specify a different type  @typescript-eslint/no-explicit-any
   35:38  warning  Unexpected any. Specify a different type  @typescript-eslint/no-explicit-any
   44:54  warning  Unexpected any. Specify a different type  @typescript-eslint/no-explicit-any
   60:67  warning  Unexpected any. Specify a different type  @typescript-eslint/no-explicit-any
   77:47  warning  'loadId' is defined but never used        @typescript-eslint/no-unused-vars
   77:72  warning  Unexpected any. Specify a different type  @typescript-eslint/no-explicit-any
  105:30  warning  Unexpected any. Specify a different type  @typescript-eslint/no-explicit-any
  140:23  warning  Unexpected any. Specify a different type  @typescript-eslint/no-explicit-any
  195:18  warning  Unexpected any. Specify a different type  @typescript-eslint/no-explicit-any
  195:40  warning  Unexpected any. Specify a different type  @typescript-eslint/no-explicit-any
  198:20  warning  Unexpected any. Specify a different type  @typescript-eslint/no-explicit-any

C:\Projects\PaySurity\apps\api\src\modules\platform\platform.dto.ts
  17:10  warning  'Module' is defined but never used  @typescript-eslint/no-unused-vars

C:\Projects\PaySurity\apps\api\src\modules\platform\platform.service.ts
   57:56  warning  Unexpected any. Specify a different type  @typescript-eslint/no-explicit-any
  117:38  warning  Unexpected any. Specify a different type  @typescript-eslint/no-explicit-any
  135:42  warning  Unexpected any. Specify a different type  @typescript-eslint/no-explicit-any
  153:45  warning  Unexpected any. Specify a different type  @typescript-eslint/no-explicit-any
  186:42  warning  Unexpected any. Specify a different type  @typescript-eslint/no-explicit-any
  198:44  warning  Unexpected any. Specify a different type  @typescript-eslint/no-explicit-any
  214:23  warning  Unexpected any. Specify a different type  @typescript-eslint/no-explicit-any
  222:23  warning  Unexpected any. Specify a different type  @typescript-eslint/no-explicit-any
  234:48  warning  Unexpected any. Specify a different type  @typescript-eslint/no-explicit-any
  261:48  warning  Unexpected any. Specify a different type  @typescript-eslint/no-explicit-any
  285:23  warning  Unexpected any. Specify a different type  @typescript-eslint/no-explicit-any
  304:25  warning  Unexpected any. Specify a different type  @typescript-eslint/no-explicit-any
  312:25  warning  Unexpected any. Specify a different type  @typescript-eslint/no-explicit-any
  319:25  warning  Unexpected any. Specify a different type  @typescript-eslint/no-explicit-any
  330:38  warning  Unexpected any. Specify a different type  @typescript-eslint/no-explicit-any
  357:48  warning  Unexpected any. Specify a different type  @typescript-eslint/no-explicit-any
  387:23  warning  Unexpected any. Specify a different type  @typescript-eslint/no-explicit-any

C:\Projects\PaySurity\apps\api\src\modules\pos-sync\pos-sync.controller.ts
   68:27  warning  Unexpected any. Specify a different type       @typescript-eslint/no-explicit-any
   75:46  warning  Unexpected any. Specify a different type       @typescript-eslint/no-explicit-any
   79:84  warning  Unexpected any. Specify a different type       @typescript-eslint/no-explicit-any
   84:5   warning  Unexpected console statement                   no-console
   90:60  warning  Unexpected any. Specify a different type       @typescript-eslint/no-explicit-any
  101:43  warning  Unexpected any. Specify a different type       @typescript-eslint/no-explicit-any
  127:37  warning  Unexpected any. Specify a different type       @typescript-eslint/no-explicit-any
  135:41  warning  Unexpected any. Specify a different type       @typescript-eslint/no-explicit-any
  142:41  warning  Unexpected any. Specify a different type       @typescript-eslint/no-explicit-any
  152:39  warning  Unexpected any. Specify a different type       @typescript-eslint/no-explicit-any
  160:25  warning  Unexpected any. Specify a different type       @typescript-eslint/no-explicit-any
  179:7   warning  Unexpected console statement                   no-console
  180:25  warning  Unexpected any. Specify a different type       @typescript-eslint/no-explicit-any
  193:84  warning  Unexpected any. Specify a different type       @typescript-eslint/no-explicit-any
  198:5   warning  Unexpected console statement                   no-console
  203:66  warning  Unexpected any. Specify a different type       @typescript-eslint/no-explicit-any
  213:49  warning  Unexpected any. Specify a different type       @typescript-eslint/no-explicit-any
  236:43  warning  Unexpected any. Specify a different type       @typescript-eslint/no-explicit-any
  244:41  warning  Unexpected any. Specify a different type       @typescript-eslint/no-explicit-any
  251:41  warning  Unexpected any. Specify a different type       @typescript-eslint/no-explicit-any
  261:39  warning  Unexpected any. Specify a different type       @typescript-eslint/no-explicit-any
  268:25  warning  Unexpected any. Specify a different type       @typescript-eslint/no-explicit-any
  287:7   warning  Unexpected console statement                   no-console
  288:25  warning  Unexpected any. Specify a different type       @typescript-eslint/no-explicit-any
  301:50  warning  Unexpected any. Specify a different type       @typescript-eslint/no-explicit-any
  308:62  warning  Unexpected any. Specify a different type       @typescript-eslint/no-explicit-any
  313:62  warning  Unexpected any. Specify a different type       @typescript-eslint/no-explicit-any
  319:54  warning  Unexpected any. Specify a different type       @typescript-eslint/no-explicit-any
  332:7   warning  Unexpected console statement                   no-console
  337:56  warning  Unexpected any. Specify a different type       @typescript-eslint/no-explicit-any
  344:5   warning  Unexpected console statement                   no-console
  348:25  warning  Unexpected any. Specify a different type       @typescript-eslint/no-explicit-any
  365:29  warning  Unexpected any. Specify a different type       @typescript-eslint/no-explicit-any
  377:11  warning  Unexpected console statement                   no-console
  381:7   warning  Unexpected console statement                   no-console
  397:7   warning  'PosSyncController' is defined but never used  @typescript-eslint/no-unused-vars

C:\Projects\PaySurity\apps\api\src\modules\pos-sync\pos-sync.module.ts
   13:3   warning  'HttpStatus' is defined but never used    @typescript-eslint/no-unused-vars
   33:12  warning  Unexpected any. Specify a different type  @typescript-eslint/no-explicit-any
   39:46  warning  Unexpected any. Specify a different type  @typescript-eslint/no-explicit-any
   43:77  warning  Unexpected any. Specify a different type  @typescript-eslint/no-explicit-any
   57:25  warning  Unexpected any. Specify a different type  @typescript-eslint/no-explicit-any
   61:48  warning  Unexpected any. Specify a different type  @typescript-eslint/no-explicit-any
   68:29  warning  Unexpected any. Specify a different type  @typescript-eslint/no-explicit-any
   74:29  warning  Unexpected any. Specify a different type  @typescript-eslint/no-explicit-any
   82:25  warning  Unexpected any. Specify a different type  @typescript-eslint/no-explicit-any
   85:25  warning  Unexpected any. Specify a different type  @typescript-eslint/no-explicit-any
   94:25  warning  Unexpected any. Specify a different type  @typescript-eslint/no-explicit-any
  100:77  warning  Unexpected any. Specify a different type  @typescript-eslint/no-explicit-any
  113:25  warning  Unexpected any. Specify a different type  @typescript-eslint/no-explicit-any
  117:48  warning  Unexpected any. Specify a different type  @typescript-eslint/no-explicit-any
  124:29  warning  Unexpected any. Specify a different type  @typescript-eslint/no-explicit-any
  130:29  warning  Unexpected any. Specify a different type  @typescript-eslint/no-explicit-any
  138:25  warning  Unexpected any. Specify a different type  @typescript-eslint/no-explicit-any
  141:25  warning  Unexpected any. Specify a different type  @typescript-eslint/no-explicit-any
  150:25  warning  Unexpected any. Specify a different type  @typescript-eslint/no-explicit-any
  156:50  warning  Unexpected any. Specify a different type  @typescript-eslint/no-explicit-any
  161:38  warning  Unexpected any. Specify a different type  @typescript-eslint/no-explicit-any
  185:72  warning  Unexpected any. Specify a different type  @typescript-eslint/no-explicit-any
  185:86  warning  Unexpected any. Specify a different type  @typescript-eslint/no-explicit-any
  191:23  warning  Unexpected any. Specify a different type  @typescript-eslint/no-explicit-any
  205:9   warning  Unexpected console statement              no-console
  209:9   warning  Unexpected console statement              no-console
  212:9   warning  Unexpected console statement              no-console
  224:36  warning  Unexpected any. Specify a different type  @typescript-eslint/no-explicit-any
  234:36  warning  Unexpected any. Specify a different type  @typescript-eslint/no-explicit-any
  244:35  warning  Unexpected any. Specify a different type  @typescript-eslint/no-explicit-any
  257:38  warning  Unexpected any. Specify a different type  @typescript-eslint/no-explicit-any

C:\Projects\PaySurity\apps\api\src\modules\pos-sync\pos-sync.service.ts
   30:12  warning  Unexpected any. Specify a different type  @typescript-eslint/no-explicit-any
   38:46  warning  Unexpected any. Specify a different type  @typescript-eslint/no-explicit-any
   42:53  warning  Unexpected any. Specify a different type  @typescript-eslint/no-explicit-any
   42:69  warning  Unexpected any. Specify a different type  @typescript-eslint/no-explicit-any
   45:40  warning  Unexpected any. Specify a different type  @typescript-eslint/no-explicit-any
   48:7   warning  Unexpected console statement              no-console
  187:50  warning  Unexpected any. Specify a different type  @typescript-eslint/no-explicit-any
  304:40  warning  Unexpected any. Specify a different type  @typescript-eslint/no-explicit-any
  304:95  warning  Unexpected any. Specify a different type  @typescript-eslint/no-explicit-any
  323:40  warning  Unexpected any. Specify a different type  @typescript-eslint/no-explicit-any
  323:95  warning  Unexpected any. Specify a different type  @typescript-eslint/no-explicit-any
  342:35  warning  Unexpected any. Specify a different type  @typescript-eslint/no-explicit-any
  342:86  warning  Unexpected any. Specify a different type  @typescript-eslint/no-explicit-any
  359:72  warning  Unexpected any. Specify a different type  @typescript-eslint/no-explicit-any

C:\Projects\PaySurity\apps\api\src\modules\price-engine\price-engine.controller.ts
   13:3   warning  'NotFoundException' is defined but never used  @typescript-eslint/no-unused-vars
   57:56  warning  Unexpected any. Specify a different type       @typescript-eslint/no-explicit-any
   76:38  warning  Unexpected any. Specify a different type       @typescript-eslint/no-explicit-any
  119:40  warning  Unexpected any. Specify a different type       @typescript-eslint/no-explicit-any
  136:7   warning  Unexpected console statement                   no-console

C:\Projects\PaySurity\apps\api\src\modules\price-engine\price-engine.module.ts
    9:30  warning  'IsOptional' is defined but never used    @typescript-eslint/no-unused-vars
   79:56  warning  Unexpected any. Specify a different type  @typescript-eslint/no-explicit-any
   83:40  warning  Unexpected any. Specify a different type  @typescript-eslint/no-explicit-any
   96:7   warning  Unexpected console statement              no-console
  156:27  warning  Unexpected any. Specify a different type  @typescript-eslint/no-explicit-any
  162:27  warning  Unexpected any. Specify a different type  @typescript-eslint/no-explicit-any
  168:7   warning  Unexpected console statement              no-console
  290:53  warning  Unexpected any. Specify a different type  @typescript-eslint/no-explicit-any

C:\Projects\PaySurity\apps\api\src\modules\price-engine\price-engine.service.ts
    3:20  warning  'IsOptional' is defined but never used    @typescript-eslint/no-unused-vars
   63:56  warning  Unexpected any. Specify a different type  @typescript-eslint/no-explicit-any
   66:38  warning  Unexpected any. Specify a different type  @typescript-eslint/no-explicit-any
  109:44  warning  Unexpected any. Specify a different type  @typescript-eslint/no-explicit-any
  127:44  warning  Unexpected any. Specify a different type  @typescript-eslint/no-explicit-any

C:\Projects\PaySurity\apps\api\src\modules\products\barcode-parser.service.ts
  20:71  warning  Unexpected any. Specify a different type  @typescript-eslint/no-explicit-any
  74:46  warning  Unexpected any. Specify a different type  @typescript-eslint/no-explicit-any
  94:37  warning  Unexpected any. Specify a different type  @typescript-eslint/no-explicit-any

C:\Projects\PaySurity\apps\api\src\modules\products\products.controller.ts
  16:3   warning  'UseGuards' is defined but never used     @typescript-eslint/no-unused-vars
  37:21  warning  Unexpected any. Specify a different type  @typescript-eslint/no-explicit-any
  50:21  warning  Unexpected any. Specify a different type  @typescript-eslint/no-explicit-any
  63:21  warning  Unexpected any. Specify a different type  @typescript-eslint/no-explicit-any
  77:21  warning  Unexpected any. Specify a different type  @typescript-eslint/no-explicit-any
  92:21  warning  Unexpected any. Specify a different type  @typescript-eslint/no-explicit-any

C:\Projects\PaySurity\apps\api\src\modules\products\products.edge-cases.spec.ts
  106:29   warning  'userId' is defined but never used        @typescript-eslint/no-unused-vars
  106:45   warning  'permission' is defined but never used    @typescript-eslint/no-unused-vars
  107:25   warning  'userId' is defined but never used        @typescript-eslint/no-unused-vars
  115:72   warning  Unexpected any. Specify a different type  @typescript-eslint/no-explicit-any
  135:84   warning  Unexpected any. Specify a different type  @typescript-eslint/no-explicit-any
  184:58   warning  Unexpected any. Specify a different type  @typescript-eslint/no-explicit-any
  195:58   warning  Unexpected any. Specify a different type  @typescript-eslint/no-explicit-any
  201:70   warning  Unexpected any. Specify a different type  @typescript-eslint/no-explicit-any
  211:58   warning  Unexpected any. Specify a different type  @typescript-eslint/no-explicit-any
  303:70   warning  'tenantId' is defined but never used      @typescript-eslint/no-unused-vars
  303:80   warning  'sku' is defined but never used           @typescript-eslint/no-unused-vars
  424:102  warning  Unexpected any. Specify a different type  @typescript-eslint/no-explicit-any
  586:66   warning  Unexpected any. Specify a different type  @typescript-eslint/no-explicit-any

C:\Projects\PaySurity\apps\api\src\modules\products\products.service.ts
  29:61  warning  Unexpected any. Specify a different type  @typescript-eslint/no-explicit-any

C:\Projects\PaySurity\apps\api\src\modules\products\products.spec.ts
   19:46  warning  'ProductResponseDto' is defined but never used  @typescript-eslint/no-unused-vars
   20:19  warning  'sql' is defined but never used                 @typescript-eslint/no-unused-vars
   37:18  warning  Unexpected any. Specify a different type        @typescript-eslint/no-explicit-any
   43:39  warning  Unexpected any. Specify a different type        @typescript-eslint/no-explicit-any
   44:39  warning  Unexpected any. Specify a different type        @typescript-eslint/no-explicit-any
   45:39  warning  Unexpected any. Specify a different type        @typescript-eslint/no-explicit-any
   46:40  warning  Unexpected any. Specify a different type        @typescript-eslint/no-explicit-any
   51:22  warning  Unexpected any. Specify a different type        @typescript-eslint/no-explicit-any
   59:43  warning  'table' is defined but never used               @typescript-eslint/no-unused-vars
   68:43  warning  'table' is defined but never used               @typescript-eslint/no-unused-vars
   87:43  warning  'table' is defined but never used               @typescript-eslint/no-unused-vars
  155:20  warning  'target' is defined but never used              @typescript-eslint/no-unused-vars
  155:28  warning  Unexpected any. Specify a different type        @typescript-eslint/no-explicit-any
  155:33  warning  'key' is defined but never used                 @typescript-eslint/no-unused-vars
  155:55  warning  'descriptor' is defined but never used          @typescript-eslint/no-unused-vars
  156:18  warning  'target' is defined but never used              @typescript-eslint/no-unused-vars
  156:26  warning  Unexpected any. Specify a different type        @typescript-eslint/no-explicit-any
  156:31  warning  'key' is defined but never used                 @typescript-eslint/no-unused-vars
  156:53  warning  'descriptor' is defined but never used          @typescript-eslint/no-unused-vars
  161:15  warning  'type' is defined but never used                @typescript-eslint/no-unused-vars
  163:28  warning  Unexpected any. Specify a different type        @typescript-eslint/no-explicit-any

C:\Projects\PaySurity\apps\api\src\modules\receipts\dto\receipt.dto.ts
  1:10  warning  'Optional' is defined but never used  @typescript-eslint/no-unused-vars

C:\Projects\PaySurity\apps\api\src\modules\receipts\receipts.controller.ts
  14:10  warning  'Controller' is defined but never used          @typescript-eslint/no-unused-vars
  14:22  warning  'Post' is defined but never used                @typescript-eslint/no-unused-vars
  14:28  warning  'Body' is defined but never used                @typescript-eslint/no-unused-vars
  14:34  warning  'UseGuards' is defined but never used           @typescript-eslint/no-unused-vars
  14:45  warning  'Req' is defined but never used                 @typescript-eslint/no-unused-vars
  14:50  warning  'HttpCode' is defined but never used            @typescript-eslint/no-unused-vars
  15:10  warning  'ApiBearerAuth' is defined but never used       @typescript-eslint/no-unused-vars
  15:25  warning  'ApiOperation' is defined but never used        @typescript-eslint/no-unused-vars
  15:39  warning  'ApiResponse' is defined but never used         @typescript-eslint/no-unused-vars
  15:52  warning  'ApiTags' is defined but never used             @typescript-eslint/no-unused-vars
  16:10  warning  'AuthGuard' is defined but never used           @typescript-eslint/no-unused-vars
  17:10  warning  'ReceiptsService' is defined but never used     @typescript-eslint/no-unused-vars
  18:10  warning  'GenerateReceiptDto' is defined but never used  @typescript-eslint/no-unused-vars
  18:30  warning  'ReceiptDetailsDto' is defined but never used   @typescript-eslint/no-unused-vars
  19:10  warning  'Request' is defined but never used             @typescript-eslint/no-unused-vars

C:\Projects\PaySurity\apps\api\src\modules\receipts\receipts.edge-cases.spec.ts
  140:19  warning  Unexpected any. Specify a different type  @typescript-eslint/no-explicit-any
  213:73  warning  Unexpected any. Specify a different type  @typescript-eslint/no-explicit-any
  219:78  warning  Unexpected any. Specify a different type  @typescript-eslint/no-explicit-any
  231:78  warning  Unexpected any. Specify a different type  @typescript-eslint/no-explicit-any
  249:70  warning  Unexpected any. Specify a different type  @typescript-eslint/no-explicit-any
  262:76  warning  Unexpected any. Specify a different type  @typescript-eslint/no-explicit-any
  268:71  warning  Unexpected any. Specify a different type  @typescript-eslint/no-explicit-any

C:\Projects\PaySurity\apps\api\src\modules\receipts\receipts.module.ts
  3:3  warning  'Inject' is defined but never used  @typescript-eslint/no-unused-vars

C:\Projects\PaySurity\apps\api\src\modules\receipts\receipts.service.ts
   9:61  warning  Unexpected any. Specify a different type  @typescript-eslint/no-explicit-any
  14:40  warning  Unexpected any. Specify a different type  @typescript-eslint/no-explicit-any
  28:40  warning  Unexpected any. Specify a different type  @typescript-eslint/no-explicit-any

C:\Projects\PaySurity\apps\api\src\modules\receipts\receipts.spec.ts
  26:10  warning  'NotFoundException' is defined but never used    @typescript-eslint/no-unused-vars
  45:7   warning  'mockUserId' is assigned a value but never used  @typescript-eslint/no-unused-vars

C:\Projects\PaySurity\apps\api\src\modules\refund-workflow\refund-workflow.controller.ts
   3:3   warning  'Patch' is defined but never used         @typescript-eslint/no-unused-vars
  41:56  warning  Unexpected any. Specify a different type  @typescript-eslint/no-explicit-any

C:\Projects\PaySurity\apps\api\src\modules\refund-workflow\refund-workflow.service.ts
   43:21  warning  Unexpected any. Specify a different type           @typescript-eslint/no-explicit-any
   59:10  warning  Unexpected any. Specify a different type           @typescript-eslint/no-explicit-any
   99:61  warning  Unexpected any. Specify a different type           @typescript-eslint/no-explicit-any
  197:44  warning  Unexpected any. Specify a different type           @typescript-eslint/no-explicit-any
  201:21  warning  Unexpected any. Specify a different type           @typescript-eslint/no-explicit-any
  352:28  warning  Unexpected any. Specify a different type           @typescript-eslint/no-explicit-any
  355:14  warning  'failedRefund' is assigned a value but never used  @typescript-eslint/no-unused-vars
  421:23  warning  Unexpected any. Specify a different type           @typescript-eslint/no-explicit-any

C:\Projects\PaySurity\apps\api\src\modules\reports\reports.controller.ts
  14:10  warning  'Type' is defined but never used  @typescript-eslint/no-unused-vars

C:\Projects\PaySurity\apps\api\src\modules\reports\reports.dto.ts
  14:10  warning  'Optional' is defined but never used  @typescript-eslint/no-unused-vars

C:\Projects\PaySurity\apps\api\src\modules\reports\reports.edge-cases.spec.ts
  109:17   warning  Unexpected any. Specify a different type  @typescript-eslint/no-explicit-any
  110:7    warning  Unexpected console statement              no-console
  152:17   warning  Unexpected any. Specify a different type  @typescript-eslint/no-explicit-any
  153:7    warning  Unexpected console statement              no-console
  158:28   warning  Unexpected console statement              no-console
  214:66   warning  Unexpected any. Specify a different type  @typescript-eslint/no-explicit-any
  226:83   warning  Unexpected any. Specify a different type  @typescript-eslint/no-explicit-any
  238:98   warning  Unexpected any. Specify a different type  @typescript-eslint/no-explicit-any
  250:116  warning  Unexpected any. Specify a different type  @typescript-eslint/no-explicit-any
  262:132  warning  Unexpected any. Specify a different type  @typescript-eslint/no-explicit-any
  268:130  warning  Unexpected any. Specify a different type  @typescript-eslint/no-explicit-any
  274:133  warning  Unexpected any. Specify a different type  @typescript-eslint/no-explicit-any
  409:85   warning  'start' is defined but never used         @typescript-eslint/no-unused-vars
  409:92   warning  'end' is defined but never used           @typescript-eslint/no-unused-vars
  485:96   warning  'endDate' is defined but never used       @typescript-eslint/no-unused-vars
  493:71   warning  'content' is defined but never used       @typescript-eslint/no-unused-vars

C:\Projects\PaySurity\apps\api\src\modules\reports\reports.processor.ts
  11:56  warning  Unexpected any. Specify a different type  @typescript-eslint/no-explicit-any
  15:26  warning  Unexpected any. Specify a different type  @typescript-eslint/no-explicit-any
  15:31  warning  Unexpected any. Specify a different type  @typescript-eslint/no-explicit-any
  15:54  warning  Unexpected any. Specify a different type  @typescript-eslint/no-explicit-any

C:\Projects\PaySurity\apps\api\src\modules\reports\reports.service.ts
  13:10  warning  'eq' is defined but never used            @typescript-eslint/no-unused-vars
  13:14  warning  'and' is defined but never used           @typescript-eslint/no-unused-vars
  13:24  warning  'between' is defined but never used       @typescript-eslint/no-unused-vars
  22:46  warning  Unexpected any. Specify a different type  @typescript-eslint/no-explicit-any
  84:31  warning  Unexpected any. Specify a different type  @typescript-eslint/no-explicit-any

C:\Projects\PaySurity\apps\api\src\modules\reports\reports.spec.ts
   19:40  warning  'ReportType' is defined but never used  @typescript-eslint/no-unused-vars
  105:9   warning  Unexpected console statement            no-console

C:\Projects\PaySurity\apps\api\src\modules\request-context\request-context.module.ts
   1:10  warning  'Module' is defined but never used          @typescript-eslint/no-unused-vars
   5:10  warning  'AuditLogModule' is defined but never used  @typescript-eslint/no-unused-vars
  39:63  warning  Unexpected any. Specify a different type    @typescript-eslint/no-explicit-any

C:\Projects\PaySurity\apps\api\src\modules\restaurant\analytics.service.ts
   84:7   warning  'schema' is assigned a value but only used as a type  @typescript-eslint/no-unused-vars
  115:65  warning  Unexpected any. Specify a different type              @typescript-eslint/no-explicit-any
  148:64  warning  Unexpected any. Specify a different type              @typescript-eslint/no-explicit-any
  182:54  warning  Unexpected any. Specify a different type              @typescript-eslint/no-explicit-any
  220:59  warning  Unexpected any. Specify a different type              @typescript-eslint/no-explicit-any
  254:62  warning  Unexpected any. Specify a different type              @typescript-eslint/no-explicit-any

C:\Projects\PaySurity\apps\api\src\modules\restaurant\catering.service.ts
  1:10  warning  'Injectable' is defined but never used                    @typescript-eslint/no-unused-vars
  1:22  warning  'Inject' is defined but never used                        @typescript-eslint/no-unused-vars
  1:30  warning  'BadRequestException' is defined but never used           @typescript-eslint/no-unused-vars
  1:51  warning  'NotFoundException' is defined but never used             @typescript-eslint/no-unused-vars
  1:70  warning  'InternalServerErrorException' is defined but never used  @typescript-eslint/no-unused-vars
  2:10  warning  'NodePgDatabase' is defined but never used                @typescript-eslint/no-unused-vars
  3:10  warning  'sql' is defined but never used                           @typescript-eslint/no-unused-vars

C:\Projects\PaySurity\apps\api\src\modules\restaurant\dto\restaurant-z-report.dto.ts
  1:52  warning  'Max' is defined but never used  @typescript-eslint/no-unused-vars

C:\Projects\PaySurity\apps\api\src\modules\restaurant\kds.service.ts
  17:47  warning  Unexpected any. Specify a different type  @typescript-eslint/no-explicit-any
  55:9   warning  Unexpected console statement              no-console

C:\Projects\PaySurity\apps\api\src\modules\restaurant\menu.service.ts
    1:30  warning  'NotFoundException' is defined but never used                    @typescript-eslint/no-unused-vars
    1:49  warning  'BadRequestException' is defined but never used                  @typescript-eslint/no-unused-vars
    9:20  warning  Unexpected any. Specify a different type                         @typescript-eslint/no-explicit-any
   17:7   warning  'TABLE_RESTAURANTS' is assigned a value but never used           @typescript-eslint/no-unused-vars
   18:7   warning  'TABLE_MENUS' is assigned a value but never used                 @typescript-eslint/no-unused-vars
   19:7   warning  'TABLE_MENU_CATEGORIES' is assigned a value but never used       @typescript-eslint/no-unused-vars
   20:7   warning  'TABLE_MENU_ITEMS' is assigned a value but never used            @typescript-eslint/no-unused-vars
   21:7   warning  'TABLE_PRICE_HISTORY' is assigned a value but never used         @typescript-eslint/no-unused-vars
   22:7   warning  'TABLE_MODIFIER_GROUPS' is assigned a value but never used       @typescript-eslint/no-unused-vars
   23:7   warning  'TABLE_MODIFIERS' is assigned a value but never used             @typescript-eslint/no-unused-vars
   24:7   warning  'TABLE_ITEM_MODIFIER_GROUPS' is assigned a value but never used  @typescript-eslint/no-unused-vars
   25:7   warning  'TABLE_ITEM_SCHEDULES' is assigned a value but never used        @typescript-eslint/no-unused-vars
   28:11  warning  'Menu' is defined but never used                                 @typescript-eslint/no-unused-vars
   40:11  warning  'Category' is defined but never used                             @typescript-eslint/no-unused-vars
   52:11  warning  'MenuItem' is defined but never used                             @typescript-eslint/no-unused-vars
   96:11  warning  'PriceHistory' is defined but never used                         @typescript-eslint/no-unused-vars
  106:11  warning  'ItemSchedule' is defined but never used                         @typescript-eslint/no-unused-vars
  122:61  warning  Unexpected any. Specify a different type                         @typescript-eslint/no-explicit-any
  144:41  warning  Unexpected any. Specify a different type                         @typescript-eslint/no-explicit-any

C:\Projects\PaySurity\apps\api\src\modules\restaurant\restaurant-z-report.service.ts
   7:69  warning  Unexpected any. Specify a different type  @typescript-eslint/no-explicit-any
   9:52  warning  Unexpected any. Specify a different type  @typescript-eslint/no-explicit-any
  14:40  warning  Unexpected any. Specify a different type  @typescript-eslint/no-explicit-any

C:\Projects\PaySurity\apps\api\src\modules\restaurant\restaurant.controller.ts
   36:29  warning  'OpenOrderParams' is defined but never used   @typescript-eslint/no-unused-vars
   36:46  warning  'AddItemParams' is defined but never used     @typescript-eslint/no-unused-vars
   36:72  warning  'CloseOrderParams' is defined but never used  @typescript-eslint/no-unused-vars
   93:37  warning  Unexpected any. Specify a different type      @typescript-eslint/no-explicit-any
   94:45  warning  Unexpected any. Specify a different type      @typescript-eslint/no-explicit-any
  216:29  warning  Unexpected any. Specify a different type      @typescript-eslint/no-explicit-any
  308:49  warning  Unexpected any. Specify a different type      @typescript-eslint/no-explicit-any
  343:26  warning  'locationId' is defined but never used        @typescript-eslint/no-unused-vars
  356:17  warning  Unexpected any. Specify a different type      @typescript-eslint/no-explicit-any
  375:39  warning  Unexpected any. Specify a different type      @typescript-eslint/no-explicit-any
  375:61  warning  Unexpected any. Specify a different type      @typescript-eslint/no-explicit-any

C:\Projects\PaySurity\apps\api\src\modules\restaurant\restaurant.e2e-spec.ts
    6:10  warning  'NodePgDatabase' is defined but never used          @typescript-eslint/no-unused-vars
    8:10  warning  'Inject' is defined but never used                  @typescript-eslint/no-unused-vars
   12:11  warning  Unexpected any. Specify a different type            @typescript-eslint/no-explicit-any
   13:16  warning  Unexpected any. Specify a different type            @typescript-eslint/no-explicit-any
   14:13  warning  Unexpected any. Specify a different type            @typescript-eslint/no-explicit-any
   60:7   warning  'eq' is assigned a value but never used             @typescript-eslint/no-unused-vars
   60:35  warning  Unexpected any. Specify a different type            @typescript-eslint/no-explicit-any
   64:7   warning  'currentSchema' is assigned a value but never used  @typescript-eslint/no-unused-vars
   64:22  warning  Unexpected any. Specify a different type            @typescript-eslint/no-explicit-any
   65:23  warning  Unexpected any. Specify a different type            @typescript-eslint/no-explicit-any
   66:25  warning  Unexpected any. Specify a different type            @typescript-eslint/no-explicit-any
   67:32  warning  Unexpected any. Specify a different type            @typescript-eslint/no-explicit-any
   76:33  warning  Unexpected any. Specify a different type            @typescript-eslint/no-explicit-any
   84:31  warning  Unexpected any. Specify a different type            @typescript-eslint/no-explicit-any
   98:24  warning  Unexpected any. Specify a different type            @typescript-eslint/no-explicit-any
  101:24  warning  Unexpected any. Specify a different type            @typescript-eslint/no-explicit-any
  106:29  warning  Unexpected any. Specify a different type            @typescript-eslint/no-explicit-any
  113:35  warning  Unexpected any. Specify a different type            @typescript-eslint/no-explicit-any
  114:59  warning  Unexpected any. Specify a different type            @typescript-eslint/no-explicit-any
  131:31  warning  Unexpected any. Specify a different type            @typescript-eslint/no-explicit-any
  132:55  warning  Unexpected any. Specify a different type            @typescript-eslint/no-explicit-any
  148:22  warning  Unexpected any. Specify a different type            @typescript-eslint/no-explicit-any
  153:24  warning  Unexpected any. Specify a different type            @typescript-eslint/no-explicit-any
  171:35  warning  Unexpected any. Specify a different type            @typescript-eslint/no-explicit-any
  179:38  warning  Unexpected any. Specify a different type            @typescript-eslint/no-explicit-any
  180:59  warning  Unexpected any. Specify a different type            @typescript-eslint/no-explicit-any
  198:22  warning  Unexpected any. Specify a different type            @typescript-eslint/no-explicit-any
  203:23  warning  Unexpected any. Specify a different type            @typescript-eslint/no-explicit-any
  206:29  warning  Unexpected any. Specify a different type            @typescript-eslint/no-explicit-any
  209:39  warning  Unexpected any. Specify a different type            @typescript-eslint/no-explicit-any
  213:42  warning  Unexpected any. Specify a different type            @typescript-eslint/no-explicit-any
  226:42  warning  Unexpected any. Specify a different type            @typescript-eslint/no-explicit-any
  227:63  warning  Unexpected any. Specify a different type            @typescript-eslint/no-explicit-any
  257:22  warning  Unexpected any. Specify a different type            @typescript-eslint/no-explicit-any
  262:25  warning  Unexpected any. Specify a different type            @typescript-eslint/no-explicit-any
  265:35  warning  Unexpected any. Specify a different type            @typescript-eslint/no-explicit-any
  269:38  warning  Unexpected any. Specify a different type            @typescript-eslint/no-explicit-any
  287:38  warning  Unexpected any. Specify a different type            @typescript-eslint/no-explicit-any
  288:59  warning  Unexpected any. Specify a different type            @typescript-eslint/no-explicit-any
  303:34  warning  Unexpected any. Specify a different type            @typescript-eslint/no-explicit-any
  561:35  warning  Unexpected any. Specify a different type            @typescript-eslint/no-explicit-any

C:\Projects\PaySurity\apps\api\src\modules\restaurant\restaurant.service.ts
   21:22   warning  'ConflictException' is defined but never used               @typescript-eslint/no-unused-vars
   83:61   warning  Unexpected any. Specify a different type                    @typescript-eslint/no-explicit-any
   98:23   warning  Unexpected any. Specify a different type                    @typescript-eslint/no-explicit-any
  122:31   warning  Unexpected any. Specify a different type                    @typescript-eslint/no-explicit-any
  196:35   warning  Unexpected any. Specify a different type                    @typescript-eslint/no-explicit-any
  205:37   warning  Unexpected any. Specify a different type                    @typescript-eslint/no-explicit-any
  240:53   warning  Unexpected any. Specify a different type                    @typescript-eslint/no-explicit-any
  260:56   warning  Unexpected any. Specify a different type                    @typescript-eslint/no-explicit-any
  283:35   warning  Unexpected any. Specify a different type                    @typescript-eslint/no-explicit-any
  296:18   warning  Unexpected any. Specify a different type                    @typescript-eslint/no-explicit-any
  296:42   warning  Unexpected any. Specify a different type                    @typescript-eslint/no-explicit-any
  379:35   warning  Unexpected any. Specify a different type                    @typescript-eslint/no-explicit-any
  421:53   warning  Unexpected any. Specify a different type                    @typescript-eslint/no-explicit-any
  470:74   warning  'loyaltyPointsToRedeem' is assigned a value but never used  @typescript-eslint/no-unused-vars
  479:35   warning  Unexpected any. Specify a different type                    @typescript-eslint/no-explicit-any
  578:35   warning  Unexpected any. Specify a different type                    @typescript-eslint/no-explicit-any
  627:53   warning  Unexpected any. Specify a different type                    @typescript-eslint/no-explicit-any
  643:69   warning  Unexpected any. Specify a different type                    @typescript-eslint/no-explicit-any
  662:24   warning  Unexpected any. Specify a different type                    @typescript-eslint/no-explicit-any
  662:52   warning  Unexpected any. Specify a different type                    @typescript-eslint/no-explicit-any
  673:70   warning  Unexpected any. Specify a different type                    @typescript-eslint/no-explicit-any
  686:23   warning  Unexpected any. Specify a different type                    @typescript-eslint/no-explicit-any
  689:62   warning  Unexpected any. Specify a different type                    @typescript-eslint/no-explicit-any
  708:28   warning  Unexpected any. Specify a different type                    @typescript-eslint/no-explicit-any
  717:109  warning  Unexpected any. Specify a different type                    @typescript-eslint/no-explicit-any
  741:31   warning  Unexpected any. Specify a different type                    @typescript-eslint/no-explicit-any
  756:45   warning  Unexpected any. Specify a different type                    @typescript-eslint/no-explicit-any
  798:79   warning  Unexpected any. Specify a different type                    @typescript-eslint/no-explicit-any
  829:21   warning  'e' is defined but never used                               @typescript-eslint/no-unused-vars
  829:24   warning  Unexpected any. Specify a different type                    @typescript-eslint/no-explicit-any
  846:16   warning  'e' is defined but never used                               @typescript-eslint/no-unused-vars
  873:28   warning  Unexpected any. Specify a different type                    @typescript-eslint/no-explicit-any
  890:23   warning  Unexpected any. Specify a different type                    @typescript-eslint/no-explicit-any
  898:30   warning  Unexpected any. Specify a different type                    @typescript-eslint/no-explicit-any
  901:80   warning  Unexpected any. Specify a different type                    @typescript-eslint/no-explicit-any
  922:64   warning  Unexpected any. Specify a different type                    @typescript-eslint/no-explicit-any
  942:44   warning  Unexpected any. Specify a different type                    @typescript-eslint/no-explicit-any

C:\Projects\PaySurity\apps\api\src\modules\restaurant\shifts.service.ts
    3:36  warning  'decimal' is defined but never used       @typescript-eslint/no-unused-vars
   10:83  warning  Unexpected any. Specify a different type  @typescript-eslint/no-explicit-any
   14:11  warning  'ClockInDto' is defined but never used    @typescript-eslint/no-unused-vars
   18:11  warning  'ClockOutDto' is defined but never used   @typescript-eslint/no-unused-vars
   84:65  warning  Unexpected any. Specify a different type  @typescript-eslint/no-explicit-any
  102:42  warning  Unexpected any. Specify a different type  @typescript-eslint/no-explicit-any
  152:59  warning  Unexpected any. Specify a different type  @typescript-eslint/no-explicit-any
  155:41  warning  Unexpected any. Specify a different type  @typescript-eslint/no-explicit-any
  171:46  warning  Unexpected any. Specify a different type  @typescript-eslint/no-explicit-any
  208:40  warning  Unexpected any. Specify a different type  @typescript-eslint/no-explicit-any
  228:46  warning  Unexpected any. Specify a different type  @typescript-eslint/no-explicit-any
  290:38  warning  Unexpected any. Specify a different type  @typescript-eslint/no-explicit-any

C:\Projects\PaySurity\apps\api\src\modules\restaurant\tables.service.ts
    1:30  warning  'NotFoundException' is defined but never used  @typescript-eslint/no-unused-vars
    3:10  warning  'sql' is defined but never used                @typescript-eslint/no-unused-vars
    8:77  warning  Unexpected any. Specify a different type       @typescript-eslint/no-explicit-any
  108:61  warning  Unexpected any. Specify a different type       @typescript-eslint/no-explicit-any
  112:24  warning  'tenantId' is defined but never used           @typescript-eslint/no-unused-vars
  112:34  warning  'log' is defined but never used                @typescript-eslint/no-unused-vars

C:\Projects\PaySurity\apps\api\src\modules\retail\cash-control.controller.ts
   1:46  warning  'UseGuards' is defined but never used     @typescript-eslint/no-unused-vars
   1:66  warning  'Injectable' is defined but never used    @typescript-eslint/no-unused-vars
  10:37  warning  Unexpected any. Specify a different type  @typescript-eslint/no-explicit-any
  10:56  warning  Unexpected any. Specify a different type  @typescript-eslint/no-explicit-any
  22:45  warning  Unexpected any. Specify a different type  @typescript-eslint/no-explicit-any
  22:96  warning  Unexpected any. Specify a different type  @typescript-eslint/no-explicit-any
  33:47  warning  Unexpected any. Specify a different type  @typescript-eslint/no-explicit-any
  33:98  warning  Unexpected any. Specify a different type  @typescript-eslint/no-explicit-any

C:\Projects\PaySurity\apps\api\src\modules\retail\cash-control.service.ts
   23:61  warning  Unexpected any. Specify a different type  @typescript-eslint/no-explicit-any
   38:25  warning  Unexpected any. Specify a different type  @typescript-eslint/no-explicit-any
   41:43  warning  Unexpected any. Specify a different type  @typescript-eslint/no-explicit-any
   49:41  warning  Unexpected any. Specify a different type  @typescript-eslint/no-explicit-any
   57:25  warning  Unexpected any. Specify a different type  @typescript-eslint/no-explicit-any
   60:25  warning  Unexpected any. Specify a different type  @typescript-eslint/no-explicit-any
   71:44  warning  Unexpected any. Specify a different type  @typescript-eslint/no-explicit-any
   92:43  warning  Unexpected any. Specify a different type  @typescript-eslint/no-explicit-any
  116:45  warning  Unexpected any. Specify a different type  @typescript-eslint/no-explicit-any
  130:40  warning  Unexpected any. Specify a different type  @typescript-eslint/no-explicit-any
  137:30  warning  Unexpected any. Specify a different type  @typescript-eslint/no-explicit-any

C:\Projects\PaySurity\apps\api\src\modules\retail\inventory.service.ts
   53:61  warning  Unexpected any. Specify a different type  @typescript-eslint/no-explicit-any
  208:32  warning  Unexpected any. Specify a different type  @typescript-eslint/no-explicit-any
  221:32  warning  Unexpected any. Specify a different type  @typescript-eslint/no-explicit-any
  258:30  warning  Unexpected any. Specify a different type  @typescript-eslint/no-explicit-any

C:\Projects\PaySurity\apps\api\src\modules\retail\retail.controller.ts
  15:33  warning  Unexpected any. Specify a different type  @typescript-eslint/no-explicit-any
  21:33  warning  Unexpected any. Specify a different type  @typescript-eslint/no-explicit-any
  21:55  warning  Unexpected any. Specify a different type  @typescript-eslint/no-explicit-any

C:\Projects\PaySurity\apps\api\src\modules\retail\retail.service.ts
  11:61  warning  Unexpected any. Specify a different type  @typescript-eslint/no-explicit-any
  35:41  warning  Unexpected any. Specify a different type  @typescript-eslint/no-explicit-any
  50:64  warning  Unexpected any. Specify a different type  @typescript-eslint/no-explicit-any
  75:67  warning  Unexpected any. Specify a different type  @typescript-eslint/no-explicit-any

C:\Projects\PaySurity\apps\api\src\modules\returns\returns.controller.ts
  36:17  warning  Unexpected any. Specify a different type  @typescript-eslint/no-explicit-any
  50:17  warning  Unexpected any. Specify a different type  @typescript-eslint/no-explicit-any
  60:17  warning  Unexpected any. Specify a different type  @typescript-eslint/no-explicit-any
  71:17  warning  Unexpected any. Specify a different type  @typescript-eslint/no-explicit-any
  83:17  warning  Unexpected any. Specify a different type  @typescript-eslint/no-explicit-any

C:\Projects\PaySurity\apps\api\src\modules\returns\returns.edge-cases.spec.ts
  293:30  warning  Unexpected any. Specify a different type  @typescript-eslint/no-explicit-any
  300:43  warning  Unexpected any. Specify a different type  @typescript-eslint/no-explicit-any
  391:79  warning  Unexpected any. Specify a different type  @typescript-eslint/no-explicit-any
  392:84  warning  Unexpected any. Specify a different type  @typescript-eslint/no-explicit-any
  401:67  warning  Unexpected any. Specify a different type  @typescript-eslint/no-explicit-any
  411:57  warning  Unexpected any. Specify a different type  @typescript-eslint/no-explicit-any
  419:12  warning  Unexpected any. Specify a different type  @typescript-eslint/no-explicit-any
  432:39  warning  Unexpected any. Specify a different type  @typescript-eslint/no-explicit-any
  439:61  warning  Unexpected any. Specify a different type  @typescript-eslint/no-explicit-any
  444:50  warning  Unexpected any. Specify a different type  @typescript-eslint/no-explicit-any
  452:25  warning  Unexpected any. Specify a different type  @typescript-eslint/no-explicit-any
  689:76  warning  Unexpected any. Specify a different type  @typescript-eslint/no-explicit-any
  740:76  warning  Unexpected any. Specify a different type  @typescript-eslint/no-explicit-any
  789:82  warning  Unexpected any. Specify a different type  @typescript-eslint/no-explicit-any
  838:76  warning  Unexpected any. Specify a different type  @typescript-eslint/no-explicit-any
  857:57  warning  Unexpected any. Specify a different type  @typescript-eslint/no-explicit-any
  870:60  warning  Unexpected any. Specify a different type  @typescript-eslint/no-explicit-any

C:\Projects\PaySurity\apps\api\src\modules\returns\returns.module.ts
  10:7    warning  'entityType' is defined but never used    @typescript-eslint/no-unused-vars
  10:27   warning  'entityId' is defined but never used      @typescript-eslint/no-unused-vars
  10:45   warning  'operation' is defined but never used     @typescript-eslint/no-unused-vars
  10:64   warning  'userId' is defined but never used        @typescript-eslint/no-unused-vars
  10:80   warning  'tenantId' is defined but never used      @typescript-eslint/no-unused-vars
  10:98   warning  'details' is defined but never used       @typescript-eslint/no-unused-vars
  10:108  warning  Unexpected any. Specify a different type  @typescript-eslint/no-explicit-any

C:\Projects\PaySurity\apps\api\src\modules\returns\returns.service.ts
   18:10   warning  'DatabaseModule' is defined but never used   @typescript-eslint/no-unused-vars
   21:10   warning  'AuditLogService' is defined but never used  @typescript-eslint/no-unused-vars
   25:7    warning  'entityType' is defined but never used       @typescript-eslint/no-unused-vars
   25:27   warning  'entityId' is defined but never used         @typescript-eslint/no-unused-vars
   25:45   warning  'operation' is defined but never used        @typescript-eslint/no-unused-vars
   25:64   warning  'userId' is defined but never used           @typescript-eslint/no-unused-vars
   25:80   warning  'tenantId' is defined but never used         @typescript-eslint/no-unused-vars
   25:98   warning  'details' is defined but never used          @typescript-eslint/no-unused-vars
   25:108  warning  Unexpected any. Specify a different type     @typescript-eslint/no-explicit-any
   77:7    warning  Unexpected console statement                 no-console
  101:7    warning  Unexpected console statement                 no-console
  122:7    warning  Unexpected console statement                 no-console
  167:7    warning  Unexpected console statement                 no-console
  204:7    warning  Unexpected console statement                 no-console

C:\Projects\PaySurity\apps\api\src\modules\returns\returns.spec.ts
   54:10  warning  'eq' is defined but never used            @typescript-eslint/no-unused-vars
   54:14  warning  'and' is defined but never used           @typescript-eslint/no-unused-vars
  196:19  warning  Unexpected any. Specify a different type  @typescript-eslint/no-explicit-any
  208:19  warning  Unexpected any. Specify a different type  @typescript-eslint/no-explicit-any
  220:19  warning  Unexpected any. Specify a different type  @typescript-eslint/no-explicit-any
  232:19  warning  Unexpected any. Specify a different type  @typescript-eslint/no-explicit-any
  241:19  warning  Unexpected any. Specify a different type  @typescript-eslint/no-explicit-any
  254:19  warning  Unexpected any. Specify a different type  @typescript-eslint/no-explicit-any
  264:19  warning  Unexpected any. Specify a different type  @typescript-eslint/no-explicit-any
  274:19  warning  Unexpected any. Specify a different type  @typescript-eslint/no-explicit-any
  282:19  warning  Unexpected any. Specify a different type  @typescript-eslint/no-explicit-any
  447:19  warning  Unexpected any. Specify a different type  @typescript-eslint/no-explicit-any
  466:19  warning  Unexpected any. Specify a different type  @typescript-eslint/no-explicit-any
  478:19  warning  Unexpected any. Specify a different type  @typescript-eslint/no-explicit-any
  491:19  warning  Unexpected any. Specify a different type  @typescript-eslint/no-explicit-any

C:\Projects\PaySurity\apps\api\src\modules\secrets\secrets.service.ts
  29:22  warning  Unexpected any. Specify a different type  @typescript-eslint/no-explicit-any
  35:95  warning  Unexpected any. Specify a different type  @typescript-eslint/no-explicit-any

C:\Projects\PaySurity\apps\api\src\modules\security\dto\security-event.dto.ts
  102:28  warning  Unexpected any. Specify a different type  @typescript-eslint/no-explicit-any

C:\Projects\PaySurity\apps\api\src\modules\security\rls-watchdog.service.ts
  6:71  warning  Unexpected any. Specify a different type  @typescript-eslint/no-explicit-any

C:\Projects\PaySurity\apps\api\src\modules\security\security-config.service.ts
  7:56  warning  Unexpected any. Specify a different type  @typescript-eslint/no-explicit-any

C:\Projects\PaySurity\apps\api\src\modules\security\security-events.controller.ts
  2:34  warning  'UseGuards' is defined but never used  @typescript-eslint/no-unused-vars

C:\Projects\PaySurity\apps\api\src\modules\security\security-events.service.ts
  11:27  warning  Unexpected any. Specify a different type  @typescript-eslint/no-explicit-any
  19:28  warning  Unexpected any. Specify a different type  @typescript-eslint/no-explicit-any
  29:27  warning  Unexpected any. Specify a different type  @typescript-eslint/no-explicit-any

C:\Projects\PaySurity\apps\api\src\modules\security\security.controller.ts
   1:27  warning  'Post' is defined but never used          @typescript-eslint/no-unused-vars
   1:33  warning  'Put' is defined but never used           @typescript-eslint/no-unused-vars
   1:38  warning  'Delete' is defined but never used        @typescript-eslint/no-unused-vars
   1:46  warning  'Body' is defined but never used          @typescript-eslint/no-unused-vars
  10:26  warning  Unexpected any. Specify a different type  @typescript-eslint/no-explicit-any
  16:33  warning  Unexpected any. Specify a different type  @typescript-eslint/no-explicit-any
  16:47  warning  'query' is defined but never used         @typescript-eslint/no-unused-vars
  16:54  warning  Unexpected any. Specify a different type  @typescript-eslint/no-explicit-any

C:\Projects\PaySurity\apps\api\src\modules\security\security.edge-cases.spec.ts
   40:31  warning  Unexpected any. Specify a different type  @typescript-eslint/no-explicit-any
  118:27  warning  Unexpected any. Specify a different type  @typescript-eslint/no-explicit-any
  148:28  warning  Unexpected any. Specify a different type  @typescript-eslint/no-explicit-any
  337:31  warning  Unexpected any. Specify a different type  @typescript-eslint/no-explicit-any
  405:44  warning  Unexpected any. Specify a different type  @typescript-eslint/no-explicit-any
  418:29  warning  Unexpected any. Specify a different type  @typescript-eslint/no-explicit-any

C:\Projects\PaySurity\apps\api\src\modules\security\security.service.ts
  14:10  warning  'Injectable' is defined but never used                 @typescript-eslint/no-unused-vars
  14:22  warning  'Inject' is defined but never used                     @typescript-eslint/no-unused-vars
  14:30  warning  'NotFoundException' is defined but never used          @typescript-eslint/no-unused-vars
  14:49  warning  'BadRequestException' is defined but never used        @typescript-eslint/no-unused-vars
  14:70  warning  'Logger' is defined but never used                     @typescript-eslint/no-unused-vars
  15:10  warning  'eq' is defined but never used                         @typescript-eslint/no-unused-vars
  15:14  warning  'like' is defined but never used                       @typescript-eslint/no-unused-vars
  15:20  warning  'and' is defined but never used                        @typescript-eslint/no-unused-vars
  15:25  warning  'sql' is defined but never used                        @typescript-eslint/no-unused-vars
  16:10  warning  'PgDatabase' is defined but never used                 @typescript-eslint/no-unused-vars
  17:10  warning  'CreateSecurityEventDto' is defined but never used     @typescript-eslint/no-unused-vars
  17:34  warning  'SecurityEventResponseDto' is defined but never used   @typescript-eslint/no-unused-vars
  17:60  warning  'GetSecurityEventsQueryDto' is defined but never used  @typescript-eslint/no-unused-vars
  19:3   warning  'pgTable' is defined but never used                    @typescript-eslint/no-unused-vars
  20:3   warning  'uuid' is defined but never used                       @typescript-eslint/no-unused-vars
  21:3   warning  'timestamp' is defined but never used                  @typescript-eslint/no-unused-vars
  22:3   warning  'text' is defined but never used                       @typescript-eslint/no-unused-vars
  23:3   warning  'jsonb' is defined but never used                      @typescript-eslint/no-unused-vars
  24:3   warning  'pgEnum' is defined but never used                     @typescript-eslint/no-unused-vars

C:\Projects\PaySurity\apps\api\src\modules\security\security.spec.ts
   54:3   warning  'GetSecurityEventsQueryDto' is defined but never used             @typescript-eslint/no-unused-vars
   90:7   warning  'mockAuditLogServiceInstance' is assigned a value but never used  @typescript-eslint/no-unused-vars
  158:56  warning  Unexpected any. Specify a different type                          @typescript-eslint/no-explicit-any
  303:33  warning  Unexpected any. Specify a different type                          @typescript-eslint/no-explicit-any

C:\Projects\PaySurity\apps\api\src\modules\services\log-aggregation.service.ts
   29:28  warning  Unexpected any. Specify a different type  @typescript-eslint/no-explicit-any
  101:62  warning  Unexpected any. Specify a different type  @typescript-eslint/no-explicit-any

C:\Projects\PaySurity\apps\api\src\modules\services\payroll-runs.service.ts
   3:3   warning  'Optional' is defined but never used      @typescript-eslint/no-unused-vars
  10:62  warning  Unexpected any. Specify a different type  @typescript-eslint/no-explicit-any

C:\Projects\PaySurity\apps\api\src\modules\settlement\settlement-batch.controller.ts
   3:52  warning  'Query' is defined but never used         @typescript-eslint/no-unused-vars
  18:33  warning  Unexpected any. Specify a different type  @typescript-eslint/no-explicit-any
  26:58  warning  Unexpected any. Specify a different type  @typescript-eslint/no-explicit-any
  35:30  warning  Unexpected any. Specify a different type  @typescript-eslint/no-explicit-any
  35:51  warning  Unexpected any. Specify a different type  @typescript-eslint/no-explicit-any
  43:55  warning  Unexpected any. Specify a different type  @typescript-eslint/no-explicit-any
  43:76  warning  Unexpected any. Specify a different type  @typescript-eslint/no-explicit-any
  52:57  warning  Unexpected any. Specify a different type  @typescript-eslint/no-explicit-any
  60:63  warning  Unexpected any. Specify a different type  @typescript-eslint/no-explicit-any
  69:60  warning  Unexpected any. Specify a different type  @typescript-eslint/no-explicit-any

C:\Projects\PaySurity\apps\api\src\modules\settlement\settlement-batch.service.ts
   6:27  warning  Unexpected any. Specify a different type  @typescript-eslint/no-explicit-any
  17:58  warning  Unexpected any. Specify a different type  @typescript-eslint/no-explicit-any
  20:44  warning  Unexpected any. Specify a different type  @typescript-eslint/no-explicit-any
  32:57  warning  Unexpected any. Specify a different type  @typescript-eslint/no-explicit-any
  46:55  warning  Unexpected any. Specify a different type  @typescript-eslint/no-explicit-any
  46:70  warning  Unexpected any. Specify a different type  @typescript-eslint/no-explicit-any
  61:67  warning  Unexpected any. Specify a different type  @typescript-eslint/no-explicit-any
  61:82  warning  Unexpected any. Specify a different type  @typescript-eslint/no-explicit-any

C:\Projects\PaySurity\apps\api\src\modules\settlement\settlement-batches.controller.ts
   1:68  warning  'UseGuards' is defined but never used     @typescript-eslint/no-unused-vars
  22:85  warning  Unexpected any. Specify a different type  @typescript-eslint/no-explicit-any
  29:65  warning  Unexpected any. Specify a different type  @typescript-eslint/no-explicit-any
  38:51  warning  Unexpected any. Specify a different type  @typescript-eslint/no-explicit-any
  54:14  warning  Unexpected any. Specify a different type  @typescript-eslint/no-explicit-any

C:\Projects\PaySurity\apps\api\src\modules\settlement\settlement-batches.service.ts
  5:16  warning  'dto' is defined but never used           @typescript-eslint/no-unused-vars
  5:21  warning  Unexpected any. Specify a different type  @typescript-eslint/no-explicit-any
  5:35  warning  Unexpected any. Specify a different type  @typescript-eslint/no-explicit-any
  6:17  warning  'dto' is defined but never used           @typescript-eslint/no-unused-vars
  6:22  warning  Unexpected any. Specify a different type  @typescript-eslint/no-explicit-any
  6:36  warning  Unexpected any. Specify a different type  @typescript-eslint/no-explicit-any
  7:17  warning  'id' is defined but never used            @typescript-eslint/no-unused-vars
  7:38  warning  Unexpected any. Specify a different type  @typescript-eslint/no-explicit-any
  8:16  warning  'id' is defined but never used            @typescript-eslint/no-unused-vars
  8:28  warning  'dto' is defined but never used           @typescript-eslint/no-unused-vars
  8:33  warning  Unexpected any. Specify a different type  @typescript-eslint/no-explicit-any
  8:47  warning  Unexpected any. Specify a different type  @typescript-eslint/no-explicit-any
  9:16  warning  'id' is defined but never used            @typescript-eslint/no-unused-vars

C:\Projects\PaySurity\apps\api\src\modules\settlement\settlement.controller.ts
  28:3  warning  'Delete' is defined but never used     @typescript-eslint/no-unused-vars
  30:3  warning  'UseGuards' is defined but never used  @typescript-eslint/no-unused-vars

C:\Projects\PaySurity\apps\api\src\modules\settlement\settlement.dto.ts
  16:10  warning  'Type' is defined but never used  @typescript-eslint/no-unused-vars

C:\Projects\PaySurity\apps\api\src\modules\settlement\settlement.edge-cases.spec.ts
   15:3   warning  'UnauthorizedException' is defined but never used  @typescript-eslint/no-unused-vars
  152:47  warning  Unexpected any. Specify a different type           @typescript-eslint/no-explicit-any
  290:14  warning  Unexpected any. Specify a different type           @typescript-eslint/no-explicit-any
  314:14  warning  Unexpected any. Specify a different type           @typescript-eslint/no-explicit-any
  489:77  warning  '_filters' is defined but never used               @typescript-eslint/no-unused-vars
  728:14  warning  Unexpected any. Specify a different type           @typescript-eslint/no-explicit-any
  744:42  warning  Unexpected any. Specify a different type           @typescript-eslint/no-explicit-any

C:\Projects\PaySurity\apps\api\src\modules\settlement\settlement.service.ts
   16:3   warning  'Optional' is defined but never used             @typescript-eslint/no-unused-vars
   21:10  warning  'CreateSettlementDto' is defined but never used  @typescript-eslint/no-unused-vars
   21:31  warning  'UpdateSettlementDto' is defined but never used  @typescript-eslint/no-unused-vars
   78:61  warning  Unexpected any. Specify a different type         @typescript-eslint/no-explicit-any
  102:30  warning  Unexpected any. Specify a different type         @typescript-eslint/no-explicit-any
  106:14  warning  'e' is defined but never used                    @typescript-eslint/no-unused-vars
  146:21  warning  Unexpected any. Specify a different type         @typescript-eslint/no-explicit-any
  183:21  warning  Unexpected any. Specify a different type         @typescript-eslint/no-explicit-any
  272:21  warning  Unexpected any. Specify a different type         @typescript-eslint/no-explicit-any
  331:21  warning  Unexpected any. Specify a different type         @typescript-eslint/no-explicit-any
  375:21  warning  Unexpected any. Specify a different type         @typescript-eslint/no-explicit-any

C:\Projects\PaySurity\apps\api\src\modules\settlement\settlement.spec.ts
   81:7   warning  'mockAuditLogService' is assigned a value but never used  @typescript-eslint/no-unused-vars
  286:57  warning  Unexpected any. Specify a different type                  @typescript-eslint/no-explicit-any

C:\Projects\PaySurity\apps\api\src\modules\shifts\shifts.controller.ts
   28:3   warning  'UseGuards' is defined but never used      @typescript-eslint/no-unused-vars
   29:3   warning  'Optional' is defined but never used       @typescript-eslint/no-unused-vars
   31:10  warning  'CloseShiftDto' is defined but never used  @typescript-eslint/no-unused-vars
   51:17  warning  Unexpected any. Specify a different type   @typescript-eslint/no-explicit-any
   52:24  warning  Unexpected any. Specify a different type   @typescript-eslint/no-explicit-any
   73:17  warning  Unexpected any. Specify a different type   @typescript-eslint/no-explicit-any
   74:29  warning  Unexpected any. Specify a different type   @typescript-eslint/no-explicit-any
   95:17  warning  Unexpected any. Specify a different type   @typescript-eslint/no-explicit-any
   97:29  warning  Unexpected any. Specify a different type   @typescript-eslint/no-explicit-any
  113:28  warning  Unexpected any. Specify a different type   @typescript-eslint/no-explicit-any
  130:17  warning  Unexpected any. Specify a different type   @typescript-eslint/no-explicit-any
  132:23  warning  Unexpected any. Specify a different type   @typescript-eslint/no-explicit-any
  150:17  warning  Unexpected any. Specify a different type   @typescript-eslint/no-explicit-any
  152:23  warning  Unexpected any. Specify a different type   @typescript-eslint/no-explicit-any

C:\Projects\PaySurity\apps\api\src\modules\shifts\shifts.dto.ts
  14:10  warning  'IsUUID' is defined but never used        @typescript-eslint/no-unused-vars
  14:18  warning  'IsNumber' is defined but never used      @typescript-eslint/no-unused-vars
  14:28  warning  'Min' is defined but never used           @typescript-eslint/no-unused-vars
  14:33  warning  'IsNotEmpty' is defined but never used    @typescript-eslint/no-unused-vars
  14:45  warning  'IsEnum' is defined but never used        @typescript-eslint/no-unused-vars
  14:53  warning  'IsString' is defined but never used      @typescript-eslint/no-unused-vars
  14:63  warning  'IsOptional' is defined but never used    @typescript-eslint/no-unused-vars
  14:75  warning  'IsDateString' is defined but never used  @typescript-eslint/no-unused-vars
  15:10  warning  'Type' is defined but never used          @typescript-eslint/no-unused-vars

C:\Projects\PaySurity\apps\api\src\modules\shifts\shifts.edge-cases.spec.ts
   39:10  warning  'BadRequestException' is defined but never used  @typescript-eslint/no-unused-vars
   39:31  warning  'NotFoundException' is defined but never used    @typescript-eslint/no-unused-vars
  503:82  warning  'notes' is defined but never used                @typescript-eslint/no-unused-vars

C:\Projects\PaySurity\apps\api\src\modules\shifts\shifts.service.ts
   6:56  warning  Unexpected any. Specify a different type  @typescript-eslint/no-explicit-any
   8:35  warning  'queryDto' is defined but never used      @typescript-eslint/no-unused-vars
   8:45  warning  Unexpected any. Specify a different type  @typescript-eslint/no-explicit-any
   8:59  warning  Unexpected any. Specify a different type  @typescript-eslint/no-explicit-any
  13:50  warning  'dto' is defined but never used           @typescript-eslint/no-unused-vars
  13:55  warning  Unexpected any. Specify a different type  @typescript-eslint/no-explicit-any
  13:69  warning  Unexpected any. Specify a different type  @typescript-eslint/no-explicit-any
  21:67  warning  Unexpected any. Specify a different type  @typescript-eslint/no-explicit-any
  21:81  warning  Unexpected any. Specify a different type  @typescript-eslint/no-explicit-any
  47:63  warning  'clockDto' is defined but never used      @typescript-eslint/no-unused-vars
  47:73  warning  Unexpected any. Specify a different type  @typescript-eslint/no-explicit-any
  47:87  warning  Unexpected any. Specify a different type  @typescript-eslint/no-explicit-any
  59:64  warning  'clockDto' is defined but never used      @typescript-eslint/no-unused-vars
  59:74  warning  Unexpected any. Specify a different type  @typescript-eslint/no-explicit-any
  59:88  warning  Unexpected any. Specify a different type  @typescript-eslint/no-explicit-any

C:\Projects\PaySurity\apps\api\src\modules\shifts\shifts.spec.ts
  37:31  warning  'HttpStatus' is defined but never used  @typescript-eslint/no-unused-vars

C:\Projects\PaySurity\apps\api\src\modules\subscription\subscription.controller.ts
  13:28  warning  Unexpected any. Specify a different type  @typescript-eslint/no-explicit-any
  17:26  warning  Unexpected any. Specify a different type  @typescript-eslint/no-explicit-any
  27:21  warning  Unexpected any. Specify a different type  @typescript-eslint/no-explicit-any
  42:21  warning  Unexpected any. Specify a different type  @typescript-eslint/no-explicit-any
  54:71  warning  Unexpected any. Specify a different type  @typescript-eslint/no-explicit-any

C:\Projects\PaySurity\apps\api\src\modules\subscription\subscription.service.ts
   14:41   warning  'InternalServerErrorException' is defined but never used  @typescript-eslint/no-unused-vars
   18:10   warning  'addDays' is defined but never used                       @typescript-eslint/no-unused-vars
   18:58   warning  'isAfter' is defined but never used                       @typescript-eslint/no-unused-vars
   18:67   warning  'isBefore' is defined but never used                      @typescript-eslint/no-unused-vars
   18:101  warning  'startOfMonth' is defined but never used                  @typescript-eslint/no-unused-vars
   19:16   warning  'CronExpression' is defined but never used                @typescript-eslint/no-unused-vars
   20:13   warning  'crypto' is defined but never used                        @typescript-eslint/no-unused-vars
   66:61   warning  Unexpected any. Specify a different type                  @typescript-eslint/no-explicit-any
   82:36   warning  Unexpected any. Specify a different type                  @typescript-eslint/no-explicit-any
  105:31   warning  Unexpected any. Specify a different type                  @typescript-eslint/no-explicit-any
  113:36   warning  Unexpected any. Specify a different type                  @typescript-eslint/no-explicit-any
  117:36   warning  Unexpected any. Specify a different type                  @typescript-eslint/no-explicit-any
  166:38   warning  Unexpected any. Specify a different type                  @typescript-eslint/no-explicit-any
  170:46   warning  Unexpected any. Specify a different type                  @typescript-eslint/no-explicit-any
  225:38   warning  Unexpected any. Specify a different type                  @typescript-eslint/no-explicit-any
  229:46   warning  Unexpected any. Specify a different type                  @typescript-eslint/no-explicit-any
  258:39   warning  Unexpected any. Specify a different type                  @typescript-eslint/no-explicit-any
  276:39   warning  Unexpected any. Specify a different type                  @typescript-eslint/no-explicit-any

C:\Projects\PaySurity\apps\api\src\modules\sync\crdt-resolver.service.ts
   13:14  warning  Unexpected any. Specify a different type  @typescript-eslint/no-explicit-any
   23:71  warning  Unexpected any. Specify a different type  @typescript-eslint/no-explicit-any
   40:25  warning  Unexpected any. Specify a different type  @typescript-eslint/no-explicit-any
   58:25  warning  Unexpected any. Specify a different type  @typescript-eslint/no-explicit-any
   64:25  warning  Unexpected any. Specify a different type  @typescript-eslint/no-explicit-any
   73:67  warning  Unexpected any. Specify a different type  @typescript-eslint/no-explicit-any
   75:46  warning  Unexpected any. Specify a different type  @typescript-eslint/no-explicit-any
  114:55  warning  Unexpected any. Specify a different type  @typescript-eslint/no-explicit-any
  120:23  warning  Unexpected any. Specify a different type  @typescript-eslint/no-explicit-any
  126:67  warning  Unexpected any. Specify a different type  @typescript-eslint/no-explicit-any
  133:23  warning  Unexpected any. Specify a different type  @typescript-eslint/no-explicit-any

C:\Projects\PaySurity\apps\api\src\modules\tables\dto\table.dto.ts
  2:10  warning  'Optional' is defined but never used  @typescript-eslint/no-unused-vars

C:\Projects\PaySurity\apps\api\src\modules\tables\tables.controller.ts
  15:38  warning  'Delete' is defined but never used        @typescript-eslint/no-unused-vars
  16:3   warning  'UseGuards' is defined but never used     @typescript-eslint/no-unused-vars
  17:3   warning  'Optional' is defined but never used      @typescript-eslint/no-unused-vars
  55:15  warning  Unexpected any. Specify a different type  @typescript-eslint/no-explicit-any
  74:16  warning  Unexpected any. Specify a different type  @typescript-eslint/no-explicit-any

C:\Projects\PaySurity\apps\api\src\modules\tables\tables.dto.ts
  14:86  warning  'IsIn' is defined but never used  @typescript-eslint/no-unused-vars

C:\Projects\PaySurity\apps\api\src\modules\tables\tables.edge-cases.spec.ts
   14:16   warning  'uuidv4' is defined but never used        @typescript-eslint/no-unused-vars
  309:79   warning  Unexpected any. Specify a different type  @typescript-eslint/no-explicit-any
  313:84   warning  Unexpected any. Specify a different type  @typescript-eslint/no-explicit-any
  342:66   warning  Unexpected any. Specify a different type  @typescript-eslint/no-explicit-any
  346:77   warning  Unexpected any. Specify a different type  @typescript-eslint/no-explicit-any
  350:68   warning  Unexpected any. Specify a different type  @typescript-eslint/no-explicit-any
  354:79   warning  Unexpected any. Specify a different type  @typescript-eslint/no-explicit-any
  363:68   warning  Unexpected any. Specify a different type  @typescript-eslint/no-explicit-any
  367:79   warning  Unexpected any. Specify a different type  @typescript-eslint/no-explicit-any
  371:69   warning  Unexpected any. Specify a different type  @typescript-eslint/no-explicit-any
  425:113  warning  Unexpected any. Specify a different type  @typescript-eslint/no-explicit-any
  611:135  warning  Unexpected any. Specify a different type  @typescript-eslint/no-explicit-any
  631:118  warning  Unexpected any. Specify a different type  @typescript-eslint/no-explicit-any

C:\Projects\PaySurity\apps\api\src\modules\tables\tables.service.ts
   16:3   warning  'Query' is defined but never used                  @typescript-eslint/no-unused-vars
   44:61  warning  Unexpected any. Specify a different type           @typescript-eslint/no-explicit-any
   57:42  warning  Unexpected any. Specify a different type           @typescript-eslint/no-explicit-any
   77:39  warning  Unexpected any. Specify a different type           @typescript-eslint/no-explicit-any
  116:42  warning  Unexpected any. Specify a different type           @typescript-eslint/no-explicit-any
  182:41  warning  Unexpected any. Specify a different type           @typescript-eslint/no-explicit-any
  203:45  warning  Unexpected any. Specify a different type           @typescript-eslint/no-explicit-any
  289:46  warning  Unexpected any. Specify a different type           @typescript-eslint/no-explicit-any
  348:46  warning  Unexpected any. Specify a different type           @typescript-eslint/no-explicit-any
  401:46  warning  Unexpected any. Specify a different type           @typescript-eslint/no-explicit-any
  457:46  warning  Unexpected any. Specify a different type           @typescript-eslint/no-explicit-any
  535:52  warning  Unexpected any. Specify a different type           @typescript-eslint/no-explicit-any
  551:19  warning  Unexpected any. Specify a different type           @typescript-eslint/no-explicit-any
  616:53  warning  Unexpected any. Specify a different type           @typescript-eslint/no-explicit-any
  632:19  warning  Unexpected any. Specify a different type           @typescript-eslint/no-explicit-any
  673:11  warning  'placeholders' is assigned a value but never used  @typescript-eslint/no-unused-vars
  679:40  warning  Unexpected any. Specify a different type           @typescript-eslint/no-explicit-any
  703:23  warning  Unexpected any. Specify a different type           @typescript-eslint/no-explicit-any

C:\Projects\PaySurity\apps\api\src\modules\tables\tables.spec.ts
  373:8   warning  Unexpected any. Specify a different type  @typescript-eslint/no-explicit-any
  393:44  warning  Unexpected any. Specify a different type  @typescript-eslint/no-explicit-any
  405:55  warning  Unexpected any. Specify a different type  @typescript-eslint/no-explicit-any
  421:58  warning  Unexpected any. Specify a different type  @typescript-eslint/no-explicit-any
  430:73  warning  Unexpected any. Specify a different type  @typescript-eslint/no-explicit-any
  439:72  warning  Unexpected any. Specify a different type  @typescript-eslint/no-explicit-any
  448:62  warning  Unexpected any. Specify a different type  @typescript-eslint/no-explicit-any
  457:61  warning  Unexpected any. Specify a different type  @typescript-eslint/no-explicit-any

C:\Projects\PaySurity\apps\api\src\modules\tax\tax-nexus.controller.ts
    2:82  warning  'NotFoundException' is defined but never used  @typescript-eslint/no-unused-vars
   80:56  warning  Unexpected any. Specify a different type       @typescript-eslint/no-explicit-any
  282:73  warning  Unexpected any. Specify a different type       @typescript-eslint/no-explicit-any

C:\Projects\PaySurity\apps\api\src\modules\tax\tax-nexus.service.ts
    2:3   warning  'Optional' is defined but never used                     @typescript-eslint/no-unused-vars
    9:33  warning  Unexpected any. Specify a different type                 @typescript-eslint/no-explicit-any
   57:71  warning  Unexpected any. Specify a different type                 @typescript-eslint/no-explicit-any
   88:45  warning  Unexpected any. Specify a different type                 @typescript-eslint/no-explicit-any
   92:7   warning  Unexpected console statement                             no-console
  118:58  warning  Unexpected any. Specify a different type                 @typescript-eslint/no-explicit-any
  126:9   warning  Unexpected console statement                             no-console
  132:56  warning  Unexpected any. Specify a different type                 @typescript-eslint/no-explicit-any
  139:11  warning  Unexpected console statement                             no-console
  155:55  warning  Unexpected any. Specify a different type                 @typescript-eslint/no-explicit-any
  163:9   warning  Unexpected console statement                             no-console
  169:56  warning  Unexpected any. Specify a different type                 @typescript-eslint/no-explicit-any
  176:11  warning  Unexpected console statement                             no-console
  178:11  warning  'isTaxableByDefault' is assigned a value but never used  @typescript-eslint/no-unused-vars
  209:38  warning  Unexpected any. Specify a different type                 @typescript-eslint/no-explicit-any
  214:5   warning  Unexpected console statement                             no-console

C:\Projects\PaySurity\apps\api\src\modules\tax\tax.controller.ts
  16:3  warning  'Optional' is defined but never used  @typescript-eslint/no-unused-vars

C:\Projects\PaySurity\apps\api\src\modules\tax\tax.edge-cases.spec.ts
   31:20  warning  Unexpected any. Specify a different type  @typescript-eslint/no-explicit-any
   65:20  warning  '_req' is defined but never used          @typescript-eslint/no-unused-vars
   66:17  warning  '_req' is defined but never used          @typescript-eslint/no-unused-vars
   69:24  warning  '_tenantId' is defined but never used     @typescript-eslint/no-unused-vars
   69:43  warning  '_req' is defined but never used          @typescript-eslint/no-unused-vars
   69:72  warning  '_result' is defined but never used       @typescript-eslint/no-unused-vars
   72:11  warning  '_msg' is defined but never used          @typescript-eslint/no-unused-vars
   72:25  warning  '_err' is defined but never used          @typescript-eslint/no-unused-vars
   73:9   warning  '_msg' is defined but never used          @typescript-eslint/no-unused-vars
   85:26  warning  '_req' is defined but never used          @typescript-eslint/no-unused-vars
   86:23  warning  '_req' is defined but never used          @typescript-eslint/no-unused-vars
  203:60  warning  Unexpected any. Specify a different type  @typescript-eslint/no-explicit-any
  204:65  warning  Unexpected any. Specify a different type  @typescript-eslint/no-explicit-any
  230:98  warning  Unexpected any. Specify a different type  @typescript-eslint/no-explicit-any
  246:79  warning  Unexpected any. Specify a different type  @typescript-eslint/no-explicit-any
  598:32  warning  Unexpected any. Specify a different type  @typescript-eslint/no-explicit-any
  625:30  warning  Unexpected any. Specify a different type  @typescript-eslint/no-explicit-any
  648:25  warning  Unexpected any. Specify a different type  @typescript-eslint/no-explicit-any

C:\Projects\PaySurity\apps\api\src\modules\tax\tax.service.ts
   28:61  warning  Unexpected any. Specify a different type  @typescript-eslint/no-explicit-any
  109:61  warning  Unexpected any. Specify a different type  @typescript-eslint/no-explicit-any

C:\Projects\PaySurity\apps\api\src\modules\tax\tax.spec.ts
   32:10  warning  'NodePgDatabase' is defined but never used   @typescript-eslint/no-unused-vars
  176:13  warning  'sqlArg' is assigned a value but never used  @typescript-eslint/no-unused-vars
  176:66  warning  Unexpected any. Specify a different type     @typescript-eslint/no-explicit-any
  177:66  warning  Unexpected any. Specify a different type     @typescript-eslint/no-explicit-any

C:\Projects\PaySurity\apps\api\src\modules\tenant-admin\dto\order-history-filter.dto.ts
  1:7  warning  'OrderHistoryFilterDto' is defined but never used  @typescript-eslint/no-unused-vars

C:\Projects\PaySurity\apps\api\src\modules\tenant-admin\item-management.controller.ts
   47:33  warning  Unexpected any. Specify a different type  @typescript-eslint/no-explicit-any
  135:31  warning  Unexpected any. Specify a different type  @typescript-eslint/no-explicit-any
  149:17  warning  Unexpected any. Specify a different type  @typescript-eslint/no-explicit-any
  174:17  warning  Unexpected any. Specify a different type  @typescript-eslint/no-explicit-any
  200:17  warning  Unexpected any. Specify a different type  @typescript-eslint/no-explicit-any

C:\Projects\PaySurity\apps\api\src\modules\tenant-admin\item-management.service.ts
  65:61  warning  Unexpected any. Specify a different type  @typescript-eslint/no-explicit-any

C:\Projects\PaySurity\apps\api\src\modules\tenant-admin\tenant-admin.controller.ts
   13:3   warning  'HttpStatus' is defined but never used    @typescript-eslint/no-unused-vars
   22:14  warning  Unexpected any. Specify a different type  @typescript-eslint/no-explicit-any
   53:56  warning  Unexpected any. Specify a different type  @typescript-eslint/no-explicit-any
   85:53  warning  Unexpected any. Specify a different type  @typescript-eslint/no-explicit-any
   97:14  warning  Unexpected any. Specify a different type  @typescript-eslint/no-explicit-any
  114:14  warning  Unexpected any. Specify a different type  @typescript-eslint/no-explicit-any
  118:19  warning  Unexpected any. Specify a different type  @typescript-eslint/no-explicit-any
  169:14  warning  Unexpected any. Specify a different type  @typescript-eslint/no-explicit-any
  191:14  warning  Unexpected any. Specify a different type  @typescript-eslint/no-explicit-any
  194:19  warning  Unexpected any. Specify a different type  @typescript-eslint/no-explicit-any
  219:14  warning  Unexpected any. Specify a different type  @typescript-eslint/no-explicit-any
  254:19  warning  Unexpected any. Specify a different type  @typescript-eslint/no-explicit-any
  278:56  warning  Unexpected any. Specify a different type  @typescript-eslint/no-explicit-any

C:\Projects\PaySurity\apps\api\src\modules\tenant-admin\tenant-admin.module.ts
   11:9    warning  Unexpected any. Specify a different type  @typescript-eslint/no-explicit-any
   19:20   warning  Unexpected any. Specify a different type  @typescript-eslint/no-explicit-any
   45:56   warning  Unexpected any. Specify a different type  @typescript-eslint/no-explicit-any
   53:71   warning  Unexpected any. Specify a different type  @typescript-eslint/no-explicit-any
   59:44   warning  Unexpected any. Specify a different type  @typescript-eslint/no-explicit-any
   64:45   warning  Unexpected any. Specify a different type  @typescript-eslint/no-explicit-any
   69:47   warning  Unexpected any. Specify a different type  @typescript-eslint/no-explicit-any
   82:71   warning  Unexpected any. Specify a different type  @typescript-eslint/no-explicit-any
   87:38   warning  Unexpected any. Specify a different type  @typescript-eslint/no-explicit-any
   94:105  warning  Unexpected any. Specify a different type  @typescript-eslint/no-explicit-any
   99:38   warning  Unexpected any. Specify a different type  @typescript-eslint/no-explicit-any
  106:125  warning  Unexpected any. Specify a different type  @typescript-eslint/no-explicit-any
  111:38   warning  Unexpected any. Specify a different type  @typescript-eslint/no-explicit-any
  126:38   warning  Unexpected any. Specify a different type  @typescript-eslint/no-explicit-any
  135:107  warning  Unexpected any. Specify a different type  @typescript-eslint/no-explicit-any
  140:38   warning  Unexpected any. Specify a different type  @typescript-eslint/no-explicit-any
  150:101  warning  Unexpected any. Specify a different type  @typescript-eslint/no-explicit-any
  174:38   warning  Unexpected any. Specify a different type  @typescript-eslint/no-explicit-any
  178:122  warning  Unexpected any. Specify a different type  @typescript-eslint/no-explicit-any
  216:38   warning  Unexpected any. Specify a different type  @typescript-eslint/no-explicit-any

C:\Projects\PaySurity\apps\api\src\modules\tenant-admin\tenant-admin.service.ts
    2:58  warning  'IsUUID' is defined but never used                 @typescript-eslint/no-unused-vars
   75:56  warning  Unexpected any. Specify a different type           @typescript-eslint/no-explicit-any
   91:51  warning  Unexpected any. Specify a different type           @typescript-eslint/no-explicit-any
   95:52  warning  Unexpected any. Specify a different type           @typescript-eslint/no-explicit-any
   99:49  warning  Unexpected any. Specify a different type           @typescript-eslint/no-explicit-any
  124:44  warning  Unexpected any. Specify a different type           @typescript-eslint/no-explicit-any
  141:54  warning  Unexpected any. Specify a different type           @typescript-eslint/no-explicit-any
  148:51  warning  Unexpected any. Specify a different type           @typescript-eslint/no-explicit-any
  163:27  warning  Unexpected any. Specify a different type           @typescript-eslint/no-explicit-any
  183:55  warning  Unexpected any. Specify a different type           @typescript-eslint/no-explicit-any
  203:46  warning  Unexpected any. Specify a different type           @typescript-eslint/no-explicit-any
  225:51  warning  Unexpected any. Specify a different type           @typescript-eslint/no-explicit-any
  266:40  warning  Unexpected any. Specify a different type           @typescript-eslint/no-explicit-any
  299:40  warning  Unexpected any. Specify a different type           @typescript-eslint/no-explicit-any
  314:7   warning  'TenantAdminController' is defined but never used  @typescript-eslint/no-unused-vars

C:\Projects\PaySurity\apps\api\src\modules\tips\dto\tip.dto.ts
  1:10  warning  'Optional' is defined but never used  @typescript-eslint/no-unused-vars

C:\Projects\PaySurity\apps\api\src\modules\tips\tips.controller.ts
  16:45  warning  'UseGuards' is defined but never used  @typescript-eslint/no-unused-vars

C:\Projects\PaySurity\apps\api\src\modules\tips\tips.dto.ts
  15:58  warning  'IsOptional' is defined but never used  @typescript-eslint/no-unused-vars

C:\Projects\PaySurity\apps\api\src\modules\tips\tips.edge-cases.spec.ts
  156:56  warning  Unexpected any. Specify a different type             @typescript-eslint/no-explicit-any
  158:30  warning  Unexpected any. Specify a different type             @typescript-eslint/no-explicit-any
  165:56  warning  Unexpected any. Specify a different type             @typescript-eslint/no-explicit-any
  173:56  warning  Unexpected any. Specify a different type             @typescript-eslint/no-explicit-any
  199:56  warning  Unexpected any. Specify a different type             @typescript-eslint/no-explicit-any
  212:28  warning  Unexpected any. Specify a different type             @typescript-eslint/no-explicit-any
  278:21  warning  Unexpected any. Specify a different type             @typescript-eslint/no-explicit-any
  358:9   warning  'adminAuthToken' is assigned a value but never used  @typescript-eslint/no-unused-vars
  403:19  warning  Unexpected any. Specify a different type             @typescript-eslint/no-explicit-any
  419:24  warning  Unexpected any. Specify a different type             @typescript-eslint/no-explicit-any
  436:19  warning  Unexpected any. Specify a different type             @typescript-eslint/no-explicit-any
  446:62  warning  Unexpected any. Specify a different type             @typescript-eslint/no-explicit-any
  453:43  warning  Unexpected any. Specify a different type             @typescript-eslint/no-explicit-any
  459:64  warning  Unexpected any. Specify a different type             @typescript-eslint/no-explicit-any
  466:11  warning  'commonTipArgs' is assigned a value but never used   @typescript-eslint/no-unused-vars
  664:58  warning  Unexpected any. Specify a different type             @typescript-eslint/no-explicit-any
  709:11  warning  'commonTipArgs' is assigned a value but never used   @typescript-eslint/no-unused-vars

C:\Projects\PaySurity\apps\api\src\modules\tips\tips.service.ts
  11:61  warning  Unexpected any. Specify a different type  @typescript-eslint/no-explicit-any
  27:36  warning  Unexpected any. Specify a different type  @typescript-eslint/no-explicit-any
  66:25  warning  Unexpected any. Specify a different type  @typescript-eslint/no-explicit-any
  78:28  warning  Unexpected any. Specify a different type  @typescript-eslint/no-explicit-any
  88:25  warning  Unexpected any. Specify a different type  @typescript-eslint/no-explicit-any

C:\Projects\PaySurity\apps\api\src\modules\tips\tips.spec.ts
  71:19  warning  Unexpected any. Specify a different type  @typescript-eslint/no-explicit-any
  71:30  warning  Unexpected any. Specify a different type  @typescript-eslint/no-explicit-any

C:\Projects\PaySurity\apps\api\src\modules\user\user.controller.ts
  1:34  warning  'UseGuards' is defined but never used  @typescript-eslint/no-unused-vars

C:\Projects\PaySurity\apps\api\src\modules\user\user.service.ts
  10:61  warning  Unexpected any. Specify a different type  @typescript-eslint/no-explicit-any
  13:58  warning  Unexpected any. Specify a different type  @typescript-eslint/no-explicit-any
  25:60  warning  Unexpected any. Specify a different type  @typescript-eslint/no-explicit-any

C:\Projects\PaySurity\apps\api\src\modules\vendors\dto\vendor.dto.ts
   2:100  warning  'ValidateNested' is defined but never used  @typescript-eslint/no-unused-vars
   4:23   warning  'OmitType' is defined but never used        @typescript-eslint/no-unused-vars
  81:29   warning  Unexpected any. Specify a different type    @typescript-eslint/no-explicit-any

C:\Projects\PaySurity\apps\api\src\modules\vendors\vendors.controller.ts
  15:116  warning  'createParamDecorator' is defined but never used  @typescript-eslint/no-unused-vars
  15:138  warning  'ExecutionContext' is defined but never used      @typescript-eslint/no-unused-vars
  21:11   warning  'target' is defined but never used                @typescript-eslint/no-unused-vars
  21:19   warning  Unexpected any. Specify a different type          @typescript-eslint/no-explicit-any
  21:24   warning  'key' is defined but never used                   @typescript-eslint/no-unused-vars
  21:46   warning  'parameterIndex' is defined but never used        @typescript-eslint/no-unused-vars
  31:11   warning  'target' is defined but never used                @typescript-eslint/no-unused-vars
  31:19   warning  Unexpected any. Specify a different type          @typescript-eslint/no-explicit-any
  31:24   warning  'key' is defined but never used                   @typescript-eslint/no-unused-vars
  31:46   warning  'parameterIndex' is defined but never used        @typescript-eslint/no-unused-vars

C:\Projects\PaySurity\apps\api\src\modules\vendors\vendors.dto.ts
  15:70  warning  'IsUUID' is defined but never used  @typescript-eslint/no-unused-vars

C:\Projects\PaySurity\apps\api\src\modules\vendors\vendors.edge-cases.spec.ts
  137:37   warning  Unexpected any. Specify a different type          @typescript-eslint/no-explicit-any
  270:44   warning  'requiredPermissions' is defined but never used   @typescript-eslint/no-unused-vars
  296:9    warning  'TENANT_B_ID' is assigned a value but never used  @typescript-eslint/no-unused-vars
  334:34   warning  Unexpected any. Specify a different type          @typescript-eslint/no-explicit-any
  344:34   warning  Unexpected any. Specify a different type          @typescript-eslint/no-explicit-any
  373:74   warning  Unexpected any. Specify a different type          @typescript-eslint/no-explicit-any
  381:73   warning  Unexpected any. Specify a different type          @typescript-eslint/no-explicit-any
  531:113  warning  Unexpected any. Specify a different type          @typescript-eslint/no-explicit-any
  532:105  warning  Unexpected any. Specify a different type          @typescript-eslint/no-explicit-any
  532:165  warning  Unexpected any. Specify a different type          @typescript-eslint/no-explicit-any
  533:108  warning  Unexpected any. Specify a different type          @typescript-eslint/no-explicit-any
  614:89   warning  Unexpected any. Specify a different type          @typescript-eslint/no-explicit-any
  620:97   warning  Unexpected any. Specify a different type          @typescript-eslint/no-explicit-any

C:\Projects\PaySurity\apps\api\src\modules\vendors\vendors.service.ts
  17:10  warning  'DatabaseModule' is defined but never used  @typescript-eslint/no-unused-vars
  19:10  warning  'auditLog' is defined but never used        @typescript-eslint/no-unused-vars
  27:52  warning  Unexpected any. Specify a different type    @typescript-eslint/no-explicit-any

C:\Projects\PaySurity\apps\api\src\modules\vendors\vendors.spec.ts
   15:28   warning  'ConflictException' is defined but never used  @typescript-eslint/no-unused-vars
   15:47   warning  'NotFoundException' is defined but never used  @typescript-eslint/no-unused-vars
   31:28   warning  Unexpected any. Specify a different type       @typescript-eslint/no-explicit-any
   41:78   warning  Unexpected any. Specify a different type       @typescript-eslint/no-explicit-any
   42:106  warning  Unexpected any. Specify a different type       @typescript-eslint/no-explicit-any
   43:106  warning  Unexpected any. Specify a different type       @typescript-eslint/no-explicit-any
   44:101  warning  Unexpected any. Specify a different type       @typescript-eslint/no-explicit-any
   45:17   warning  Unexpected any. Specify a different type       @typescript-eslint/no-explicit-any
   81:7    warning  'service' is assigned a value but never used   @typescript-eslint/no-unused-vars
   85:21   warning  Unexpected any. Specify a different type       @typescript-eslint/no-explicit-any
  104:19   warning  Unexpected any. Specify a different type       @typescript-eslint/no-explicit-any
  104:29   warning  Unexpected any. Specify a different type       @typescript-eslint/no-explicit-any
  104:40   warning  Unexpected any. Specify a different type       @typescript-eslint/no-explicit-any
  112:38   warning  Unexpected any. Specify a different type       @typescript-eslint/no-explicit-any

C:\Projects\PaySurity\apps\api\src\modules\wallet\bnpl.service.ts
  9:3  warning  'Get' is defined but never used  @typescript-eslint/no-unused-vars

C:\Projects\PaySurity\apps\api\src\modules\wallet\cryptocurrency.service.ts
   9:3   warning  'Get' is defined but never used         @typescript-eslint/no-unused-vars
  10:10  warning  'randomUUID' is defined but never used  @typescript-eslint/no-unused-vars

C:\Projects\PaySurity\apps\api\src\modules\wallet\dto\wallet.dto.ts
  54:47  warning  Unexpected any. Specify a different type  @typescript-eslint/no-explicit-any
  55:49  warning  Unexpected any. Specify a different type  @typescript-eslint/no-explicit-any
  56:51  warning  Unexpected any. Specify a different type  @typescript-eslint/no-explicit-any
  57:53  warning  Unexpected any. Specify a different type  @typescript-eslint/no-explicit-any
  58:46  warning  Unexpected any. Specify a different type  @typescript-eslint/no-explicit-any
  59:45  warning  Unexpected any. Specify a different type  @typescript-eslint/no-explicit-any
  60:55  warning  Unexpected any. Specify a different type  @typescript-eslint/no-explicit-any
  61:52  warning  Unexpected any. Specify a different type  @typescript-eslint/no-explicit-any

C:\Projects\PaySurity\apps\api\src\modules\wallet\wallet-admin.controller.ts
   1:75  warning  'UseGuards' is defined but never used     @typescript-eslint/no-unused-vars
  17:38  warning  Unexpected any. Specify a different type  @typescript-eslint/no-explicit-any

C:\Projects\PaySurity\apps\api\src\modules\wallet\wallet-compat.controller.ts
    1:46  warning  'Req' is defined but never used           @typescript-eslint/no-unused-vars
    1:51  warning  'UseGuards' is defined but never used     @typescript-eslint/no-unused-vars
   34:44  warning  'phone' is defined but never used         @typescript-eslint/no-unused-vars
  103:39  warning  'phone' is defined but never used         @typescript-eslint/no-unused-vars
  109:42  warning  'phone' is defined but never used         @typescript-eslint/no-unused-vars
  109:65  warning  'body' is defined but never used          @typescript-eslint/no-unused-vars
  109:71  warning  Unexpected any. Specify a different type  @typescript-eslint/no-explicit-any

C:\Projects\PaySurity\apps\api\src\modules\wallet\wallet-fiat.service.ts
   28:11  warning  'plaidSecret' is assigned a value but never used  @typescript-eslint/no-unused-vars
   67:12  warning  Unexpected any. Specify a different type          @typescript-eslint/no-explicit-any
   87:13  warning  'txId' is assigned a value but never used         @typescript-eslint/no-unused-vars
  119:11  warning  'txId' is assigned a value but never used         @typescript-eslint/no-unused-vars

C:\Projects\PaySurity\apps\api\src\modules\wallet\wallet.controller.ts
    1:123  warning  'BadRequestException' is defined but never used        @typescript-eslint/no-unused-vars
    2:33   warning  'ApiResponse' is defined but never used                @typescript-eslint/no-unused-vars
   63:32   warning  Unexpected any. Specify a different type               @typescript-eslint/no-explicit-any
   73:17   warning  Unexpected any. Specify a different type               @typescript-eslint/no-explicit-any
   95:17   warning  Unexpected any. Specify a different type               @typescript-eslint/no-explicit-any
  132:31   warning  Unexpected any. Specify a different type               @typescript-eslint/no-explicit-any
  141:17   warning  Unexpected any. Specify a different type               @typescript-eslint/no-explicit-any
  153:30   warning  Unexpected any. Specify a different type               @typescript-eslint/no-explicit-any
  160:32   warning  Unexpected any. Specify a different type               @typescript-eslint/no-explicit-any
  167:36   warning  Unexpected any. Specify a different type               @typescript-eslint/no-explicit-any
  177:31   warning  Unexpected any. Specify a different type               @typescript-eslint/no-explicit-any
  177:89   warning  Unexpected any. Specify a different type               @typescript-eslint/no-explicit-any
  188:33   warning  Unexpected any. Specify a different type               @typescript-eslint/no-explicit-any
  197:17   warning  Unexpected any. Specify a different type               @typescript-eslint/no-explicit-any
  211:30   warning  Unexpected any. Specify a different type               @typescript-eslint/no-explicit-any
  211:88   warning  Unexpected any. Specify a different type               @typescript-eslint/no-explicit-any
  213:13   warning  'employeeWalletId' is assigned a value but never used  @typescript-eslint/no-unused-vars
  213:31   warning  'amountCents' is assigned a value but never used       @typescript-eslint/no-unused-vars
  213:44   warning  'idempotencyKey' is assigned a value but never used    @typescript-eslint/no-unused-vars
  213:60   warning  'description' is assigned a value but never used       @typescript-eslint/no-unused-vars
  225:34   warning  Unexpected any. Specify a different type               @typescript-eslint/no-explicit-any
  225:92   warning  Unexpected any. Specify a different type               @typescript-eslint/no-explicit-any
  234:34   warning  Unexpected any. Specify a different type               @typescript-eslint/no-explicit-any

C:\Projects\PaySurity\apps\api\src\modules\wallet\wallet.e2e-spec.ts
   40:75  warning  'BadRequestException' is defined but never used  @typescript-eslint/no-unused-vars
  111:19  warning  Unexpected any. Specify a different type         @typescript-eslint/no-explicit-any
  111:30  warning  Unexpected any. Specify a different type         @typescript-eslint/no-explicit-any
  111:41  warning  Unexpected any. Specify a different type         @typescript-eslint/no-explicit-any

C:\Projects\PaySurity\apps\api\src\modules\wallet\wallet.service.spec.ts
   23:25  warning  Unexpected any. Specify a different type  @typescript-eslint/no-explicit-any
   25:63  warning  Unexpected any. Specify a different type  @typescript-eslint/no-explicit-any
  277:53  warning  Unexpected any. Specify a different type  @typescript-eslint/no-explicit-any
  293:53  warning  Unexpected any. Specify a different type  @typescript-eslint/no-explicit-any

C:\Projects\PaySurity\apps\api\src\modules\wallet\wallet.service.ts
   17:61   warning  Unexpected any. Specify a different type      @typescript-eslint/no-explicit-any
   66:36   warning  Unexpected any. Specify a different type      @typescript-eslint/no-explicit-any
  304:90   warning  'options' is defined but never used           @typescript-eslint/no-unused-vars
  304:99   warning  Unexpected any. Specify a different type      @typescript-eslint/no-explicit-any
  307:21   warning  'tenantId' is defined but never used          @typescript-eslint/no-unused-vars
  307:39   warning  'guardianWalletId' is defined but never used  @typescript-eslint/no-unused-vars
  309:92   warning  'employeeName' is defined but never used      @typescript-eslint/no-unused-vars
  309:114  warning  'employeeRole' is defined but never used      @typescript-eslint/no-unused-vars
  310:22   warning  'tenantId' is defined but never used          @typescript-eslint/no-unused-vars
  310:40   warning  'employerWalletId' is defined but never used  @typescript-eslint/no-unused-vars
  379:51   warning  Unexpected any. Specify a different type      @typescript-eslint/no-explicit-any

C:\Projects\PaySurity\apps\api\src\modules\webhook\webhook.controller.ts
   2:52  warning  'Query' is defined but never used         @typescript-eslint/no-unused-vars
   3:25  warning  'UseGuards' is defined but never used     @typescript-eslint/no-unused-vars
  17:33  warning  Unexpected any. Specify a different type  @typescript-eslint/no-explicit-any
  24:58  warning  Unexpected any. Specify a different type  @typescript-eslint/no-explicit-any
  32:30  warning  Unexpected any. Specify a different type  @typescript-eslint/no-explicit-any
  32:51  warning  Unexpected any. Specify a different type  @typescript-eslint/no-explicit-any
  39:55  warning  Unexpected any. Specify a different type  @typescript-eslint/no-explicit-any
  39:76  warning  Unexpected any. Specify a different type  @typescript-eslint/no-explicit-any
  47:57  warning  Unexpected any. Specify a different type  @typescript-eslint/no-explicit-any

C:\Projects\PaySurity\apps\api\src\modules\webhook\webhook.service.ts
   6:19  warning  Unexpected any. Specify a different type  @typescript-eslint/no-explicit-any
  17:58  warning  Unexpected any. Specify a different type  @typescript-eslint/no-explicit-any
  20:44  warning  Unexpected any. Specify a different type  @typescript-eslint/no-explicit-any
  32:57  warning  Unexpected any. Specify a different type  @typescript-eslint/no-explicit-any
  46:55  warning  Unexpected any. Specify a different type  @typescript-eslint/no-explicit-any
  46:70  warning  Unexpected any. Specify a different type  @typescript-eslint/no-explicit-any
  61:67  warning  Unexpected any. Specify a different type  @typescript-eslint/no-explicit-any
  61:82  warning  Unexpected any. Specify a different type  @typescript-eslint/no-explicit-any

C:\Projects\PaySurity\apps\api\src\modules\website\website.controller.ts
   20:26  warning  'T' is defined but never used             @typescript-eslint/no-unused-vars
   27:71  warning  Unexpected any. Specify a different type  @typescript-eslint/no-explicit-any
   32:40  warning  Unexpected any. Specify a different type  @typescript-eslint/no-explicit-any
   46:30  warning  Unexpected any. Specify a different type  @typescript-eslint/no-explicit-any
   72:19  warning  Unexpected any. Specify a different type  @typescript-eslint/no-explicit-any
   76:30  warning  Unexpected any. Specify a different type  @typescript-eslint/no-explicit-any
  124:21  warning  Unexpected any. Specify a different type  @typescript-eslint/no-explicit-any
  125:21  warning  Unexpected any. Specify a different type  @typescript-eslint/no-explicit-any
  185:40  warning  Unexpected any. Specify a different type  @typescript-eslint/no-explicit-any
  230:40  warning  Unexpected any. Specify a different type  @typescript-eslint/no-explicit-any
  281:19  warning  Unexpected any. Specify a different type  @typescript-eslint/no-explicit-any
  284:30  warning  Unexpected any. Specify a different type  @typescript-eslint/no-explicit-any
  317:21  warning  Unexpected any. Specify a different type  @typescript-eslint/no-explicit-any
  318:21  warning  Unexpected any. Specify a different type  @typescript-eslint/no-explicit-any

C:\Projects\PaySurity\apps\api\src\modules\website\website.service.ts
    2:3   warning  'Optional' is defined but never used      @typescript-eslint/no-unused-vars
    9:71  warning  Unexpected any. Specify a different type  @typescript-eslint/no-explicit-any
   19:38  warning  Unexpected any. Specify a different type  @typescript-eslint/no-explicit-any
   53:19  warning  Unexpected any. Specify a different type  @typescript-eslint/no-explicit-any
   84:43  warning  Unexpected any. Specify a different type  @typescript-eslint/no-explicit-any
  106:46  warning  Unexpected any. Specify a different type  @typescript-eslint/no-explicit-any
  144:38  warning  Unexpected any. Specify a different type  @typescript-eslint/no-explicit-any
  166:38  warning  Unexpected any. Specify a different type  @typescript-eslint/no-explicit-any
  203:19  warning  Unexpected any. Specify a different type  @typescript-eslint/no-explicit-any
  213:43  warning  Unexpected any. Specify a different type  @typescript-eslint/no-explicit-any
  237:46  warning  Unexpected any. Specify a different type  @typescript-eslint/no-explicit-any

C:\Projects\PaySurity\apps\api\src\modules\website\website.spec.ts
  40:10  warning  'BadRequestException' is defined but never used  @typescript-eslint/no-unused-vars
  41:10  warning  'NodePgDatabase' is defined but never used       @typescript-eslint/no-unused-vars

C:\Projects\PaySurity\apps\api\src\price-sync-test.ts
  10:9   warning  'inventoryService' is assigned a value but never used  @typescript-eslint/no-unused-vars
  11:28  warning  Unexpected any. Specify a different type               @typescript-eslint/no-explicit-any
  13:9   warning  'HOB_TENANT_ID' is assigned a value but never used     @typescript-eslint/no-unused-vars
  16:9   warning  'USER_ID' is assigned a value but never used           @typescript-eslint/no-unused-vars
  18:3   warning  Unexpected console statement                           no-console
  22:61  warning  Unexpected any. Specify a different type               @typescript-eslint/no-explicit-any
  22:95  warning  Unexpected any. Specify a different type               @typescript-eslint/no-explicit-any
  24:7   warning  Unexpected console statement                           no-console
  30:5   warning  Unexpected console statement                           no-console
  40:5   warning  Unexpected console statement                           no-console
  41:68  warning  Unexpected any. Specify a different type               @typescript-eslint/no-explicit-any
  42:41  warning  Unexpected any. Specify a different type               @typescript-eslint/no-explicit-any
  42:82  warning  Unexpected any. Specify a different type               @typescript-eslint/no-explicit-any
  46:7   warning  Unexpected console statement                           no-console
  48:7   warning  Unexpected console statement                           no-console
  52:5   warning  Unexpected console statement                           no-console

C:\Projects\PaySurity\apps\api\src\rls-breach-test.ts
   9:28  warning  Unexpected any. Specify a different type  @typescript-eslint/no-explicit-any
  14:3   warning  Unexpected console statement              no-console
  18:5   warning  Unexpected console statement              no-console
  23:5   warning  Unexpected console statement              no-console
  27:7   warning  Unexpected console statement              no-console
  29:7   warning  Unexpected console statement              no-console
  31:12  warning  'err' is defined but never used           @typescript-eslint/no-unused-vars
  32:5   warning  Unexpected console statement              no-console

C:\Projects\PaySurity\apps\api\src\scripts\fix-health-logs.ts
   7:3  warning  Unexpected console statement  no-console
  20:5  warning  Unexpected console statement  no-console
  22:5  warning  Unexpected console statement  no-console

C:\Projects\PaySurity\apps\api\src\scripts\patch-staging-schema.ts
  10:3  warning  Unexpected console statement  no-console
  14:5  warning  Unexpected console statement  no-console
  31:5  warning  Unexpected console statement  no-console
  50:5  warning  Unexpected console statement  no-console
  56:5  warning  Unexpected console statement  no-console
  58:5  warning  Unexpected console statement  no-console

C:\Projects\PaySurity\apps\api\src\scripts\seed-demo-data.ts
   21:10  warning  'randomUUID' is defined but never used            @typescript-eslint/no-unused-vars
   82:29  warning  Unexpected console statement                      no-console
   83:29  warning  Unexpected console statement                      no-console
   84:29  warning  Unexpected console statement                      no-console
   85:29  warning  Unexpected console statement                      no-console
  417:3   warning  Unexpected console statement                      no-console
  418:3   warning  Unexpected console statement                      no-console
  419:3   warning  Unexpected console statement                      no-console
  420:3   warning  Unexpected console statement                      no-console
  433:5   warning  Unexpected console statement                      no-console
  434:5   warning  Unexpected console statement                      no-console
  435:5   warning  Unexpected console statement                      no-console
  436:5   warning  Unexpected console statement                      no-console
  437:5   warning  Unexpected console statement                      no-console
  438:5   warning  Unexpected console statement                      no-console
  439:5   warning  Unexpected console statement                      no-console
  440:15  warning  Unexpected any. Specify a different type          @typescript-eslint/no-explicit-any
  442:5   warning  Unexpected console statement                      no-console
  443:5   warning  Don't use process.exit(); throw an error instead  no-process-exit

C:\Projects\PaySurity\apps\api\src\scripts\seed-god-admins.ts
   8:3  warning  Unexpected console statement  no-console
  42:9  warning  Unexpected console statement  no-console
  44:9  warning  Unexpected console statement  no-console
  49:5  warning  Unexpected console statement  no-console

C:\Projects\PaySurity\apps\api\src\scripts\seed-grocerease-products.ts
  43:3  warning  Unexpected console statement  no-console
  47:5  warning  Unexpected console statement  no-console
  52:7  warning  Unexpected console statement  no-console
  62:5  warning  Unexpected console statement  no-console
  65:5  warning  Unexpected console statement  no-console
  89:7  warning  Unexpected console statement  no-console
  91:5  warning  Unexpected console statement  no-console
  93:5  warning  Unexpected console statement  no-console
  94:5  warning  Unexpected console statement  no-console

C:\Projects\PaySurity\apps\api\src\scripts\seed_ashiana.ts
  192:3   warning  Unexpected console statement                      no-console
  193:3   warning  Unexpected console statement                      no-console
  221:3   warning  Unexpected console statement                      no-console
  278:5   warning  Unexpected console statement                      no-console
  282:3   warning  Unexpected console statement                      no-console
  290:3   warning  Unexpected console statement                      no-console
  291:3   warning  Unexpected console statement                      no-console
  293:3   warning  Unexpected console statement                      no-console
  312:3   warning  Unexpected console statement                      no-console
  317:28  warning  Unexpected console statement                      no-console
  317:48  warning  Don't use process.exit(); throw an error instead  no-process-exit

C:\Projects\PaySurity\apps\api\src\scripts\seed_restaurants.ts
  119:3   warning  Unexpected console statement              no-console
  122:3   warning  Unexpected console statement              no-console
  126:3   warning  Unexpected console statement              no-console
  129:35  warning  Unexpected any. Specify a different type  @typescript-eslint/no-explicit-any
  129:70  warning  Unexpected any. Specify a different type  @typescript-eslint/no-explicit-any
  163:14  warning  Unexpected console statement              no-console

C:\Projects\PaySurity\apps\api\src\scripts\seed_tobacco.ts
  144:3   warning  Unexpected console statement                      no-console
  145:3   warning  Unexpected console statement                      no-console
  186:7   warning  Unexpected console statement                      no-console
  191:3   warning  Unexpected console statement                      no-console
  194:3   warning  Unexpected console statement                      no-console
  202:3   warning  Unexpected console statement                      no-console
  210:3   warning  Unexpected console statement                      no-console
  211:3   warning  Unexpected console statement                      no-console
  216:28  warning  Unexpected console statement                      no-console
  216:48  warning  Don't use process.exit(); throw an error instead  no-process-exit

C:\Projects\PaySurity\apps\api\src\scripts\super_admin_seed.ts
  13:9  warning  'superAdminUser' is assigned a value but never used  @typescript-eslint/no-unused-vars
  15:3  warning  Unexpected console statement                         no-console
  19:3  warning  Unexpected console statement                         no-console
  20:3  warning  Unexpected console statement                         no-console
  22:3  warning  Unexpected console statement                         no-console
  24:3  warning  Unexpected console statement                         no-console
  34:3  warning  Unexpected console statement                         no-console
  44:7  warning  Unexpected console statement                         no-console
  48:3  warning  Unexpected console statement                         no-console
  50:3  warning  Unexpected console statement                         no-console
  52:3  warning  Unexpected console statement                         no-console
  58:3  warning  Unexpected console statement                         no-console
  59:3  warning  Don't use process.exit(); throw an error instead     no-process-exit
  63:3  warning  Unexpected console statement                         no-console
  64:3  warning  Don't use process.exit(); throw an error instead     no-process-exit

C:\Projects\PaySurity\apps\api\src\scripts\test_tobacco_atomic_sync.ts
   40:3   warning  Unexpected console statement                      no-console
   41:3   warning  Unexpected console statement                      no-console
   42:3   warning  Unexpected console statement                      no-console
   43:3   warning  Unexpected console statement                      no-console
   44:3   warning  Unexpected console statement                      no-console
   45:3   warning  Unexpected console statement                      no-console
   51:3   warning  Unexpected console statement                      no-console
   71:3   warning  Unexpected console statement                      no-console
   72:3   warning  Unexpected console statement                      no-console
   73:3   warning  Unexpected console statement                      no-console
   74:3   warning  Unexpected console statement                      no-console
   75:3   warning  Unexpected console statement                      no-console
   76:3   warning  Unexpected console statement                      no-console
   79:3   warning  Unexpected console statement                      no-console
   94:3   warning  Unexpected console statement                      no-console
   97:3   warning  Unexpected console statement                      no-console
   98:16  warning  Don't use process.exit(); throw an error instead  no-process-exit
  103:22  warning  Unexpected console statement                      no-console
  103:42  warning  Don't use process.exit(); throw an error instead  no-process-exit

C:\Projects\PaySurity\apps\api\src\scripts\verify_rls.ts
  14:3   warning  Unexpected console statement  no-console
  16:3   warning  Unexpected console statement  no-console
  18:3   warning  Unexpected console statement  no-console
  26:3   warning  Unexpected console statement  no-console
  28:3   warning  Unexpected console statement  no-console
  43:7   warning  Unexpected console statement  no-console
  45:7   warning  Unexpected console statement  no-console
  52:37  warning  Unexpected console statement  no-console
  57:7   warning  Unexpected console statement  no-console
  64:16  warning  Unexpected console statement  no-console

C:\Projects\PaySurity\apps\api\src\security-wall-test.ts
   9:28  warning  Unexpected any. Specify a different type  @typescript-eslint/no-explicit-any
  15:3   warning  Unexpected console statement              no-console
  19:5   warning  Unexpected console statement              no-console
  25:5   warning  Unexpected console statement              no-console
  29:7   warning  Unexpected console statement              no-console
  31:7   warning  Unexpected console statement              no-console
  35:5   warning  Unexpected console statement              no-console
  37:5   warning  Unexpected console statement              no-console
  40:5   warning  Unexpected console statement              no-console

C:\Projects\PaySurity\apps\api\src\shared\encryption\encryption.service.ts
  37:14  warning  'error' is defined but never used  @typescript-eslint/no-unused-vars
  60:14  warning  'error' is defined but never used  @typescript-eslint/no-unused-vars

C:\Projects\PaySurity\apps\api\src\shared\guards\hmac.guard.ts
  30:39  warning  Unexpected any. Specify a different type  @typescript-eslint/no-explicit-any

C:\Projects\PaySurity\apps\api\src\shared\guards\roles.decorator.ts
  2:3  warning  'Get' is defined but never used  @typescript-eslint/no-unused-vars

C:\Projects\PaySurity\apps\api\src\shared\interceptors\audit.interceptor.ts
   24:15  warning  'auditLogs' is defined but never used     @typescript-eslint/no-unused-vars
   24:26  warning  Unexpected any. Specify a different type  @typescript-eslint/no-explicit-any
   25:29  warning  'T' is defined but never used             @typescript-eslint/no-unused-vars
   25:66  warning  Unexpected any. Specify a different type  @typescript-eslint/no-explicit-any
   62:61  warning  Unexpected any. Specify a different type  @typescript-eslint/no-explicit-any
  115:27  warning  Unexpected any. Specify a different type  @typescript-eslint/no-explicit-any
  115:33  warning  Unexpected any. Specify a different type  @typescript-eslint/no-explicit-any
  120:21  warning  Unexpected any. Specify a different type  @typescript-eslint/no-explicit-any
  128:37  warning  Unexpected any. Specify a different type  @typescript-eslint/no-explicit-any
  128:43  warning  Unexpected any. Specify a different type  @typescript-eslint/no-explicit-any
  132:23  warning  Unexpected any. Specify a different type  @typescript-eslint/no-explicit-any
  156:71  warning  Unexpected any. Specify a different type  @typescript-eslint/no-explicit-any
  168:34  warning  Unexpected any. Specify a different type  @typescript-eslint/no-explicit-any
  169:32  warning  Unexpected any. Specify a different type  @typescript-eslint/no-explicit-any
  193:12  warning  'data' is defined but never used          @typescript-eslint/no-unused-vars
  256:25  warning  Unexpected any. Specify a different type  @typescript-eslint/no-explicit-any

C:\Projects\PaySurity\apps\api\src\shared\interceptors\response-transform.interceptor.ts
   1:10  warning  'Transform' is defined but never used     @typescript-eslint/no-unused-vars
  22:71  warning  Unexpected any. Specify a different type  @typescript-eslint/no-explicit-any

C:\Projects\PaySurity\apps\api\src\shared\middleware\idempotency.middleware.ts
   2:3   warning  'Optional' is defined but never used      @typescript-eslint/no-unused-vars
   6:10  warning  'and' is defined but never used           @typescript-eslint/no-unused-vars
   6:15  warning  'eq' is defined but never used            @typescript-eslint/no-unused-vars
   6:19  warning  'gt' is defined but never used            @typescript-eslint/no-unused-vars
   7:13  warning  'crypto' is defined but never used        @typescript-eslint/no-unused-vars
  33:10  warning  'tryParseJson' is defined but never used  @typescript-eslint/no-unused-vars
  33:37  warning  Unexpected any. Specify a different type  @typescript-eslint/no-explicit-any
  39:14  warning  'e' is defined but never used             @typescript-eslint/no-unused-vars
  50:19  warning  Unexpected any. Specify a different type  @typescript-eslint/no-explicit-any
  58:73  warning  Unexpected any. Specify a different type  @typescript-eslint/no-explicit-any
  75:34  warning  Unexpected any. Specify a different type  @typescript-eslint/no-explicit-any
  81:13  warning  Unexpected console statement              no-console

C:\Projects\PaySurity\apps\api\src\shared\middleware\pan-redaction.middleware.ts
   1:46  warning  'InternalServerErrorException' is defined but never used  @typescript-eslint/no-unused-vars
  56:23  warning  Unexpected any. Specify a different type                  @typescript-eslint/no-explicit-any

C:\Projects\PaySurity\apps\api\src\shared\middleware\tenant-resolver.middleware.ts
  24:26  warning  Unexpected any. Specify a different type  @typescript-eslint/no-explicit-any
  28:15  warning  Unexpected any. Specify a different type  @typescript-eslint/no-explicit-any
  29:15  warning  Unexpected any. Specify a different type  @typescript-eslint/no-explicit-any
  39:17  warning  Unexpected any. Specify a different type  @typescript-eslint/no-explicit-any

C:\Projects\PaySurity\apps\api\src\shared\middleware\trace-id.middleware.ts
  34:56  warning  Unexpected any. Specify a different type  @typescript-eslint/no-explicit-any
  99:27  warning  Unexpected any. Specify a different type  @typescript-eslint/no-explicit-any

C:\Projects\PaySurity\apps\api\src\shared\utils\sanitize-gateway-response.ts
  16:7  warning  'CVV_REGEX' is assigned a value but never used  @typescript-eslint/no-unused-vars

C:\Projects\PaySurity\apps\api\src\src\store-locations\store-locations.module.ts
  15:47   warning  Unexpected any. Specify a different type  @typescript-eslint/no-explicit-any
  45:5    warning  'context' is defined but never used       @typescript-eslint/no-unused-vars
  62:27   warning  Unexpected any. Specify a different type  @typescript-eslint/no-explicit-any
  98:108  warning  'SetMetadata' is defined but never used   @typescript-eslint/no-unused-vars

C:\Projects\PaySurity\apps\api\src\tenants\tenants.module.ts
   4:10  warning  'IsNumber' is defined but never used      @typescript-eslint/no-unused-vars
  36:47  warning  Unexpected any. Specify a different type  @typescript-eslint/no-explicit-any
  40:27  warning  Unexpected any. Specify a different type  @typescript-eslint/no-explicit-any
  51:15  warning  'context' is defined but never used       @typescript-eslint/no-unused-vars
  66:63  warning  Unexpected any. Specify a different type  @typescript-eslint/no-explicit-any
  89:5   warning  Unexpected console statement              no-console

C:\Projects\PaySurity\apps\api\src\users\users.controller.ts
  9:18  warning  'req' is defined but never used           @typescript-eslint/no-unused-vars
  9:23  warning  Unexpected any. Specify a different type  @typescript-eslint/no-explicit-any

✖ 3459 problems (0 errors, 3459 warnings)

