
> @paysurity/api@0.0.1 build D:\xampp\htdocs\websites\PaySurity-Monorepo-master\PaySurity-Monorepo-main\apps\api
> nest build

node.exe : [96msrc/app.module.ts[0m:[93m77[0m:[93m31[0m - [91merror[0m[90m TS2307: [0mCannot find module 
'./modules/reports/reports.module' or its corresponding type declarations.
At C:\Users\HP\AppData\Roaming\npm\pnpm.ps1:24 char:5
+     & "node$exe"  "$basedir/node_modules/pnpm/bin/pnpm.cjs" $args
+     ~~~~~~~~~~~~~~~~~~~~~~~~~~~~~~~~~~~~~~~~~~~~~~~~~~~~~~~~~~~~~
    + CategoryInfo          : NotSpecified: ([96msrc/app.mo...e declarations.:String) [], RemoteException
    + FullyQualifiedErrorId : NativeCommandError
 

[7m77[0m import { ReportsModule } from './modules/reports/reports.module';
[7m  [0m [91m                              ~~~~~~~~~~~~~~~~~~~~~~~~~~~~~~~~~~[0m
[96msrc/modules/admin-portal/log-aggregation.controller.ts[0m:[93m37[0m:[93m39[0m - [91merror[0m[90m TS2339: 
[0mProperty 'getAggregatedLogs' does not exist on type 'LogAggregationService'.

[7m37[0m     return this.logAggregationService.getAggregatedLogs(query);
[7m  [0m [91m                                      ~~~~~~~~~~~~~~~~~[0m
[96msrc/modules/affiliates/affiliates-payouts.service.ts[0m:[93m231[0m:[93m23[0m - [91merror[0m[90m TS2769: 
[0mNo overload matches this call.
  Overload 1 of 3, '(left: PgColumn<{ name: "payout_date"; tableName: "affiliate_payouts"; dataType: "date"; 
columnType: "PgTimestamp"; data: Date; driverParam: string; notNull: true; hasDefault: false; isPrimaryKey: false; ... 
5 more ...; generated: undefined; }, {}, {}>, right: Date | SQLWrapper): SQL<...>', gave the following error.
    Argument of type 'string' is not assignable to parameter of type 'Date | SQLWrapper'.
  Overload 2 of 3, '(left: Aliased<string>, right: string | SQLWrapper): SQL<unknown>', gave the following error.
    Argument of type 'PgColumn<{ name: "payout_date"; tableName: "affiliate_payouts"; dataType: "date"; columnType: 
"PgTimestamp"; data: Date; driverParam: string; notNull: true; hasDefault: false; isPrimaryKey: false; ... 5 more ...; 
generated: undefined; }, {}, {}>' is not assignable to parameter of type 'Aliased<string>'.
      Type 'PgColumn<{ name: "payout_date"; tableName: "affiliate_payouts"; dataType: "date"; columnType: 
"PgTimestamp"; data: Date; driverParam: string; notNull: true; hasDefault: false; isPrimaryKey: false; ... 5 more ...; 
generated: undefined; }, {}, {}>' is missing the following properties from type 'Aliased<string>': sql, fieldAlias
  Overload 3 of 3, '(left: never, right: unknown): SQL<unknown>', gave the following error.
    Argument of type 'PgColumn<{ name: "payout_date"; tableName: "affiliate_payouts"; dataType: "date"; columnType: 
"PgTimestamp"; data: Date; driverParam: string; notNull: true; hasDefault: false; isPrimaryKey: false; ... 5 more ...; 
generated: undefined; }, {}, {}>' is not assignable to parameter of type 'never'.

[7m231[0m       conditions.push(gte(affiliatePayouts.payoutDate, filter.startDate.toISOString()));
[7m   [0m [91m                      ~~~[0m

[96msrc/modules/affiliates/affiliates-payouts.service.ts[0m:[93m234[0m:[93m23[0m - [91merror[0m[90m TS2769: 
[0mNo overload matches this call.
  Overload 1 of 3, '(left: PgColumn<{ name: "payout_date"; tableName: "affiliate_payouts"; dataType: "date"; 
columnType: "PgTimestamp"; data: Date; driverParam: string; notNull: true; hasDefault: false; isPrimaryKey: false; ... 
5 more ...; generated: undefined; }, {}, {}>, right: Date | SQLWrapper): SQL<...>', gave the following error.
    Argument of type 'string' is not assignable to parameter of type 'Date | SQLWrapper'.
  Overload 2 of 3, '(left: Aliased<string>, right: string | SQLWrapper): SQL<unknown>', gave the following error.
    Argument of type 'PgColumn<{ name: "payout_date"; tableName: "affiliate_payouts"; dataType: "date"; columnType: 
"PgTimestamp"; data: Date; driverParam: string; notNull: true; hasDefault: false; isPrimaryKey: false; ... 5 more ...; 
generated: undefined; }, {}, {}>' is not assignable to parameter of type 'Aliased<string>'.
      Type 'PgColumn<{ name: "payout_date"; tableName: "affiliate_payouts"; dataType: "date"; columnType: 
"PgTimestamp"; data: Date; driverParam: string; notNull: true; hasDefault: false; isPrimaryKey: false; ... 5 more ...; 
generated: undefined; }, {}, {}>' is missing the following properties from type 'Aliased<string>': sql, fieldAlias
  Overload 3 of 3, '(left: never, right: unknown): SQL<unknown>', gave the following error.
    Argument of type 'PgColumn<{ name: "payout_date"; tableName: "affiliate_payouts"; dataType: "date"; columnType: 
"PgTimestamp"; data: Date; driverParam: string; notNull: true; hasDefault: false; isPrimaryKey: false; ... 5 more ...; 
generated: undefined; }, {}, {}>' is not assignable to parameter of type 'never'.

[7m234[0m       conditions.push(lte(affiliatePayouts.payoutDate, filter.endDate.toISOString()));
[7m   [0m [91m                      ~~~[0m

[96msrc/modules/affiliates/affiliates-payouts.service.ts[0m:[93m366[0m:[93m33[0m - [91merror[0m[90m TS2339: 
[0mProperty 'commissionType' does not exist on type '{ id: string; tenantId: string; affiliateId: string; orderId: 
string; paymentId: string; commissionRuleId: string; amount: string; currency: string; status: "paid" | "held" | 
"reversed" | "earned" | "eligible"; ... 5 more ...; updatedAt: Date; }'.

[7m366[0m       if (existingCommission[0].commissionType === 'one-time') { // Need commission type on commission 
table or check rule
[7m   [0m [91m                                ~~~~~~~~~~~~~~[0m
[96msrc/modules/affiliates/affiliates-payouts.service.ts[0m:[93m390[0m:[93m64[0m - [91merror[0m[90m TS2339: 
[0mProperty 'isNull' does not exist on type 'PgColumn<{ name: "product_id"; tableName: "affiliate_commission_rules"; 
dataType: "string"; columnType: "PgUUID"; data: string; driverParam: string; notNull: false; hasDefault: false; 
isPrimaryKey: false; ... 5 more ...; generated: undefined; }, {}, {}>'.

[7m390[0m     rulePriorities.push(and(affiliateCommissionRules.productId.isNull(), 
affiliateCommissionRules.categoryId.isNull()));
[7m   [0m [91m                                                               ~~~~~~[0m
[96msrc/modules/affiliates/affiliates-payouts.service.ts[0m:[93m390[0m:[93m110[0m - [91merror[0m[90m TS2339: 
[0mProperty 'isNull' does not exist on type 'PgColumn<{ name: "category_id"; tableName: "affiliate_commission_rules"; 
dataType: "string"; columnType: "PgUUID"; data: string; driverParam: string; notNull: false; hasDefault: false; 
isPrimaryKey: false; ... 5 more ...; generated: undefined; }, {}, {}>'.

[7m390[0m     rulePriorities.push(and(affiliateCommissionRules.productId.isNull(), 
affiliateCommissionRules.categoryId.isNull()));
[7m   [0m [91m                                                                                                      
       ~~~~~~[0m
[96msrc/modules/affiliates/affiliates-payouts.service.ts[0m:[93m487[0m:[93m23[0m - [91merror[0m[90m TS2769: 
[0mNo overload matches this call.
  Overload 1 of 3, '(left: PgColumn<{ name: "earned_at"; tableName: "affiliate_commissions"; dataType: "date"; 
columnType: "PgTimestamp"; data: Date; driverParam: string; notNull: true; hasDefault: true; isPrimaryKey: false; ... 
5 more ...; generated: undefined; }, {}, {}>, right: Date | SQLWrapper): SQL<...>', gave the following error.
    Argument of type 'string' is not assignable to parameter of type 'Date | SQLWrapper'.
  Overload 2 of 3, '(left: Aliased<string>, right: string | SQLWrapper): SQL<unknown>', gave the following error.
    Argument of type 'PgColumn<{ name: "earned_at"; tableName: "affiliate_commissions"; dataType: "date"; columnType: 
"PgTimestamp"; data: Date; driverParam: string; notNull: true; hasDefault: true; isPrimaryKey: false; ... 5 more ...; 
generated: undefined; }, {}, {}>' is not assignable to parameter of type 'Aliased<string>'.
      Type 'PgColumn<{ name: "earned_at"; tableName: "affiliate_commissions"; dataType: "date"; columnType: 
"PgTimestamp"; data: Date; driverParam: string; notNull: true; hasDefault: true; isPrimaryKey: false; ... 5 more ...; 
generated: undefined; }, {}, {}>' is missing the following properties from type 'Aliased<string>': sql, fieldAlias
  Overload 3 of 3, '(left: never, right: unknown): SQL<unknown>', gave the following error.
    Argument of type 'PgColumn<{ name: "earned_at"; tableName: "affiliate_commissions"; dataType: "date"; columnType: 
"PgTimestamp"; data: Date; driverParam: string; notNull: true; hasDefault: true; isPrimaryKey: false; ... 5 more ...; 
generated: undefined; }, {}, {}>' is not assignable to parameter of type 'never'.

[7m487[0m       conditions.push(gte(affiliateCommissions.earnedAt, filter.earnedStartDate.toISOString()));
[7m   [0m [91m                      ~~~[0m

[96msrc/modules/affiliates/affiliates-payouts.service.ts[0m:[93m490[0m:[93m23[0m - [91merror[0m[90m TS2769: 
[0mNo overload matches this call.
  Overload 1 of 3, '(left: PgColumn<{ name: "earned_at"; tableName: "affiliate_commissions"; dataType: "date"; 
columnType: "PgTimestamp"; data: Date; driverParam: string; notNull: true; hasDefault: true; isPrimaryKey: false; ... 
5 more ...; generated: undefined; }, {}, {}>, right: Date | SQLWrapper): SQL<...>', gave the following error.
    Argument of type 'string' is not assignable to parameter of type 'Date | SQLWrapper'.
  Overload 2 of 3, '(left: Aliased<string>, right: string | SQLWrapper): SQL<unknown>', gave the following error.
    Argument of type 'PgColumn<{ name: "earned_at"; tableName: "affiliate_commissions"; dataType: "date"; columnType: 
"PgTimestamp"; data: Date; driverParam: string; notNull: true; hasDefault: true; isPrimaryKey: false; ... 5 more ...; 
generated: undefined; }, {}, {}>' is not assignable to parameter of type 'Aliased<string>'.
      Type 'PgColumn<{ name: "earned_at"; tableName: "affiliate_commissions"; dataType: "date"; columnType: 
"PgTimestamp"; data: Date; driverParam: string; notNull: true; hasDefault: true; isPrimaryKey: false; ... 5 more ...; 
generated: undefined; }, {}, {}>' is missing the following properties from type 'Aliased<string>': sql, fieldAlias
  Overload 3 of 3, '(left: never, right: unknown): SQL<unknown>', gave the following error.
    Argument of type 'PgColumn<{ name: "earned_at"; tableName: "affiliate_commissions"; dataType: "date"; columnType: 
"PgTimestamp"; data: Date; driverParam: string; notNull: true; hasDefault: true; isPrimaryKey: false; ... 5 more ...; 
generated: undefined; }, {}, {}>' is not assignable to parameter of type 'never'.

[7m490[0m       conditions.push(lte(affiliateCommissions.earnedAt, filter.earnedEndDate.toISOString()));
[7m   [0m [91m                      ~~~[0m

[96msrc/modules/affiliates/affiliates-payouts.service.ts[0m:[93m493[0m:[93m23[0m - [91merror[0m[90m TS2769: 
[0mNo overload matches this call.
  Overload 1 of 3, '(left: PgColumn<{ name: "eligible_for_payout_at"; tableName: "affiliate_commissions"; dataType: 
"date"; columnType: "PgTimestamp"; data: Date; driverParam: string; notNull: true; hasDefault: false; ... 6 more ...; 
generated: undefined; }, {}, {}>, right: Date | SQLWrapper): SQL<...>', gave the following error.
    Argument of type 'string' is not assignable to parameter of type 'Date | SQLWrapper'.
  Overload 2 of 3, '(left: Aliased<string>, right: string | SQLWrapper): SQL<unknown>', gave the following error.
    Argument of type 'PgColumn<{ name: "eligible_for_payout_at"; tableName: "affiliate_commissions"; dataType: "date"; 
columnType: "PgTimestamp"; data: Date; driverParam: string; notNull: true; hasDefault: false; ... 6 more ...; 
generated: undefined; }, {}, {}>' is not assignable to parameter of type 'Aliased<string>'.
      Type 'PgColumn<{ name: "eligible_for_payout_at"; tableName: "affiliate_commissions"; dataType: "date"; 
columnType: "PgTimestamp"; data: Date; driverParam: string; notNull: true; hasDefault: false; ... 6 more ...; 
generated: undefined; }, {}, {}>' is missing the following properties from type 'Aliased<string>': sql, fieldAlias
  Overload 3 of 3, '(left: never, right: unknown): SQL<unknown>', gave the following error.
    Argument of type 'PgColumn<{ name: "eligible_for_payout_at"; tableName: "affiliate_commissions"; dataType: "date"; 
columnType: "PgTimestamp"; data: Date; driverParam: string; notNull: true; hasDefault: false; ... 6 more ...; 
generated: undefined; }, {}, {}>' is not assignable to parameter of type 'never'.

[7m493[0m       conditions.push(gte(affiliateCommissions.eligibleForPayoutAt, 
filter.eligibleStartDate.toISOString()));
[7m   [0m [91m                      ~~~[0m

[96msrc/modules/affiliates/affiliates-payouts.service.ts[0m:[93m496[0m:[93m23[0m - [91merror[0m[90m TS2769: 
[0mNo overload matches this call.
  Overload 1 of 3, '(left: PgColumn<{ name: "eligible_for_payout_at"; tableName: "affiliate_commissions"; dataType: 
"date"; columnType: "PgTimestamp"; data: Date; driverParam: string; notNull: true; hasDefault: false; ... 6 more ...; 
generated: undefined; }, {}, {}>, right: Date | SQLWrapper): SQL<...>', gave the following error.
    Argument of type 'string' is not assignable to parameter of type 'Date | SQLWrapper'.
  Overload 2 of 3, '(left: Aliased<string>, right: string | SQLWrapper): SQL<unknown>', gave the following error.
    Argument of type 'PgColumn<{ name: "eligible_for_payout_at"; tableName: "affiliate_commissions"; dataType: "date"; 
columnType: "PgTimestamp"; data: Date; driverParam: string; notNull: true; hasDefault: false; ... 6 more ...; 
generated: undefined; }, {}, {}>' is not assignable to parameter of type 'Aliased<string>'.
      Type 'PgColumn<{ name: "eligible_for_payout_at"; tableName: "affiliate_commissions"; dataType: "date"; 
columnType: "PgTimestamp"; data: Date; driverParam: string; notNull: true; hasDefault: false; ... 6 more ...; 
generated: undefined; }, {}, {}>' is missing the following properties from type 'Aliased<string>': sql, fieldAlias
  Overload 3 of 3, '(left: never, right: unknown): SQL<unknown>', gave the following error.
    Argument of type 'PgColumn<{ name: "eligible_for_payout_at"; tableName: "affiliate_commissions"; dataType: "date"; 
columnType: "PgTimestamp"; data: Date; driverParam: string; notNull: true; hasDefault: false; ... 6 more ...; 
generated: undefined; }, {}, {}>' is not assignable to parameter of type 'never'.

[7m496[0m       conditions.push(lte(affiliateCommissions.eligibleForPayoutAt, filter.eligibleEndDate.toISOString()));
[7m   [0m [91m                      ~~~[0m

[96msrc/modules/affiliates/affiliates-payouts.service.ts[0m:[93m565[0m:[93m9[0m - [91merror[0m[90m TS2769: 
[0mNo overload matches this call.
  Overload 1 of 3, '(left: PgColumn<{ name: "eligible_for_payout_at"; tableName: "affiliate_commissions"; dataType: 
"date"; columnType: "PgTimestamp"; data: Date; driverParam: string; notNull: true; hasDefault: false; ... 6 more ...; 
generated: undefined; }, {}, {}>, right: Date | SQLWrapper): SQL<...>', gave the following error.
    Argument of type 'string' is not assignable to parameter of type 'Date | SQLWrapper'.
  Overload 2 of 3, '(left: Aliased<string>, right: string | SQLWrapper): SQL<unknown>', gave the following error.
    Argument of type 'PgColumn<{ name: "eligible_for_payout_at"; tableName: "affiliate_commissions"; dataType: "date"; 
columnType: "PgTimestamp"; data: Date; driverParam: string; notNull: true; hasDefault: false; ... 6 more ...; 
generated: undefined; }, {}, {}>' is not assignable to parameter of type 'Aliased<string>'.
      Type 'PgColumn<{ name: "eligible_for_payout_at"; tableName: "affiliate_commissions"; dataType: "date"; 
columnType: "PgTimestamp"; data: Date; driverParam: string; notNull: true; hasDefault: false; ... 6 more ...; 
generated: undefined; }, {}, {}>' is missing the following properties from type 'Aliased<string>': sql, fieldAlias
  Overload 3 of 3, '(left: never, right: unknown): SQL<unknown>', gave the following error.
    Argument of type 'PgColumn<{ name: "eligible_for_payout_at"; tableName: "affiliate_commissions"; dataType: "date"; 
columnType: "PgTimestamp"; data: Date; driverParam: string; notNull: true; hasDefault: false; ... 6 more ...; 
generated: undefined; }, {}, {}>' is not assignable to parameter of type 'never'.

[7m565[0m         lte(affiliateCommissions.eligibleForPayoutAt, asOfDate.toISOString())
[7m   [0m [91m        ~~~[0m

[96msrc/modules/affiliates/affiliates-payouts.service.ts[0m:[93m575[0m:[93m9[0m - [91merror[0m[90m TS2769: 
[0mNo overload matches this call.
  Overload 1 of 3, '(left: PgColumn<{ name: "eligible_for_payout_at"; tableName: "affiliate_commissions"; dataType: 
"date"; columnType: "PgTimestamp"; data: Date; driverParam: string; notNull: true; hasDefault: false; ... 6 more ...; 
generated: undefined; }, {}, {}>, right: Date | SQLWrapper): SQL<...>', gave the following error.
    Argument of type 'string' is not assignable to parameter of type 'Date | SQLWrapper'.
  Overload 2 of 3, '(left: Aliased<string>, right: string | SQLWrapper): SQL<unknown>', gave the following error.
    Argument of type 'PgColumn<{ name: "eligible_for_payout_at"; tableName: "affiliate_commissions"; dataType: "date"; 
columnType: "PgTimestamp"; data: Date; driverParam: string; notNull: true; hasDefault: false; ... 6 more ...; 
generated: undefined; }, {}, {}>' is not assignable to parameter of type 'Aliased<string>'.
      Type 'PgColumn<{ name: "eligible_for_payout_at"; tableName: "affiliate_commissions"; dataType: "date"; 
columnType: "PgTimestamp"; data: Date; driverParam: string; notNull: true; hasDefault: false; ... 6 more ...; 
generated: undefined; }, {}, {}>' is missing the following properties from type 'Aliased<string>': sql, fieldAlias
  Overload 3 of 3, '(left: never, right: unknown): SQL<unknown>', gave the following error.
    Argument of type 'PgColumn<{ name: "eligible_for_payout_at"; tableName: "affiliate_commissions"; dataType: "date"; 
columnType: "PgTimestamp"; data: Date; driverParam: string; notNull: true; hasDefault: false; ... 6 more ...; 
generated: undefined; }, {}, {}>' is not assignable to parameter of type 'never'.

[7m575[0m         lte(affiliateCommissions.eligibleForPayoutAt, asOfDate.toISOString()) // Ensure still eligible if 
date changes
[7m   [0m [91m        ~~~[0m

[96msrc/modules/affiliates/drizzle.service.ts[0m:[93m2[0m:[93m10[0m - [91merror[0m[90m TS2395: [0mIndividual 
declarations in merged declaration 'NodePgDatabase' must be all exported or all local.

[7m2[0m import { NodePgDatabase } from 'drizzle-orm/node-postgres';
[7m [0m [91m         ~~~~~~~~~~~~~~[0m
[96msrc/modules/affiliates/drizzle.service.ts[0m:[93m2[0m:[93m10[0m - [91merror[0m[90m TS2440: [0mImport 
declaration conflicts with local declaration of 'NodePgDatabase'.

[7m2[0m import { NodePgDatabase } from 'drizzle-orm/node-postgres';
[7m [0m [91m         ~~~~~~~~~~~~~~[0m
[96msrc/modules/affiliates/drizzle.service.ts[0m:[93m38[0m:[93m32[0m - [91merror[0m[90m TS2339: [0mProperty 
'affiliates' does not exist on type 'typeof import("@paysurity/database")'.

[7m38[0m type Affiliate = typeof schema.affiliates.$inferSelect;
[7m  [0m [91m                               ~~~~~~~~~~[0m
[96msrc/modules/affiliates/drizzle.service.ts[0m:[93m39[0m:[93m35[0m - [91merror[0m[90m TS2339: [0mProperty 
'affiliates' does not exist on type 'typeof import("@paysurity/database")'.

[7m39[0m type NewAffiliate = typeof schema.affiliates.$inferInsert;
[7m  [0m [91m                                  ~~~~~~~~~~[0m
[96msrc/modules/affiliates/drizzle.service.ts[0m:[93m42[0m:[93m14[0m - [91merror[0m[90m TS2395: 
[0mIndividual declarations in merged declaration 'NodePgDatabase' must be all exported or all local.

[7m42[0m export class NodePgDatabase<any> {
[7m  [0m [91m             ~~~~~~~~~~~~~~[0m
[96msrc/modules/affiliates/drizzle.service.ts[0m:[93m42[0m:[93m29[0m - [91merror[0m[90m TS2368: [0mType 
parameter name cannot be 'any'.

[7m42[0m export class NodePgDatabase<any> {
[7m  [0m [91m                            ~~~[0m
[96msrc/modules/affiliates/drizzle.service.ts[0m:[93m53[0m:[93m60[0m - [91merror[0m[90m TS2339: [0mProperty 
'affiliates' does not exist on type 'typeof import("@paysurity/database")'.

[7m53[0m     const insertedAffiliates = await this.db.insert(schema.affiliates).values(newAffiliate).returning();
[7m  [0m [91m                                                           ~~~~~~~~~~[0m
[96msrc/modules/affiliates/drizzle.service.ts[0m:[93m65[0m:[93m38[0m - [91merror[0m[90m TS2339: [0mProperty 
'affiliates' does not exist on type 'typeof import("@paysurity/database")'.

[7m65[0m       whereConditions.push(eq(schema.affiliates.userId, params.userId));
[7m  [0m [91m                                     ~~~~~~~~~~[0m
[96msrc/modules/affiliates/drizzle.service.ts[0m:[93m68[0m:[93m38[0m - [91merror[0m[90m TS2339: [0mProperty 
'affiliates' does not exist on type 'typeof import("@paysurity/database")'.

[7m68[0m       whereConditions.push(eq(schema.affiliates.organizationId, params.organizationId));
[7m  [0m [91m                                     ~~~~~~~~~~[0m
[96msrc/modules/affiliates/drizzle.service.ts[0m:[93m71[0m:[93m38[0m - [91merror[0m[90m TS2339: [0mProperty 
'affiliates' does not exist on type 'typeof import("@paysurity/database")'.

[7m71[0m       whereConditions.push(eq(schema.affiliates.referralCode, params.referralCode));
[7m  [0m [91m                                     ~~~~~~~~~~[0m
[96msrc/modules/affiliates/drizzle.service.ts[0m:[93m74[0m:[93m38[0m - [91merror[0m[90m TS2339: [0mProperty 
'affiliates' does not exist on type 'typeof import("@paysurity/database")'.

[7m74[0m       whereConditions.push(eq(schema.affiliates.status, params.status));
[7m  [0m [91m                                     ~~~~~~~~~~[0m
[96msrc/modules/affiliates/drizzle.service.ts[0m:[93m77[0m:[93m39[0m - [91merror[0m[90m TS2339: [0mProperty 
'affiliates' does not exist on type 'typeof import("@paysurity/database")'.

[7m77[0m       whereConditions.push(gte(schema.affiliates.commissionRate, params.minCommissionRate));
[7m  [0m [91m                                      ~~~~~~~~~~[0m
[96msrc/modules/affiliates/drizzle.service.ts[0m:[93m80[0m:[93m39[0m - [91merror[0m[90m TS2339: [0mProperty 
'affiliates' does not exist on type 'typeof import("@paysurity/database")'.

[7m80[0m       whereConditions.push(lte(schema.affiliates.commissionRate, params.maxCommissionRate));
[7m  [0m [91m                                      ~~~~~~~~~~[0m
[96msrc/modules/affiliates/drizzle.service.ts[0m:[93m86[0m:[93m23[0m - [91merror[0m[90m TS2339: [0mProperty 
'affiliates' does not exist on type 'typeof import("@paysurity/database")'.

[7m86[0m           like(schema.affiliates.referralCode, searchValue),
[7m  [0m [91m                      ~~~~~~~~~~[0m
[96msrc/modules/affiliates/drizzle.service.ts[0m:[93m87[0m:[93m23[0m - [91merror[0m[90m TS2339: [0mProperty 
'affiliates' does not exist on type 'typeof import("@paysurity/database")'.

[7m87[0m           like(schema.affiliates.notes, searchValue)
[7m  [0m [91m                      ~~~~~~~~~~[0m
[96msrc/modules/affiliates/drizzle.service.ts[0m:[93m92[0m:[93m48[0m - [91merror[0m[90m TS2339: [0mProperty 
'affiliates' does not exist on type 'typeof import("@paysurity/database")'.

[7m92[0m     const query = this.db.select().from(schema.affiliates).where(and(...whereConditions));
[7m  [0m [91m                                               ~~~~~~~~~~[0m
[96msrc/modules/affiliates/drizzle.service.ts[0m:[93m95[0m:[93m34[0m - [91merror[0m[90m TS2339: [0mProperty 
'affiliates' does not exist on type 'typeof import("@paysurity/database")'.

[7m95[0m       const orderColumn = schema.affiliates[params.orderBy];
[7m  [0m [91m                                 ~~~~~~~~~~[0m
[96msrc/modules/affiliates/drizzle.service.ts[0m:[93m100[0m:[93m35[0m - [91merror[0m[90m TS2339: [0mProperty 
'affiliates' does not exist on type 'typeof import("@paysurity/database")'.

[7m100[0m         query.orderBy(desc(schema.affiliates.createdAt)); // Default sort by creation date
[7m   [0m [91m                                  ~~~~~~~~~~[0m
[96msrc/modules/affiliates/drizzle.service.ts[0m:[93m114[0m:[93m58[0m - [91merror[0m[90m TS2339: [0mProperty 
'affiliates' does not exist on type 'typeof import("@paysurity/database")'.

[7m114[0m     const affiliate = await this.db.select().from(schema.affiliates).where(eq(schema.affiliates.id, 
id)).limit(1);
[7m   [0m [91m                                                         ~~~~~~~~~~[0m
[96msrc/modules/affiliates/drizzle.service.ts[0m:[93m114[0m:[93m86[0m - [91merror[0m[90m TS2339: [0mProperty 
'affiliates' does not exist on type 'typeof import("@paysurity/database")'.

[7m114[0m     const affiliate = await this.db.select().from(schema.affiliates).where(eq(schema.affiliates.id, 
id)).limit(1);
[7m   [0m [91m                                                                                     ~~~~~~~~~~[0m
[96msrc/modules/affiliates/drizzle.service.ts[0m:[93m124[0m:[93m59[0m - [91merror[0m[90m TS2339: [0mProperty 
'affiliates' does not exist on type 'typeof import("@paysurity/database")'.

[7m124[0m     const updatedAffiliates = await this.db.update(schema.affiliates)
[7m   [0m [91m                                                          ~~~~~~~~~~[0m
[96msrc/modules/affiliates/drizzle.service.ts[0m:[93m129[0m:[93m24[0m - [91merror[0m[90m TS2339: [0mProperty 
'affiliates' does not exist on type 'typeof import("@paysurity/database")'.

[7m129[0m       .where(eq(schema.affiliates.id, id))
[7m   [0m [91m                       ~~~~~~~~~~[0m
[96msrc/modules/affiliates/drizzle.service.ts[0m:[93m139[0m:[93m59[0m - [91merror[0m[90m TS2339: [0mProperty 
'affiliates' does not exist on type 'typeof import("@paysurity/database")'.

[7m139[0m     const deletedAffiliates = await this.db.delete(schema.affiliates)
[7m   [0m [91m                                                          ~~~~~~~~~~[0m
[96msrc/modules/affiliates/drizzle.service.ts[0m:[93m140[0m:[93m24[0m - [91merror[0m[90m TS2339: [0mProperty 
'affiliates' does not exist on type 'typeof import("@paysurity/database")'.

[7m140[0m       .where(eq(schema.affiliates.id, id))
[7m   [0m [91m                       ~~~~~~~~~~[0m
[96msrc/modules/affiliates/payouts/affiliates-payouts.controller.ts[0m:[93m10[0m:[93m42[0m - [91merror[0m[90m 
TS2554: [0mExpected 2 arguments, but got 1.

[7m10[0m     return this.affiliatesPayoutsService.create(createAffiliatePayoutDto);
[7m  [0m [91m                                         ~~~~~~[0m

  [96msrc/modules/affiliates/payouts/affiliates-payouts.service.ts[0m:[93m39[0m:[93m59[0m
    [7m39[0m   async create(createPayoutDto: CreateAffiliatePayoutDto, userId: string) {
    [7m  [0m [96m                                                          ~~~~~~~~~~~~~~[0m
    An argument for 'userId' was not provided.
[96msrc/modules/affiliates/payouts/affiliates-payouts.controller.ts[0m:[93m20[0m:[93m50[0m - [91merror[0m[90m 
TS2345: [0mArgument of type 'number' is not assignable to parameter of type 'string'.

[7m20[0m     return this.affiliatesPayoutsService.findOne(+id);
[7m  [0m [91m                                                 ~~~[0m
[96msrc/modules/affiliates/payouts/affiliates-payouts.controller.ts[0m:[93m25[0m:[93m42[0m - [91merror[0m[90m 
TS2554: [0mExpected 3 arguments, but got 2.

[7m25[0m     return this.affiliatesPayoutsService.update(+id, updateAffiliatePayoutDto);
[7m  [0m [91m                                         ~~~~~~[0m

  [96msrc/modules/affiliates/payouts/affiliates-payouts.service.ts[0m:[93m118[0m:[93m71[0m
    [7m118[0m   async update(id: string, updatePayoutDto: UpdateAffiliatePayoutDto, userId: string) {
    [7m   [0m [96m                                                                      ~~~~~~~~~~~~~~[0m
    An argument for 'userId' was not provided.
[96msrc/modules/affiliates/payouts/affiliates-payouts.controller.ts[0m:[93m30[0m:[93m42[0m - [91merror[0m[90m 
TS2554: [0mExpected 2 arguments, but got 1.

[7m30[0m     return this.affiliatesPayoutsService.remove(+id);
[7m  [0m [91m                                         ~~~~~~[0m

  [96msrc/modules/affiliates/payouts/affiliates-payouts.service.ts[0m:[93m144[0m:[93m28[0m
    [7m144[0m   async remove(id: string, userId: string) {
    [7m   [0m [96m                           ~~~~~~~~~~~~~~[0m
    An argument for 'userId' was not provided.
[96msrc/modules/affiliates/payouts/affiliates-payouts.service.ts[0m:[93m4[0m:[93m10[0m - [91merror[0m[90m 
TS2305: [0mModule '"@paysurity/database"' has no exported member 'affiliatesPayouts'.

[7m4[0m import { affiliatesPayouts } from '@paysurity/database';
[7m [0m [91m         ~~~~~~~~~~~~~~~~~[0m
[96msrc/modules/affiliates/payouts/affiliates-payouts.service.ts[0m:[93m77[0m:[93m41[0m - [91merror[0m[90m 
TS2339: [0mProperty 'affiliatesPayouts' does not exist on type 'DrizzleTypeError<"Seems like the schema generic is 
missing - did you forget to add it to your DB type?"> | { [x: string]: 
RelationalQueryBuilder<ExtractTablesWithRelations<any>, { ...; }>; }'.
  Property 'affiliatesPayouts' does not exist on type 'DrizzleTypeError<"Seems like the schema generic is missing - 
did you forget to add it to your DB type?">'.

[7m77[0m     const payouts = await this.db.query.affiliatesPayouts.findMany({
[7m  [0m [91m                                        ~~~~~~~~~~~~~~~~~[0m
[96msrc/modules/affiliates/payouts/affiliates-payouts.service.ts[0m:[93m97[0m:[93m40[0m - [91merror[0m[90m 
TS2339: [0mProperty 'affiliatesPayouts' does not exist on type 'DrizzleTypeError<"Seems like the schema generic is 
missing - did you forget to add it to your DB type?"> | { [x: string]: 
RelationalQueryBuilder<ExtractTablesWithRelations<any>, { ...; }>; }'.
  Property 'affiliatesPayouts' does not exist on type 'DrizzleTypeError<"Seems like the schema generic is missing - 
did you forget to add it to your DB type?">'.

[7m97[0m     const payout = await this.db.query.affiliatesPayouts.findFirst({
[7m  [0m [91m                                       ~~~~~~~~~~~~~~~~~[0m
[96msrc/modules/affiliates/schema.ts[0m:[93m3[0m:[93m27[0m - [91merror[0m[90m TS2307: [0mCannot find module 
'../merchants/schema' or its corresponding type declarations.

[7m3[0m import { merchants } from '../merchants/schema'; // Assuming affiliates might relate to merchants
[7m [0m [91m                          ~~~~~~~~~~~~~~~~~~~~~[0m
[96msrc/modules/aggregator/aggregator.controller.ts[0m:[93m11[0m:[93m11[0m - [91merror[0m[90m TS2430: 
[0mInterface 'RequestWithUser' incorrectly extends interface 'Request<ParamsDictionary, any, any, ParsedQs, 
Record<string, any>>'.
  Types of property 'user' are incompatible.
    Type '{ tenantId: string; merchantId?: string; }' is missing the following properties from type '{ [key: string]: 
unknown; userId: string; email: string; tenantId: string; roles: string[]; }': userId, email, roles

[7m11[0m interface RequestWithUser extends Request {
[7m  [0m [91m          ~~~~~~~~~~~~~~~[0m
[96msrc/modules/aggregator/aggregator.service.ts[0m:[93m83[0m:[93m32[0m - [91merror[0m[90m TS2339: 
[0mProperty 'emit' does not exist on type 'EventBusService'.

[7m83[0m           this.eventBusService.emit('order.status.updated', {
[7m  [0m [91m                               ~~~~[0m
[96msrc/modules/aggregator/aggregator.service.ts[0m:[93m102[0m:[93m28[0m - [91merror[0m[90m TS2339: 
[0mProperty 'emit' does not exist on type 'EventBusService'.

[7m102[0m       this.eventBusService.emit('order.created', {
[7m   [0m [91m                           ~~~~[0m
[96msrc/modules/aggregator/aggregator.service.ts[0m:[93m296[0m:[93m28[0m - [91merror[0m[90m TS2339: 
[0mProperty 'length' does not exist on type 'QueryResult<Record<string, unknown>>'.

[7m296[0m       if (result && result.length > 0) {
[7m   [0m [91m                           ~~~~~~[0m
[96msrc/modules/aggregator/aggregator.service.ts[0m:[93m323[0m:[93m15[0m - [91merror[0m[90m TS2488: [0mType 
'QueryResult<Record<string, unknown>>' must have a '[Symbol.iterator]()' method that returns an iterator.

[7m323[0m         const [insertedOrder] = await tx.execute(sql`
[7m   [0m [91m              ~~~~~~~~~~~~~~~[0m
[96msrc/modules/aggregator/aggregator.service.ts[0m:[93m408[0m:[93m28[0m - [91merror[0m[90m TS2339: 
[0mProperty 'emit' does not exist on type 'EventBusService'.

[7m408[0m       this.eventBusService.emit('order.status.updated', {
[7m   [0m [91m                           ~~~~[0m
[96msrc/modules/aggregator/aggregator.service.ts[0m:[93m443[0m:[93m78[0m - [91merror[0m[90m TS2339: 
[0mProperty 'fetchDoorDashOrderStatus' does not exist on type 'AggregatorService'.

[7m443[0m           ({ status: externalStatus, payload: externalPayload } = await this.fetchDoorDashOrderStatus(
[7m   [0m [91m                                                                             
~~~~~~~~~~~~~~~~~~~~~~~~[0m
[96msrc/modules/aggregator/aggregator.service.ts[0m:[93m449[0m:[93m78[0m - [91merror[0m[90m TS2339: 
[0mProperty 'fetchUberEatsOrderStatus' does not exist on type 'AggregatorService'.

[7m449[0m           ({ status: externalStatus, payload: externalPayload } = await this.fetchUberEatsOrderStatus(
[7m   [0m [91m                                                                             
~~~~~~~~~~~~~~~~~~~~~~~~[0m
[96msrc/modules/aggregator/aggregator.service.ts[0m:[93m455[0m:[93m78[0m - [91merror[0m[90m TS2339: 
[0mProperty 'fetchGrubHubOrderStatus' does not exist on type 'AggregatorService'.

[7m455[0m           ({ status: externalStatus, payload: externalPayload } = await this.fetchGrubHubOrderStatus(
[7m   [0m [91m                                                                             
~~~~~~~~~~~~~~~~~~~~~~~[0m
[96msrc/modules/aggregator/aggregator.service.ts[0m:[93m470[0m:[93m30[0m - [91merror[0m[90m TS2339: 
[0mProperty 'emit' does not exist on type 'EventBusService'.

[7m470[0m         this.eventBusService.emit('order.status.updated', {
[7m   [0m [91m                             ~~~~[0m
[96msrc/modules/aggregator/aggregator.service.ts[0m:[93m504[0m:[93m28[0m - [91merror[0m[90m TS2339: 
[0mProperty 'length' does not exist on type 'QueryResult<Record<string, unknown>>'.

[7m504[0m       if (result && result.length > 0) {
[7m   [0m [91m                           ~~~~~~[0m
[96msrc/modules/ai/ai-customer-segmentation.controller.ts[0m:[93m4[0m:[93m10[0m - [91merror[0m[90m TS2724: 
[0m'"../dto/ai-customer-segmentation.dto"' has no exported member named 'CreateAiCustomerSegmentationDto'. Did you 
mean 'AiCustomerSegmentationDto'?

[7m4[0m import { CreateAiCustomerSegmentationDto, UpdateAiCustomerSegmentationDto } from 
'../dto/ai-customer-segmentation.dto';
[7m [0m [91m         ~~~~~~~~~~~~~~~~~~~~~~~~~~~~~~~[0m

  [96msrc/modules/dto/ai-customer-segmentation.dto.ts[0m:[93m3[0m:[93m14[0m
    [7m3[0m export class AiCustomerSegmentationDto {
    [7m [0m [96m             ~~~~~~~~~~~~~~~~~~~~~~~~~[0m
    'AiCustomerSegmentationDto' is declared here.
[96msrc/modules/ai/ai-customer-segmentation.controller.ts[0m:[93m4[0m:[93m43[0m - [91merror[0m[90m TS2724: 
[0m'"../dto/ai-customer-segmentation.dto"' has no exported member named 'UpdateAiCustomerSegmentationDto'. Did you 
mean 'AiCustomerSegmentationDto'?

[7m4[0m import { CreateAiCustomerSegmentationDto, UpdateAiCustomerSegmentationDto } from 
'../dto/ai-customer-segmentation.dto';
[7m [0m [91m                                          ~~~~~~~~~~~~~~~~~~~~~~~~~~~~~~~[0m

  [96msrc/modules/dto/ai-customer-segmentation.dto.ts[0m:[93m3[0m:[93m14[0m
    [7m3[0m export class AiCustomerSegmentationDto {
    [7m [0m [96m             ~~~~~~~~~~~~~~~~~~~~~~~~~[0m
    'AiCustomerSegmentationDto' is declared here.
[96msrc/modules/ai/ai-customer-segmentation.controller.ts[0m:[93m35[0m:[93m47[0m - [91merror[0m[90m TS2339: 
[0mProperty 'create' does not exist on type 'AiCustomerSegmentationService'.

[7m35[0m     return this.aiCustomerSegmentationService.create(companyId, createDto);
[7m  [0m [91m                                              ~~~~~~[0m
[96msrc/modules/ai/ai-customer-segmentation.controller.ts[0m:[93m49[0m:[93m47[0m - [91merror[0m[90m TS2339: 
[0mProperty 'findAll' does not exist on type 'AiCustomerSegmentationService'.

[7m49[0m     return this.aiCustomerSegmentationService.findAll(companyId);
[7m  [0m [91m                                              ~~~~~~~[0m
[96msrc/modules/ai/ai-customer-segmentation.controller.ts[0m:[93m68[0m:[93m67[0m - [91merror[0m[90m TS2339: 
[0mProperty 'findOne' does not exist on type 'AiCustomerSegmentationService'.

[7m68[0m     const segmentation = await this.aiCustomerSegmentationService.findOne(companyId, id);
[7m  [0m [91m                                                                  ~~~~~~~[0m
[96msrc/modules/ai/ai-customer-segmentation.controller.ts[0m:[93m93[0m:[93m74[0m - [91merror[0m[90m TS2339: 
[0mProperty 'update' does not exist on type 'AiCustomerSegmentationService'.

[7m93[0m     const updatedSegmentation = await this.aiCustomerSegmentationService.update(companyId, id, updateDto);
[7m  [0m [91m                                                                         ~~~~~~[0m
[96msrc/modules/ai/ai-customer-segmentation.controller.ts[0m:[93m117[0m:[93m62[0m - [91merror[0m[90m TS2339: 
[0mProperty 'remove' does not exist on type 'AiCustomerSegmentationService'.

[7m117[0m     const deleted = await this.aiCustomerSegmentationService.remove(companyId, id);
[7m   [0m [91m                                                             ~~~~~~[0m
[96msrc/modules/ai/ai-customer-segmentation.service.ts[0m:[93m4[0m:[93m3[0m - [91merror[0m[90m TS2305: 
[0mModule '"@paysurity/database"' has no exported member 'segmentationRunStatusEnum'.

[7m4[0m   segmentationRunStatusEnum, // Assuming this type is exported from @paysurity/database
[7m [0m [91m  ~~~~~~~~~~~~~~~~~~~~~~~~~[0m
[96msrc/modules/analytics/eod-reporting.engine.ts[0m:[93m123[0m:[93m70[0m - [91merror[0m[90m TS2345: 
[0mArgument of type 'PayrollSummaryReport' is not assignable to parameter of type 'Record<string, unknown>'.
  Index signature for type 'string' is missing in type 'PayrollSummaryReport'.

[7m123[0m     return this.buildReport(tenantId, reportDate, 'payroll_summary', data,
[7m   [0m [91m                                                                     ~~~~[0m
[96msrc/modules/analytics/eod-reporting.engine.ts[0m:[93m133[0m:[93m64[0m - [91merror[0m[90m TS2345: 
[0mArgument of type 'POSSalesReport' is not assignable to parameter of type 'Record<string, unknown>'.
  Index signature for type 'string' is missing in type 'POSSalesReport'.

[7m133[0m     return this.buildReport(tenantId, reportDate, 'pos_sales', data,
[7m   [0m [91m                                                               ~~~~[0m
[96msrc/modules/analytics/profitability.service.ts[0m:[93m20[0m:[93m33[0m - [91merror[0m[90m TS2352: 
[0mConversion of type 'NodePgDatabase<Record<string, unknown>>' to type 'Record<string, unknown> & { execute: (q: 
string, p: string[]) => Promise<{ rows?: { gross_revenue?: string; }[]; }>; }' may be a mistake because neither type 
sufficiently overlaps with the other. If this was intentional, convert the expression to 'unknown' first.
  Type 'NodePgDatabase<Record<string, unknown>>' is not comparable to type 'Record<string, unknown>'.
    Index signature for type 'string' is missing in type 'NodePgDatabase<Record<string, unknown>>'.

[7m20[0m       const revenueRes = await (this.db as Record<string, unknown> & { execute: (q: string, p: string[]) => 
Promise<{ rows?: { gross_revenue?: string }[] }> }).execute(
[7m  [0m [91m                                ~~~~~~~~~~~~~~~~~~~~~~~~~~~~~~~~~~~~~~~~~~~~~~~~~~~~~~~~~~~~~~~~~~~~~~~
~~~~~~~~~~~~~~~~~~~~~~~~~~~~~~~~~~~~~~~~~~~~~~~~~~~~~~~[0m
[96msrc/modules/analytics/profitability.service.ts[0m:[93m29[0m:[93m30[0m - [91merror[0m[90m TS2352: 
[0mConversion of type 'NodePgDatabase<Record<string, unknown>>' to type 'Record<string, unknown> & { execute: (q: 
string, p: string[]) => Promise<{ rows?: { total_cogs?: string; }[]; }>; }' may be a mistake because neither type 
sufficiently overlaps with the other. If this was intentional, convert the expression to 'unknown' first.
  Type 'NodePgDatabase<Record<string, unknown>>' is not comparable to type 'Record<string, unknown>'.
    Index signature for type 'string' is missing in type 'NodePgDatabase<Record<string, unknown>>'.

[7m29[0m       const cogsRes = await (this.db as Record<string, unknown> & { execute: (q: string, p: string[]) => 
Promise<{ rows?: { total_cogs?: string }[] }> }).execute(
[7m  [0m [91m                             ~~~~~~~~~~~~~~~~~~~~~~~~~~~~~~~~~~~~~~~~~~~~~~~~~~~~~~~~~~~~~~~~~~~~~~~~~~
~~~~~~~~~~~~~~~~~~~~~~~~~~~~~~~~~~~~~~~~~~~~~~~~~[0m
[96msrc/modules/analytics/profitability.service.ts[0m:[93m41[0m:[93m31[0m - [91merror[0m[90m TS2352: 
[0mConversion of type 'NodePgDatabase<Record<string, unknown>>' to type 'Record<string, unknown> & { execute: (q: 
string, p: string[]) => Promise<{ rows?: { labor_cost?: string; }[]; }>; }' may be a mistake because neither type 
sufficiently overlaps with the other. If this was intentional, convert the expression to 'unknown' first.
  Type 'NodePgDatabase<Record<string, unknown>>' is not comparable to type 'Record<string, unknown>'.
    Index signature for type 'string' is missing in type 'NodePgDatabase<Record<string, unknown>>'.

[7m41[0m       const laborRes = await (this.db as Record<string, unknown> & { execute: (q: string, p: string[]) => 
Promise<{ rows?: { labor_cost?: string }[] }> }).execute(
[7m  [0m [91m                              ~~~~~~~~~~~~~~~~~~~~~~~~~~~~~~~~~~~~~~~~~~~~~~~~~~~~~~~~~~~~~~~~~~~~~~~~~
~~~~~~~~~~~~~~~~~~~~~~~~~~~~~~~~~~~~~~~~~~~~~~~~~~[0m
[96msrc/modules/api-keys/api-platform.controller.ts[0m:[93m1[0m:[93m10[0m - [91merror[0m[90m TS2300: 
[0mDuplicate identifier 'Controller'.

[7m1[0m import { Controller, Post, Get, Delete, Param, Body, Request, HttpStatus, HttpException, Injectable ,
[7m [0m [91m         ~~~~~~~~~~[0m
[96msrc/modules/api-keys/api-platform.controller.ts[0m:[93m1[0m:[93m22[0m - [91merror[0m[90m TS2300: 
[0mDuplicate identifier 'Post'.

[7m1[0m import { Controller, Post, Get, Delete, Param, Body, Request, HttpStatus, HttpException, Injectable ,
[7m [0m [91m                     ~~~~[0m
[96msrc/modules/api-keys/api-platform.controller.ts[0m:[93m1[0m:[93m28[0m - [91merror[0m[90m TS2300: 
[0mDuplicate identifier 'Get'.

[7m1[0m import { Controller, Post, Get, Delete, Param, Body, Request, HttpStatus, HttpException, Injectable ,
[7m [0m [91m                           ~~~[0m
[96msrc/modules/api-keys/api-platform.controller.ts[0m:[93m1[0m:[93m33[0m - [91merror[0m[90m TS2300: 
[0mDuplicate identifier 'Delete'.

[7m1[0m import { Controller, Post, Get, Delete, Param, Body, Request, HttpStatus, HttpException, Injectable ,
[7m [0m [91m                                ~~~~~~[0m
[96msrc/modules/api-keys/api-platform.controller.ts[0m:[93m1[0m:[93m41[0m - [91merror[0m[90m TS2300: 
[0mDuplicate identifier 'Param'.

[7m1[0m import { Controller, Post, Get, Delete, Param, Body, Request, HttpStatus, HttpException, Injectable ,
[7m [0m [91m                                        ~~~~~[0m
[96msrc/modules/api-keys/api-platform.controller.ts[0m:[93m1[0m:[93m48[0m - [91merror[0m[90m TS2300: 
[0mDuplicate identifier 'Body'.

[7m1[0m import { Controller, Post, Get, Delete, Param, Body, Request, HttpStatus, HttpException, Injectable ,
[7m [0m [91m                                               ~~~~[0m
[96msrc/modules/api-keys/api-platform.controller.ts[0m:[93m1[0m:[93m54[0m - [91merror[0m[90m TS2300: 
[0mDuplicate identifier 'Request'.

[7m1[0m import { Controller, Post, Get, Delete, Param, Body, Request, HttpStatus, HttpException, Injectable ,
[7m [0m [91m                                                     ~~~~~~~[0m
[96msrc/modules/api-keys/api-platform.controller.ts[0m:[93m1[0m:[93m63[0m - [91merror[0m[90m TS2300: 
[0mDuplicate identifier 'HttpStatus'.

[7m1[0m import { Controller, Post, Get, Delete, Param, Body, Request, HttpStatus, HttpException, Injectable ,
[7m [0m [91m                                                              ~~~~~~~~~~[0m
[96msrc/modules/api-keys/api-platform.controller.ts[0m:[93m1[0m:[93m75[0m - [91merror[0m[90m TS2300: 
[0mDuplicate identifier 'HttpException'.

[7m1[0m import { Controller, Post, Get, Delete, Param, Body, Request, HttpStatus, HttpException, Injectable ,
[7m [0m [91m                                                                          ~~~~~~~~~~~~~[0m
[96msrc/modules/api-keys/api-platform.controller.ts[0m:[93m1[0m:[93m90[0m - [91merror[0m[90m TS2300: 
[0mDuplicate identifier 'Injectable'.

[7m1[0m import { Controller, Post, Get, Delete, Param, Body, Request, HttpStatus, HttpException, Injectable ,
[7m [0m [91m                                                                                         ~~~~~~~~~~[0m
[96msrc/modules/api-keys/api-platform.controller.ts[0m:[93m2[0m:[93m3[0m - [91merror[0m[90m TS2300: 
[0mDuplicate identifier 'Optional'.

[7m2[0m   Optional} from '@nestjs/common';
[7m [0m [91m  ~~~~~~~~[0m
[96msrc/modules/api-keys/api-platform.controller.ts[0m:[93m3[0m:[93m10[0m - [91merror[0m[90m TS2300: 
[0mDuplicate identifier 'Controller'.

[7m3[0m import { Controller, Post, Get, Delete, Param, Body, Request, HttpStatus, HttpException, Injectable ,
[7m [0m [91m         ~~~~~~~~~~[0m
[96msrc/modules/api-keys/api-platform.controller.ts[0m:[93m3[0m:[93m22[0m - [91merror[0m[90m TS2300: 
[0mDuplicate identifier 'Post'.

[7m3[0m import { Controller, Post, Get, Delete, Param, Body, Request, HttpStatus, HttpException, Injectable ,
[7m [0m [91m                     ~~~~[0m
[96msrc/modules/api-keys/api-platform.controller.ts[0m:[93m3[0m:[93m28[0m - [91merror[0m[90m TS2300: 
[0mDuplicate identifier 'Get'.

[7m3[0m import { Controller, Post, Get, Delete, Param, Body, Request, HttpStatus, HttpException, Injectable ,
[7m [0m [91m                           ~~~[0m
[96msrc/modules/api-keys/api-platform.controller.ts[0m:[93m3[0m:[93m33[0m - [91merror[0m[90m TS2300: 
[0mDuplicate identifier 'Delete'.

[7m3[0m import { Controller, Post, Get, Delete, Param, Body, Request, HttpStatus, HttpException, Injectable ,
[7m [0m [91m                                ~~~~~~[0m
[96msrc/modules/api-keys/api-platform.controller.ts[0m:[93m3[0m:[93m41[0m - [91merror[0m[90m TS2300: 
[0mDuplicate identifier 'Param'.

[7m3[0m import { Controller, Post, Get, Delete, Param, Body, Request, HttpStatus, HttpException, Injectable ,
[7m [0m [91m                                        ~~~~~[0m
[96msrc/modules/api-keys/api-platform.controller.ts[0m:[93m3[0m:[93m48[0m - [91merror[0m[90m TS2300: 
[0mDuplicate identifier 'Body'.

[7m3[0m import { Controller, Post, Get, Delete, Param, Body, Request, HttpStatus, HttpException, Injectable ,
[7m [0m [91m                                               ~~~~[0m
[96msrc/modules/api-keys/api-platform.controller.ts[0m:[93m3[0m:[93m54[0m - [91merror[0m[90m TS2300: 
[0mDuplicate identifier 'Request'.

[7m3[0m import { Controller, Post, Get, Delete, Param, Body, Request, HttpStatus, HttpException, Injectable ,
[7m [0m [91m                                                     ~~~~~~~[0m
[96msrc/modules/api-keys/api-platform.controller.ts[0m:[93m3[0m:[93m63[0m - [91merror[0m[90m TS2300: 
[0mDuplicate identifier 'HttpStatus'.

[7m3[0m import { Controller, Post, Get, Delete, Param, Body, Request, HttpStatus, HttpException, Injectable ,
[7m [0m [91m                                                              ~~~~~~~~~~[0m
[96msrc/modules/api-keys/api-platform.controller.ts[0m:[93m3[0m:[93m75[0m - [91merror[0m[90m TS2300: 
[0mDuplicate identifier 'HttpException'.

[7m3[0m import { Controller, Post, Get, Delete, Param, Body, Request, HttpStatus, HttpException, Injectable ,
[7m [0m [91m                                                                          ~~~~~~~~~~~~~[0m
[96msrc/modules/api-keys/api-platform.controller.ts[0m:[93m3[0m:[93m90[0m - [91merror[0m[90m TS2300: 
[0mDuplicate identifier 'Injectable'.

[7m3[0m import { Controller, Post, Get, Delete, Param, Body, Request, HttpStatus, HttpException, Injectable ,
[7m [0m [91m                                                                                         ~~~~~~~~~~[0m
[96msrc/modules/api-keys/api-platform.controller.ts[0m:[93m4[0m:[93m3[0m - [91merror[0m[90m TS2300: 
[0mDuplicate identifier 'Optional'.

[7m4[0m   Optional} from '@nestjs/common';
[7m [0m [91m  ~~~~~~~~[0m
[96msrc/modules/api-keys/api-platform.controller.ts[0m:[93m61[0m:[93m16[0m - [91merror[0m[90m TS2304: 
[0mCannot find name 'Inject'.

[7m61[0m   constructor(@Inject('DATABASE') private readonly db: NodePgDatabase<any>) {}
[7m  [0m [91m               ~~~~~~[0m
[96msrc/modules/api-keys/api-platform.controller.ts[0m:[93m84[0m:[93m6[0m - [91merror[0m[90m TS2304: 
[0mCannot find name 'Inject'.

[7m84[0m     @Inject('DATABASE') private readonly db: NodePgDatabase<any>,
[7m  [0m [91m     ~~~~~~[0m
[96msrc/modules/api-keys/api-platform.module.ts[0m:[93m2[0m:[93m18[0m - [91merror[0m[90m TS2305: [0mModule 
'"@nestjs/common"' has no exported member 'CacheModule'.

[7m2[0m import { Module, CacheModule} from '@nestjs/common';
[7m [0m [91m                 ~~~~~~~~~~~[0m
[96msrc/modules/api-keys/api-platform.module.ts[0m:[93m4[0m:[93m33[0m - [91merror[0m[90m TS2307: [0mCannot 
find module './audit-log.service' or its corresponding type declarations.

[7m4[0m import { AuditLogService } from './audit-log.service';
[7m [0m [91m                                ~~~~~~~~~~~~~~~~~~~~~[0m
[96msrc/modules/api-keys/api-platform.service.ts[0m:[93m2[0m:[93m23[0m - [91merror[0m[90m TS2307: [0mCannot 
find module 'cache-manager' or its corresponding type declarations.

[7m2[0m import { Cache } from 'cache-manager';
[7m [0m [91m                      ~~~~~~~~~~~~~~~[0m
[96msrc/modules/api-keys/api-platform.service.ts[0m:[93m3[0m:[93m31[0m - [91merror[0m[90m TS2307: [0mCannot 
find module '@nestjs/cache-manager' or its corresponding type declarations.

[7m3[0m import { CACHE_MANAGER } from '@nestjs/cache-manager';
[7m [0m [91m                              ~~~~~~~~~~~~~~~~~~~~~~~[0m
[96msrc/modules/api-keys/apikeys.controller.ts[0m:[93m7[0m:[93m6[0m - [91merror[0m[90m TS2300: [0mDuplicate 
identifier 'NodePgDatabase'.

[7m7[0m type NodePgDatabase<T> = any;
[7m [0m [91m     ~~~~~~~~~~~~~~[0m

  [96msrc/modules/delivery/delivery.service.ts[0m:[93m18[0m:[93m6[0m
    [7m18[0m type NodePgDatabase<TSchema extends Record<string, unknown>> = {
    [7m  [0m [96m     ~~~~~~~~~~~~~~[0m
    'NodePgDatabase' was also declared here.
  [96msrc/modules/ecom/checkout.service.ts[0m:[93m11[0m:[93m6[0m
    [7m11[0m type NodePgDatabase<TSchema extends Record<string, unknown> = Record<string, never>> = any;
    [7m  [0m [96m     ~~~~~~~~~~~~~~[0m
    and here.
[96msrc/modules/auth/audit-log.service.ts[0m:[93m7[0m:[93m35[0m - [91merror[0m[90m TS2307: [0mCannot find 
module './dto/create-audit-log.dto' or its corresponding type declarations.

[7m7[0m import { CreateAuditLogDto } from './dto/create-audit-log.dto';
[7m [0m [91m                                  ~~~~~~~~~~~~~~~~~~~~~~~~~~~~[0m
[96msrc/modules/auth/auth.service.ts[0m:[93m64[0m:[93m28[0m - [91merror[0m[90m TS2339: [0mProperty 'rows' 
does not exist on type 'unknown'.

[7m64[0m       const user = result?.rows?.[0] || result?.[0];
[7m  [0m [91m                           ~~~~[0m
[96msrc/modules/auth/auth.service.ts[0m:[93m125[0m:[93m28[0m - [91merror[0m[90m TS2339: [0mProperty 'rows' 
does not exist on type 'unknown'.

[7m125[0m       const user = result?.rows?.[0] || result?.[0];
[7m   [0m [91m                           ~~~~[0m
[96msrc/modules/auth/auth.service.ts[0m:[93m219[0m:[93m27[0m - [91merror[0m[90m TS2339: [0mProperty 'rows' 
does not exist on type 'unknown'.

[7m219[0m       const user = users?.rows?.[0] || users?.[0];
[7m   [0m [91m                          ~~~~[0m
[96msrc/modules/auth/auth.service.ts[0m:[93m303[0m:[93m19[0m - [91merror[0m[90m TS2339: [0mProperty 'rows' 
does not exist on type 'unknown'.

[7m303[0m       if (result?.rows?.[0] || result?.[0]) {
[7m   [0m [91m                  ~~~~[0m
[96msrc/modules/auth/auth.service.ts[0m:[93m371[0m:[93m29[0m - [91merror[0m[90m TS2339: [0mProperty 'rows' 
does not exist on type 'unknown'.

[7m371[0m       const user = userRes?.rows?.[0] || userRes?.[0];
[7m   [0m [91m                            ~~~~[0m
[96msrc/modules/auth/auth.service.ts[0m:[93m421[0m:[93m29[0m - [91merror[0m[90m TS2339: [0mProperty 'rows' 
does not exist on type 'unknown'.

[7m421[0m       const user = userRes?.rows?.[0] || userRes?.[0];
[7m   [0m [91m                            ~~~~[0m
[96msrc/modules/auth/auth.service.ts[0m:[93m442[0m:[93m27[0m - [91merror[0m[90m TS2339: [0mProperty 'rows' 
does not exist on type 'unknown'.

[7m442[0m     const user = userRes?.rows?.[0] || userRes?.[0];
[7m   [0m [91m                          ~~~~[0m
[96msrc/modules/auth/auth.spec.ts[0m:[93m326[0m:[93m30[0m - [91merror[0m[90m TS2349: [0mThis expression is 
not callable.
  Type '{ default: SuperTestStatic; Test: typeof Test; agent: typeof TestAgent & ((app?: App, options?: AgentOptions) 
=> TestAgent<Test>); }' has no call signatures.

[7m326[0m       const response = await request(app.getHttpServer()).get('/auth/profile');
[7m   [0m [91m                             ~~~~~~~[0m

  [96msrc/modules/auth/auth.spec.ts[0m:[93m16[0m:[93m1[0m
    [7m16[0m import * as request from 'supertest';
    [7m  [0m [96m~~~~~~~~~~~~~~~~~~~~~~~~~~~~~~~~~~~~~[0m
    Type originates at this import. A namespace-style import cannot be called or constructed, and will cause a failure 
at runtime. Consider using a default import or import require here instead.
[96msrc/modules/auth/auth.spec.ts[0m:[93m340[0m:[93m30[0m - [91merror[0m[90m TS2349: [0mThis expression is 
not callable.
  Type '{ default: SuperTestStatic; Test: typeof Test; agent: typeof TestAgent & ((app?: App, options?: AgentOptions) 
=> TestAgent<Test>); }' has no call signatures.

[7m340[0m       const response = await request(app.getHttpServer()).get('/auth/admin-data');
[7m   [0m [91m                             ~~~~~~~[0m

  [96msrc/modules/auth/auth.spec.ts[0m:[93m16[0m:[93m1[0m
    [7m16[0m import * as request from 'supertest';
    [7m  [0m [96m~~~~~~~~~~~~~~~~~~~~~~~~~~~~~~~~~~~~~[0m
    Type originates at this import. A namespace-style import cannot be called or constructed, and will cause a failure 
at runtime. Consider using a default import or import require here instead.
[96msrc/modules/auth/auth.spec.ts[0m:[93m354[0m:[93m30[0m - [91merror[0m[90m TS2349: [0mThis expression is 
not callable.
  Type '{ default: SuperTestStatic; Test: typeof Test; agent: typeof TestAgent & ((app?: App, options?: AgentOptions) 
=> TestAgent<Test>); }' has no call signatures.

[7m354[0m       const response = await request(app.getHttpServer()).get('/auth/admin-data');
[7m   [0m [91m                             ~~~~~~~[0m

  [96msrc/modules/auth/auth.spec.ts[0m:[93m16[0m:[93m1[0m
    [7m16[0m import * as request from 'supertest';
    [7m  [0m [96m~~~~~~~~~~~~~~~~~~~~~~~~~~~~~~~~~~~~~[0m
    Type originates at this import. A namespace-style import cannot be called or constructed, and will cause a failure 
at runtime. Consider using a default import or import require here instead.
[96msrc/modules/auth/auth.spec.ts[0m:[93m371[0m:[93m30[0m - [91merror[0m[90m TS2349: [0mThis expression is 
not callable.
  Type '{ default: SuperTestStatic; Test: typeof Test; agent: typeof TestAgent & ((app?: App, options?: AgentOptions) 
=> TestAgent<Test>); }' has no call signatures.

[7m371[0m       const response = await request(app.getHttpServer()).get('/auth/transaction-report');
[7m   [0m [91m                             ~~~~~~~[0m

  [96msrc/modules/auth/auth.spec.ts[0m:[93m16[0m:[93m1[0m
    [7m16[0m import * as request from 'supertest';
    [7m  [0m [96m~~~~~~~~~~~~~~~~~~~~~~~~~~~~~~~~~~~~~[0m
    Type originates at this import. A namespace-style import cannot be called or constructed, and will cause a failure 
at runtime. Consider using a default import or import require here instead.
[96msrc/modules/auth/auth.spec.ts[0m:[93m385[0m:[93m30[0m - [91merror[0m[90m TS2349: [0mThis expression is 
not callable.
  Type '{ default: SuperTestStatic; Test: typeof Test; agent: typeof TestAgent & ((app?: App, options?: AgentOptions) 
=> TestAgent<Test>); }' has no call signatures.

[7m385[0m       const response = await request(app.getHttpServer()).get('/auth/transaction-report');
[7m   [0m [91m                             ~~~~~~~[0m

  [96msrc/modules/auth/auth.spec.ts[0m:[93m16[0m:[93m1[0m
    [7m16[0m import * as request from 'supertest';
    [7m  [0m [96m~~~~~~~~~~~~~~~~~~~~~~~~~~~~~~~~~~~~~[0m
    Type originates at this import. A namespace-style import cannot be called or constructed, and will cause a failure 
at runtime. Consider using a default import or import require here instead.
[96msrc/modules/auth/auth.spec.ts[0m:[93m416[0m:[93m30[0m - [91merror[0m[90m TS2349: [0mThis expression is 
not callable.
  Type '{ default: SuperTestStatic; Test: typeof Test; agent: typeof TestAgent & ((app?: App, options?: AgentOptions) 
=> TestAgent<Test>); }' has no call signatures.

[7m416[0m       const response = await request(app.getHttpServer())
[7m   [0m [91m                             ~~~~~~~[0m

  [96msrc/modules/auth/auth.spec.ts[0m:[93m16[0m:[93m1[0m
    [7m16[0m import * as request from 'supertest';
    [7m  [0m [96m~~~~~~~~~~~~~~~~~~~~~~~~~~~~~~~~~~~~~[0m
    Type originates at this import. A namespace-style import cannot be called or constructed, and will cause a failure 
at runtime. Consider using a default import or import require here instead.
[96msrc/modules/auth/auth.spec.ts[0m:[93m434[0m:[93m30[0m - [91merror[0m[90m TS2349: [0mThis expression is 
not callable.
  Type '{ default: SuperTestStatic; Test: typeof Test; agent: typeof TestAgent & ((app?: App, options?: AgentOptions) 
=> TestAgent<Test>); }' has no call signatures.

[7m434[0m       const response = await request(app.getHttpServer())
[7m   [0m [91m                             ~~~~~~~[0m

  [96msrc/modules/auth/auth.spec.ts[0m:[93m16[0m:[93m1[0m
    [7m16[0m import * as request from 'supertest';
    [7m  [0m [96m~~~~~~~~~~~~~~~~~~~~~~~~~~~~~~~~~~~~~[0m
    Type originates at this import. A namespace-style import cannot be called or constructed, and will cause a failure 
at runtime. Consider using a default import or import require here instead.
[96msrc/modules/auth/drizzle.service.ts[0m:[93m2[0m:[93m10[0m - [91merror[0m[90m TS2395: [0mIndividual 
declarations in merged declaration 'NodePgDatabase' must be all exported or all local.

[7m2[0m import { NodePgDatabase } from 'drizzle-orm/node-postgres';
[7m [0m [91m         ~~~~~~~~~~~~~~[0m
[96msrc/modules/auth/drizzle.service.ts[0m:[93m2[0m:[93m10[0m - [91merror[0m[90m TS2440: [0mImport 
declaration conflicts with local declaration of 'NodePgDatabase'.

[7m2[0m import { NodePgDatabase } from 'drizzle-orm/node-postgres';
[7m [0m [91m         ~~~~~~~~~~~~~~[0m
[96msrc/modules/auth/drizzle.service.ts[0m:[93m7[0m:[93m14[0m - [91merror[0m[90m TS2395: [0mIndividual 
declarations in merged declaration 'NodePgDatabase' must be all exported or all local.

[7m7[0m export class NodePgDatabase<any> {
[7m [0m [91m             ~~~~~~~~~~~~~~[0m
[96msrc/modules/auth/drizzle.service.ts[0m:[93m7[0m:[93m29[0m - [91merror[0m[90m TS2368: [0mType parameter 
name cannot be 'any'.

[7m7[0m export class NodePgDatabase<any> {
[7m [0m [91m                            ~~~[0m
[96msrc/modules/cash-drawer/cash-drawer.dto.ts[0m:[93m33[0m:[93m4[0m - [91merror[0m[90m TS1240: [0mUnable to 
resolve signature of property decorator when called as an expression.
  This expression is not callable.
    Type '{ message: string; }' has no call signatures.

[7m33[0m   @({ message: 'Initial balance must be a positive number or zero' })
[7m  [0m [91m   ~~~~~~~~~~~~~~~~~~~~~~~~~~~~~~~~~~~~~~~~~~~~~~~~~~~~~~~~~~~~~~~~~~[0m
[96msrc/modules/cash-drawer/cash-drawer.dto.ts[0m:[93m68[0m:[93m4[0m - [91merror[0m[90m TS1240: [0mUnable to 
resolve signature of property decorator when called as an expression.
  This expression is not callable.
    Type '{ message: string; }' has no call signatures.

[7m68[0m   @({ message: 'Final balance must be a positive number or zero' })
[7m  [0m [91m   ~~~~~~~~~~~~~~~~~~~~~~~~~~~~~~~~~~~~~~~~~~~~~~~~~~~~~~~~~~~~~~~~[0m
[96msrc/modules/cash-drawer/cash-drawer.service.ts[0m:[93m18[0m:[93m10[0m - [91merror[0m[90m TS2305: 
[0mModule '"@paysurity/database"' has no exported member 'cashDrawers'.

[7m18[0m import { cashDrawers, cashDrawerTransactions, CashDrawer } from '@paysurity/database' // fixed;
[7m  [0m [91m         ~~~~~~~~~~~[0m
[96msrc/modules/cash-drawer/cash-drawer.service.ts[0m:[93m18[0m:[93m23[0m - [91merror[0m[90m TS2305: 
[0mModule '"@paysurity/database"' has no exported member 'cashDrawerTransactions'.

[7m18[0m import { cashDrawers, cashDrawerTransactions, CashDrawer } from '@paysurity/database' // fixed;
[7m  [0m [91m                      ~~~~~~~~~~~~~~~~~~~~~~[0m
[96msrc/modules/cash-drawer/cash-drawer.service.ts[0m:[93m18[0m:[93m47[0m - [91merror[0m[90m TS2305: 
[0mModule '"@paysurity/database"' has no exported member 'CashDrawer'.

[7m18[0m import { cashDrawers, cashDrawerTransactions, CashDrawer } from '@paysurity/database' // fixed;
[7m  [0m [91m                                              ~~~~~~~~~~[0m
[96msrc/modules/cash-drawer/cash-drawer.service.ts[0m:[93m33[0m:[93m13[0m - [91merror[0m[90m TS2339: 
[0mProperty 'locationId' does not exist on type 'CreateCashDrawerDto'.

[7m33[0m     const { locationId, name, initialBalance, currency } = createCashDrawerDto;
[7m  [0m [91m            ~~~~~~~~~~[0m
[96msrc/modules/cash-drawer/cash-drawer.service.ts[0m:[93m33[0m:[93m25[0m - [91merror[0m[90m TS2339: 
[0mProperty 'name' does not exist on type 'CreateCashDrawerDto'.

[7m33[0m     const { locationId, name, initialBalance, currency } = createCashDrawerDto;
[7m  [0m [91m                        ~~~~[0m
[96msrc/modules/cash-drawer/cash-drawer.service.ts[0m:[93m33[0m:[93m31[0m - [91merror[0m[90m TS2339: 
[0mProperty 'initialBalance' does not exist on type 'CreateCashDrawerDto'.

[7m33[0m     const { locationId, name, initialBalance, currency } = createCashDrawerDto;
[7m  [0m [91m                              ~~~~~~~~~~~~~~[0m
[96msrc/modules/cash-drawer/cash-drawer.service.ts[0m:[93m41[0m:[93m32[0m - [91merror[0m[90m TS2339: 
[0mProperty 'OPEN' does not exist on type 'typeof CashDrawerStatus'.

[7m41[0m       status: CashDrawerStatus.OPEN,
[7m  [0m [91m                               ~~~~[0m
[96msrc/modules/cash-drawer/cash-drawer.service.ts[0m:[93m60[0m:[93m32[0m - [91merror[0m[90m TS2339: 
[0mProperty 'log' does not exist on type 'AuditLogService'.

[7m60[0m     await this.auditLogService.log(
[7m  [0m [91m                               ~~~[0m
[96msrc/modules/cash-drawer/cash-drawer.service.ts[0m:[93m120[0m:[93m32[0m - [91merror[0m[90m TS2339: 
[0mProperty 'log' does not exist on type 'AuditLogService'.

[7m120[0m     await this.auditLogService.log(
[7m   [0m [91m                               ~~~[0m
[96msrc/modules/cash-drawer/cash-drawer.service.ts[0m:[93m145[0m:[93m44[0m - [91merror[0m[90m TS2339: 
[0mProperty 'CLOSED' does not exist on type 'typeof CashDrawerStatus'.

[7m145[0m     if (drawer.status === CashDrawerStatus.CLOSED) {
[7m   [0m [91m                                           ~~~~~~[0m
[96msrc/modules/cash-drawer/cash-drawer.service.ts[0m:[93m176[0m:[93m34[0m - [91merror[0m[90m TS2339: 
[0mProperty 'log' does not exist on type 'AuditLogService'.

[7m176[0m       await this.auditLogService.log(
[7m   [0m [91m                                 ~~~[0m
[96msrc/modules/cash-drawer/cash-drawer.service.ts[0m:[93m202[0m:[93m44[0m - [91merror[0m[90m TS2339: 
[0mProperty 'CLOSED' does not exist on type 'typeof CashDrawerStatus'.

[7m202[0m     if (drawer.status === CashDrawerStatus.CLOSED) {
[7m   [0m [91m                                           ~~~~~~[0m
[96msrc/modules/cash-drawer/cash-drawer.service.ts[0m:[93m237[0m:[93m34[0m - [91merror[0m[90m TS2339: 
[0mProperty 'log' does not exist on type 'AuditLogService'.

[7m237[0m       await this.auditLogService.log(
[7m   [0m [91m                                 ~~~[0m
[96msrc/modules/cash-drawer/cash-drawer.service.ts[0m:[93m260[0m:[93m13[0m - [91merror[0m[90m TS2339: 
[0mProperty 'finalBalance' does not exist on type 'CloseCashDrawerDto'.

[7m260[0m     const { finalBalance } = closeCashDrawerDto;
[7m   [0m [91m            ~~~~~~~~~~~~[0m
[96msrc/modules/cash-drawer/cash-drawer.service.ts[0m:[93m263[0m:[93m44[0m - [91merror[0m[90m TS2339: 
[0mProperty 'CLOSED' does not exist on type 'typeof CashDrawerStatus'.

[7m263[0m     if (drawer.status === CashDrawerStatus.CLOSED) {
[7m   [0m [91m                                           ~~~~~~[0m
[96msrc/modules/cash-drawer/cash-drawer.service.ts[0m:[93m274[0m:[93m34[0m - [91merror[0m[90m TS2339: 
[0mProperty 'CLOSED' does not exist on type 'typeof CashDrawerStatus'.

[7m274[0m         status: CashDrawerStatus.CLOSED,
[7m   [0m [91m                                 ~~~~~~[0m
[96msrc/modules/cash-drawer/cash-drawer.service.ts[0m:[93m285[0m:[93m32[0m - [91merror[0m[90m TS2339: 
[0mProperty 'log' does not exist on type 'AuditLogService'.

[7m285[0m     await this.auditLogService.log(
[7m   [0m [91m                               ~~~[0m
[96msrc/modules/cash-drawer/cash-drawer.service.ts[0m:[93m292[0m:[93m37[0m - [91merror[0m[90m TS2339: 
[0mProperty 'OPEN' does not exist on type 'typeof CashDrawerStatus'.

[7m292[0m         oldStatus: CashDrawerStatus.OPEN,
[7m   [0m [91m                                    ~~~~[0m
[96msrc/modules/cash-drawer/cash-drawer.service.ts[0m:[93m293[0m:[93m37[0m - [91merror[0m[90m TS2339: 
[0mProperty 'CLOSED' does not exist on type 'typeof CashDrawerStatus'.

[7m293[0m         newStatus: CashDrawerStatus.CLOSED,
[7m   [0m [91m                                    ~~~~~~[0m
[96msrc/modules/cash-drawer/cash-drawer.service.ts[0m:[93m310[0m:[93m44[0m - [91merror[0m[90m TS2339: 
[0mProperty 'OPEN' does not exist on type 'typeof CashDrawerStatus'.

[7m310[0m     if (drawer.status === CashDrawerStatus.OPEN) {
[7m   [0m [91m                                           ~~~~[0m
[96msrc/modules/cash-drawer/cash-drawer.service.ts[0m:[93m317[0m:[93m34[0m - [91merror[0m[90m TS2339: 
[0mProperty 'OPEN' does not exist on type 'typeof CashDrawerStatus'.

[7m317[0m         status: CashDrawerStatus.OPEN,
[7m   [0m [91m                                 ~~~~[0m
[96msrc/modules/cash-drawer/cash-drawer.service.ts[0m:[93m327[0m:[93m32[0m - [91merror[0m[90m TS2339: 
[0mProperty 'log' does not exist on type 'AuditLogService'.

[7m327[0m     await this.auditLogService.log(
[7m   [0m [91m                               ~~~[0m
[96msrc/modules/cash-drawer/cash-drawer.service.ts[0m:[93m334[0m:[93m37[0m - [91merror[0m[90m TS2339: 
[0mProperty 'CLOSED' does not exist on type 'typeof CashDrawerStatus'.

[7m334[0m         oldStatus: CashDrawerStatus.CLOSED,
[7m   [0m [91m                                    ~~~~~~[0m
[96msrc/modules/cash-drawer/cash-drawer.service.ts[0m:[93m335[0m:[93m37[0m - [91merror[0m[90m TS2339: 
[0mProperty 'OPEN' does not exist on type 'typeof CashDrawerStatus'.

[7m335[0m         newStatus: CashDrawerStatus.OPEN,
[7m   [0m [91m                                    ~~~~[0m
[96msrc/modules/cash-drawer/cash-drawer.spec.ts[0m:[93m207[0m:[93m28[0m - [91merror[0m[90m TS2349: [0mThis 
expression is not callable.
  Type '{ default: SuperTestStatic; Test: typeof Test; agent: typeof TestAgent & ((app?: App, options?: AgentOptions) 
=> TestAgent<Test>); }' has no call signatures.

[7m207[0m     const response = await request(app.getHttpServer())
[7m   [0m [91m                           ~~~~~~~[0m

  [96msrc/modules/cash-drawer/cash-drawer.spec.ts[0m:[93m16[0m:[93m1[0m
    [7m16[0m import * as request from 'supertest';
    [7m  [0m [96m~~~~~~~~~~~~~~~~~~~~~~~~~~~~~~~~~~~~~[0m
    Type originates at this import. A namespace-style import cannot be called or constructed, and will cause a failure 
at runtime. Consider using a default import or import require here instead.
[96msrc/modules/cash-drawer/cash-drawer.spec.ts[0m:[93m243[0m:[93m28[0m - [91merror[0m[90m TS2349: [0mThis 
expression is not callable.
  Type '{ default: SuperTestStatic; Test: typeof Test; agent: typeof TestAgent & ((app?: App, options?: AgentOptions) 
=> TestAgent<Test>); }' has no call signatures.

[7m243[0m     const response = await request(app.getHttpServer())
[7m   [0m [91m                           ~~~~~~~[0m

  [96msrc/modules/cash-drawer/cash-drawer.spec.ts[0m:[93m16[0m:[93m1[0m
    [7m16[0m import * as request from 'supertest';
    [7m  [0m [96m~~~~~~~~~~~~~~~~~~~~~~~~~~~~~~~~~~~~~[0m
    Type originates at this import. A namespace-style import cannot be called or constructed, and will cause a failure 
at runtime. Consider using a default import or import require here instead.
[96msrc/modules/cash-drawer/cash-drawer.spec.ts[0m:[93m271[0m:[93m28[0m - [91merror[0m[90m TS2349: [0mThis 
expression is not callable.
  Type '{ default: SuperTestStatic; Test: typeof Test; agent: typeof TestAgent & ((app?: App, options?: AgentOptions) 
=> TestAgent<Test>); }' has no call signatures.

[7m271[0m     const response = await request(app.getHttpServer())
[7m   [0m [91m                           ~~~~~~~[0m

  [96msrc/modules/cash-drawer/cash-drawer.spec.ts[0m:[93m16[0m:[93m1[0m
    [7m16[0m import * as request from 'supertest';
    [7m  [0m [96m~~~~~~~~~~~~~~~~~~~~~~~~~~~~~~~~~~~~~[0m
    Type originates at this import. A namespace-style import cannot be called or constructed, and will cause a failure 
at runtime. Consider using a default import or import require here instead.
[96msrc/modules/cash-drawer/cash-drawer.spec.ts[0m:[93m283[0m:[93m11[0m - [91merror[0m[90m TS2349: [0mThis 
expression is not callable.
  Type '{ default: SuperTestStatic; Test: typeof Test; agent: typeof TestAgent & ((app?: App, options?: AgentOptions) 
=> TestAgent<Test>); }' has no call signatures.

[7m283[0m     await request(app.getHttpServer())
[7m   [0m [91m          ~~~~~~~[0m

  [96msrc/modules/cash-drawer/cash-drawer.spec.ts[0m:[93m16[0m:[93m1[0m
    [7m16[0m import * as request from 'supertest';
    [7m  [0m [96m~~~~~~~~~~~~~~~~~~~~~~~~~~~~~~~~~~~~~[0m
    Type originates at this import. A namespace-style import cannot be called or constructed, and will cause a failure 
at runtime. Consider using a default import or import require here instead.
[96msrc/modules/cash-drawer/cash-drawer.spec.ts[0m:[93m310[0m:[93m28[0m - [91merror[0m[90m TS2349: [0mThis 
expression is not callable.
  Type '{ default: SuperTestStatic; Test: typeof Test; agent: typeof TestAgent & ((app?: App, options?: AgentOptions) 
=> TestAgent<Test>); }' has no call signatures.

[7m310[0m     const response = await request(app.getHttpServer())
[7m   [0m [91m                           ~~~~~~~[0m

  [96msrc/modules/cash-drawer/cash-drawer.spec.ts[0m:[93m16[0m:[93m1[0m
    [7m16[0m import * as request from 'supertest';
    [7m  [0m [96m~~~~~~~~~~~~~~~~~~~~~~~~~~~~~~~~~~~~~[0m
    Type originates at this import. A namespace-style import cannot be called or constructed, and will cause a failure 
at runtime. Consider using a default import or import require here instead.
[96msrc/modules/cash-drawer/cash-drawer.spec.ts[0m:[93m349[0m:[93m28[0m - [91merror[0m[90m TS2349: [0mThis 
expression is not callable.
  Type '{ default: SuperTestStatic; Test: typeof Test; agent: typeof TestAgent & ((app?: App, options?: AgentOptions) 
=> TestAgent<Test>); }' has no call signatures.

[7m349[0m     const response = await request(app.getHttpServer())
[7m   [0m [91m                           ~~~~~~~[0m

  [96msrc/modules/cash-drawer/cash-drawer.spec.ts[0m:[93m16[0m:[93m1[0m
    [7m16[0m import * as request from 'supertest';
    [7m  [0m [96m~~~~~~~~~~~~~~~~~~~~~~~~~~~~~~~~~~~~~[0m
    Type originates at this import. A namespace-style import cannot be called or constructed, and will cause a failure 
at runtime. Consider using a default import or import require here instead.
[96msrc/modules/cash-drawer/cash-drawer.spec.ts[0m:[93m387[0m:[93m28[0m - [91merror[0m[90m TS2349: [0mThis 
expression is not callable.
  Type '{ default: SuperTestStatic; Test: typeof Test; agent: typeof TestAgent & ((app?: App, options?: AgentOptions) 
=> TestAgent<Test>); }' has no call signatures.

[7m387[0m     const response = await request(app.getHttpServer())
[7m   [0m [91m                           ~~~~~~~[0m

  [96msrc/modules/cash-drawer/cash-drawer.spec.ts[0m:[93m16[0m:[93m1[0m
    [7m16[0m import * as request from 'supertest';
    [7m  [0m [96m~~~~~~~~~~~~~~~~~~~~~~~~~~~~~~~~~~~~~[0m
    Type originates at this import. A namespace-style import cannot be called or constructed, and will cause a failure 
at runtime. Consider using a default import or import require here instead.
[96msrc/modules/cash-drawer/cash-drawer.spec.ts[0m:[93m425[0m:[93m11[0m - [91merror[0m[90m TS2349: [0mThis 
expression is not callable.
  Type '{ default: SuperTestStatic; Test: typeof Test; agent: typeof TestAgent & ((app?: App, options?: AgentOptions) 
=> TestAgent<Test>); }' has no call signatures.

[7m425[0m     await request(app.getHttpServer())
[7m   [0m [91m          ~~~~~~~[0m

  [96msrc/modules/cash-drawer/cash-drawer.spec.ts[0m:[93m16[0m:[93m1[0m
    [7m16[0m import * as request from 'supertest';
    [7m  [0m [96m~~~~~~~~~~~~~~~~~~~~~~~~~~~~~~~~~~~~~[0m
    Type originates at this import. A namespace-style import cannot be called or constructed, and will cause a failure 
at runtime. Consider using a default import or import require here instead.
[96msrc/modules/cash-drawer/cash-drawer.spec.ts[0m:[93m467[0m:[93m28[0m - [91merror[0m[90m TS2349: [0mThis 
expression is not callable.
  Type '{ default: SuperTestStatic; Test: typeof Test; agent: typeof TestAgent & ((app?: App, options?: AgentOptions) 
=> TestAgent<Test>); }' has no call signatures.

[7m467[0m     const response = await request(app.getHttpServer())
[7m   [0m [91m                           ~~~~~~~[0m

  [96msrc/modules/cash-drawer/cash-drawer.spec.ts[0m:[93m16[0m:[93m1[0m
    [7m16[0m import * as request from 'supertest';
    [7m  [0m [96m~~~~~~~~~~~~~~~~~~~~~~~~~~~~~~~~~~~~~[0m
    Type originates at this import. A namespace-style import cannot be called or constructed, and will cause a failure 
at runtime. Consider using a default import or import require here instead.
[96msrc/modules/cash-drawer/cash-drawer.spec.ts[0m:[93m508[0m:[93m28[0m - [91merror[0m[90m TS2349: [0mThis 
expression is not callable.
  Type '{ default: SuperTestStatic; Test: typeof Test; agent: typeof TestAgent & ((app?: App, options?: AgentOptions) 
=> TestAgent<Test>); }' has no call signatures.

[7m508[0m     const response = await request(app.getHttpServer())
[7m   [0m [91m                           ~~~~~~~[0m

  [96msrc/modules/cash-drawer/cash-drawer.spec.ts[0m:[93m16[0m:[93m1[0m
    [7m16[0m import * as request from 'supertest';
    [7m  [0m [96m~~~~~~~~~~~~~~~~~~~~~~~~~~~~~~~~~~~~~[0m
    Type originates at this import. A namespace-style import cannot be called or constructed, and will cause a failure 
at runtime. Consider using a default import or import require here instead.
[96msrc/modules/catering/catering.module.ts[0m:[93m210[0m:[93m11[0m - [91merror[0m[90m TS2430: [0mInterface 
'AuthenticatedRequest' incorrectly extends interface 'Request<ParamsDictionary, any, any, ParsedQs, Record<string, 
any>>'.
  Types of property 'user' are incompatible.
    Type '{ tenantId: string; }' is missing the following properties from type '{ [key: string]: unknown; userId: 
string; email: string; tenantId: string; roles: string[]; }': userId, email, roles

[7m210[0m interface AuthenticatedRequest extends Request {
[7m   [0m [91m          ~~~~~~~~~~~~~~~~~~~~[0m
[96msrc/modules/checkout/checkout.controller.ts[0m:[93m20[0m:[93m33[0m - [91merror[0m[90m TS2306: [0mFile 'D:
/xampp/htdocs/websites/PaySurity-Monorepo-master/PaySurity-Monorepo-main/apps/api/src/modules/checkout/checkout.service
.ts' is not a module.

[7m20[0m import { CheckoutService } from './checkout.service';
[7m  [0m [91m                                ~~~~~~~~~~~~~~~~~~~~[0m
[96msrc/modules/checkout/checkout.controller.ts[0m:[93m22[0m:[93m34[0m - [91merror[0m[90m TS2307: [0mCannot 
find module './dto/start-checkout.dto' or its corresponding type declarations.

[7m22[0m import { StartCheckoutDto } from './dto/start-checkout.dto';
[7m  [0m [91m                                 ~~~~~~~~~~~~~~~~~~~~~~~~~~[0m
[96msrc/modules/checkout/checkout.controller.ts[0m:[93m23[0m:[93m29[0m - [91merror[0m[90m TS2307: [0mCannot 
find module './dto/scan-item.dto' or its corresponding type declarations.

[7m23[0m import { ScanItemDto } from './dto/scan-item.dto';
[7m  [0m [91m                            ~~~~~~~~~~~~~~~~~~~~~[0m
[96msrc/modules/checkout/checkout.controller.ts[0m:[93m24[0m:[93m35[0m - [91merror[0m[90m TS2307: [0mCannot 
find module './dto/apply-promotion.dto' or its corresponding type declarations.

[7m24[0m import { ApplyPromotionDto } from './dto/apply-promotion.dto';
[7m  [0m [91m                                  ~~~~~~~~~~~~~~~~~~~~~~~~~~~[0m
[96msrc/modules/checkout/checkout.controller.ts[0m:[93m25[0m:[93m35[0m - [91merror[0m[90m TS2307: [0mCannot 
find module './dto/process-payment.dto' or its corresponding type declarations.

[7m25[0m import { ProcessPaymentDto } from './dto/process-payment.dto';
[7m  [0m [91m                                  ~~~~~~~~~~~~~~~~~~~~~~~~~~~[0m
[96msrc/modules/checkout/checkout.controller.ts[0m:[93m65[0m:[93m107[0m - [91merror[0m[90m TS2693: 
[0m'CheckoutSessionResponse' only refers to a type, but is being used as a value here.

[7m65[0m   @ApiResponse({ status: HttpStatus.CREATED, description: 'Checkout session started successfully.', type: 
CheckoutSessionResponse })
[7m  [0m [91m                                                                                                       
   ~~~~~~~~~~~~~~~~~~~~~~~[0m
[96msrc/modules/checkout/checkout.controller.ts[0m:[93m81[0m:[93m88[0m - [91merror[0m[90m TS2693: 
[0m'CheckoutSessionResponse' only refers to a type, but is being used as a value here.

[7m81[0m   @ApiResponse({ status: HttpStatus.OK, description: 'Item added successfully.', type: 
CheckoutSessionResponse })
[7m  [0m [91m                                                                                       
~~~~~~~~~~~~~~~~~~~~~~~[0m
[96msrc/modules/checkout/checkout.controller.ts[0m:[93m99[0m:[93m95[0m - [91merror[0m[90m TS2693: 
[0m'CheckoutSessionResponse' only refers to a type, but is being used as a value here.

[7m99[0m   @ApiResponse({ status: HttpStatus.OK, description: 'Promotion applied successfully.', type: 
CheckoutSessionResponse })
[7m  [0m [91m                                                                                              
~~~~~~~~~~~~~~~~~~~~~~~[0m
[96msrc/modules/checkout/checkout.controller.ts[0m:[93m117[0m:[93m90[0m - [91merror[0m[90m TS2693: 
[0m'CheckoutSessionResponse' only refers to a type, but is being used as a value here.

[7m117[0m   @ApiResponse({ status: HttpStatus.OK, description: 'Age verified successfully.', type: 
CheckoutSessionResponse })
[7m   [0m [91m                                                                                         
~~~~~~~~~~~~~~~~~~~~~~~[0m
[96msrc/modules/checkout/checkout.controller.ts[0m:[93m135[0m:[93m104[0m - [91merror[0m[90m TS2693: 
[0m'CheckoutSessionResponse' only refers to a type, but is being used as a value here.

[7m135[0m   @ApiResponse({ status: HttpStatus.OK, description: 'Checkout session retrieved successfully.', type: 
CheckoutSessionResponse })
[7m   [0m [91m                                                                                                      
 ~~~~~~~~~~~~~~~~~~~~~~~[0m
[96msrc/modules/checkout/checkout.controller.ts[0m:[93m151[0m:[93m95[0m - [91merror[0m[90m TS2693: 
[0m'CheckoutSessionResponse' only refers to a type, but is being used as a value here.

[7m151[0m   @ApiResponse({ status: HttpStatus.OK, description: 'Payment processed successfully.', type: 
CheckoutSessionResponse })
[7m   [0m [91m                                                                                              
~~~~~~~~~~~~~~~~~~~~~~~[0m
[96msrc/modules/checkout/checkout.controller.ts[0m:[93m169[0m:[93m110[0m - [91merror[0m[90m TS2693: 
[0m'ReceiptResponse' only refers to a type, but is being used as a value here.

[7m169[0m   @ApiResponse({ status: HttpStatus.CREATED, description: 'Checkout finalized and receipt generated.', 
type: ReceiptResponse })
[7m   [0m [91m                                                                                                      
       ~~~~~~~~~~~~~~~[0m
[96msrc/modules/checkout/orders.service.ts[0m:[93m3[0m:[93m18[0m - [91merror[0m[90m TS2305: [0mModule 
'"@paysurity/database"' has no exported member 'orderItems'.

[7m3[0m import { orders, orderItems } from '@paysurity/database'; // Assuming these are exported from the database 
package
[7m [0m [91m                 ~~~~~~~~~~[0m
[96msrc/modules/checkout/orders.service.ts[0m:[93m43[0m:[93m11[0m - [91merror[0m[90m TS2488: [0mType 'any[] 
| QueryResult<never>' must have a '[Symbol.iterator]()' method that returns an iterator.

[7m43[0m     const [newOrder] = await this.db
[7m  [0m [91m          ~~~~~~~~~~[0m
[96msrc/modules/common/audit/audit-log.service.ts[0m:[93m4[0m:[93m21[0m - [91merror[0m[90m TS2724: 
[0m'"@paysurity/database"' has no exported member named 'NewAuditLog'. Did you mean 'auditLogs'?

[7m4[0m import { auditLogs, NewAuditLog, AuditLog } from '@paysurity/database';
[7m [0m [91m                    ~~~~~~~~~~~[0m

  [96msrc/types.d.ts[0m:[93m14[0m:[93m16[0m
    [7m14[0m   export const auditLogs: any;
    [7m  [0m [96m               ~~~~~~~~~[0m
    'auditLogs' is declared here.
[96msrc/modules/common/audit/audit-log.service.ts[0m:[93m4[0m:[93m34[0m - [91merror[0m[90m TS2724: 
[0m'"@paysurity/database"' has no exported member named 'AuditLog'. Did you mean 'auditLogs'?

[7m4[0m import { auditLogs, NewAuditLog, AuditLog } from '@paysurity/database';
[7m [0m [91m                                 ~~~~~~~~[0m

  [96msrc/types.d.ts[0m:[93m14[0m:[93m16[0m
    [7m14[0m   export const auditLogs: any;
    [7m  [0m [96m               ~~~~~~~~~[0m
    'auditLogs' is declared here.
[96msrc/modules/compliance/compliance.controller.ts[0m:[93m17[0m:[93m35[0m - [91merror[0m[90m TS2339: 
[0mProperty 'getPciArchives' does not exist on type 'ComplianceService'.

[7m17[0m     return this.complianceService.getPciArchives();
[7m  [0m [91m                                  ~~~~~~~~~~~~~~[0m
[96msrc/modules/compliance/compliance.controller.ts[0m:[93m28[0m:[93m35[0m - [91merror[0m[90m TS2551: 
[0mProperty 'createPciArchive' does not exist on type 'ComplianceService'. Did you mean 'createPciAuditArchive'?

[7m28[0m     return this.complianceService.createPciArchive(archiveData);
[7m  [0m [91m                                  ~~~~~~~~~~~~~~~~[0m

  [96msrc/modules/compliance/compliance.service.ts[0m:[93m23[0m:[93m9[0m
    [7m23[0m   async createPciAuditArchive(tenantId: string, dto: CreatePciAuditArchiveDto, userId: string): 
Promise<PciAuditArchiveResponseDto> {
    [7m  [0m [96m        ~~~~~~~~~~~~~~~~~~~~~[0m
    'createPciAuditArchive' is declared here.
[96msrc/modules/compliance/compliance.controller.ts[0m:[93m39[0m:[93m35[0m - [91merror[0m[90m TS2339: 
[0mProperty 'getPciArchiveById' does not exist on type 'ComplianceService'.

[7m39[0m     return this.complianceService.getPciArchiveById(id);
[7m  [0m [91m                                  ~~~~~~~~~~~~~~~~~[0m
[96msrc/modules/compliance/compliance.controller.ts[0m:[93m50[0m:[93m35[0m - [91merror[0m[90m TS2554: 
[0mExpected 2 arguments, but got 1.

[7m50[0m     return this.complianceService.checkPayrollCompliance(runId);
[7m  [0m [91m                                  ~~~~~~~~~~~~~~~~~~~~~~[0m

  [96msrc/modules/compliance/compliance.service.ts[0m:[93m87[0m:[93m50[0m
    [7m87[0m   async checkPayrollCompliance(tenantId: string, runId: string): 
Promise<PayrollComplianceCheckResultDto> {
    [7m  [0m [96m                                                 ~~~~~~~~~~~~~[0m
    An argument for 'runId' was not provided.
[96msrc/modules/compliance/dto/pci-audit-archive.dto.ts[0m:[93m14[0m:[93m29[0m - [91merror[0m[90m TS2307: 
[0mCannot find module '@nestjs/mapped-types' or its corresponding type declarations.

[7m14[0m import { PartialType } from '@nestjs/mapped-types';
[7m  [0m [91m                            ~~~~~~~~~~~~~~~~~~~~~~[0m
[96msrc/modules/compliance/pci-audit-archive.controller.ts[0m:[93m35[0m:[93m56[0m - [91merror[0m[90m TS2559: 
[0mType 'PciAuditArchiveQueryDto' has no properties in common with type '{ limit?: number; offset?: number; sortBy?: 
string | number | symbol; sortOrder?: "asc" | "desc"; }'.

[7m35[0m       return await this.pciAuditArchiveService.findAll(queryParams);
[7m  [0m [91m                                                       ~~~~~~~~~~~[0m
[96msrc/modules/compliance/pci-audit-archive.service.ts[0m:[93m4[0m:[93m10[0m - [91merror[0m[90m TS2305: 
[0mModule '"@paysurity/database"' has no exported member 'pciAuditArchives'.

[7m4[0m import { pciAuditArchives } from '@paysurity/database';
[7m [0m [91m         ~~~~~~~~~~~~~~~~[0m
[96msrc/modules/core/security/dpop.guard.ts[0m:[93m2[0m:[93m33[0m - [91merror[0m[90m TS2307: [0mCannot find 
module './crypto.utils' or its corresponding type declarations.

[7m2[0m import { verifyDPoPProof } from './crypto.utils';
[7m [0m [91m                                ~~~~~~~~~~~~~~~~[0m
[96msrc/modules/delivery/delivery-driver-assignment.controller.ts[0m:[93m5[0m:[93m3[0m - [91merror[0m[90m 
TS2724: [0m'"./dto/delivery-driver-assignment.dto"' has no exported member named 'CreateDeliveryDriverAssignmentDto'. 
Did you mean 'DeliveryDriverAssignmentDto'?

[7m5[0m   CreateDeliveryDriverAssignmentDto,
[7m [0m [91m  ~~~~~~~~~~~~~~~~~~~~~~~~~~~~~~~~~[0m

  [96msrc/modules/delivery/dto/delivery-driver-assignment.dto.ts[0m:[93m4[0m:[93m14[0m
    [7m4[0m export class DeliveryDriverAssignmentDto {
    [7m [0m [96m             ~~~~~~~~~~~~~~~~~~~~~~~~~~~[0m
    'DeliveryDriverAssignmentDto' is declared here.
[96msrc/modules/delivery/delivery-driver-assignment.controller.ts[0m:[93m6[0m:[93m3[0m - [91merror[0m[90m 
TS2724: [0m'"./dto/delivery-driver-assignment.dto"' has no exported member named 'UpdateDeliveryDriverAssignmentDto'. 
Did you mean 'DeliveryDriverAssignmentDto'?

[7m6[0m   UpdateDeliveryDriverAssignmentDto,
[7m [0m [91m  ~~~~~~~~~~~~~~~~~~~~~~~~~~~~~~~~~[0m

  [96msrc/modules/delivery/dto/delivery-driver-assignment.dto.ts[0m:[93m4[0m:[93m14[0m
    [7m4[0m export class DeliveryDriverAssignmentDto {
    [7m [0m [96m             ~~~~~~~~~~~~~~~~~~~~~~~~~~~[0m
    'DeliveryDriverAssignmentDto' is declared here.
[96msrc/modules/delivery/delivery-driver-assignment.controller.ts[0m:[93m7[0m:[93m3[0m - [91merror[0m[90m 
TS2724: [0m'"./dto/delivery-driver-assignment.dto"' has no exported member named 
'DeliveryDriverAssignmentIdParamDto'. Did you mean 'DeliveryDriverAssignmentDto'?

[7m7[0m   DeliveryDriverAssignmentIdParamDto,
[7m [0m [91m  ~~~~~~~~~~~~~~~~~~~~~~~~~~~~~~~~~~[0m

  [96msrc/modules/delivery/dto/delivery-driver-assignment.dto.ts[0m:[93m4[0m:[93m14[0m
    [7m4[0m export class DeliveryDriverAssignmentDto {
    [7m [0m [96m             ~~~~~~~~~~~~~~~~~~~~~~~~~~~[0m
    'DeliveryDriverAssignmentDto' is declared here.
[96msrc/modules/delivery/delivery-driver-assignment.controller.ts[0m:[93m8[0m:[93m3[0m - [91merror[0m[90m 
TS2305: [0mModule '"./dto/delivery-driver-assignment.dto"' has no exported member 'DriverIdParamDto'.

[7m8[0m   DriverIdParamDto,
[7m [0m [91m  ~~~~~~~~~~~~~~~~[0m
[96msrc/modules/delivery/delivery-driver-assignment.controller.ts[0m:[93m9[0m:[93m3[0m - [91merror[0m[90m 
TS2305: [0mModule '"./dto/delivery-driver-assignment.dto"' has no exported member 'DeliveryIdParamDto'.

[7m9[0m   DeliveryIdParamDto
[7m [0m [91m  ~~~~~~~~~~~~~~~~~~[0m
[96msrc/modules/delivery/delivery-driver-assignment.controller.ts[0m:[93m19[0m:[93m49[0m - [91merror[0m[90m 
TS2339: [0mProperty 'create' does not exist on type 'DeliveryDriverAssignmentService'.

[7m19[0m     return this.deliveryDriverAssignmentService.create(createDeliveryDriverAssignmentDto);
[7m  [0m [91m                                                ~~~~~~[0m
[96msrc/modules/delivery/delivery-driver-assignment.controller.ts[0m:[93m24[0m:[93m49[0m - [91merror[0m[90m 
TS2339: [0mProperty 'findAll' does not exist on type 'DeliveryDriverAssignmentService'.

[7m24[0m     return this.deliveryDriverAssignmentService.findAll();
[7m  [0m [91m                                                ~~~~~~~[0m
[96msrc/modules/delivery/delivery-driver-assignment.controller.ts[0m:[93m29[0m:[93m49[0m - [91merror[0m[90m 
TS2339: [0mProperty 'findByDriverId' does not exist on type 'DeliveryDriverAssignmentService'.

[7m29[0m     return this.deliveryDriverAssignmentService.findByDriverId(driverId);
[7m  [0m [91m                                                ~~~~~~~~~~~~~~[0m
[96msrc/modules/delivery/delivery-driver-assignment.controller.ts[0m:[93m34[0m:[93m49[0m - [91merror[0m[90m 
TS2339: [0mProperty 'findByDeliveryId' does not exist on type 'DeliveryDriverAssignmentService'.

[7m34[0m     return this.deliveryDriverAssignmentService.findByDeliveryId(deliveryId);
[7m  [0m [91m                                                ~~~~~~~~~~~~~~~~[0m
[96msrc/modules/delivery/delivery-driver-assignment.controller.ts[0m:[93m39[0m:[93m49[0m - [91merror[0m[90m 
TS2339: [0mProperty 'findOne' does not exist on type 'DeliveryDriverAssignmentService'.

[7m39[0m     return this.deliveryDriverAssignmentService.findOne(id);
[7m  [0m [91m                                                ~~~~~~~[0m
[96msrc/modules/delivery/delivery-driver-assignment.controller.ts[0m:[93m47[0m:[93m49[0m - [91merror[0m[90m 
TS2339: [0mProperty 'update' does not exist on type 'DeliveryDriverAssignmentService'.

[7m47[0m     return this.deliveryDriverAssignmentService.update(id, updateDeliveryDriverAssignmentDto);
[7m  [0m [91m                                                ~~~~~~[0m
[96msrc/modules/delivery/delivery-driver-assignment.controller.ts[0m:[93m53[0m:[93m49[0m - [91merror[0m[90m 
TS2339: [0mProperty 'remove' does not exist on type 'DeliveryDriverAssignmentService'.

[7m53[0m     return this.deliveryDriverAssignmentService.remove(id);
[7m  [0m [91m                                                ~~~~~~[0m
[96msrc/modules/delivery/delivery-driver-assignment.service.ts[0m:[93m4[0m:[93m18[0m - [91merror[0m[90m 
TS2305: [0mModule '"@paysurity/database"' has no exported member 'deliveryDrivers'.

[7m4[0m import { orders, deliveryDrivers } from '@paysurity/database';
[7m [0m [91m                 ~~~~~~~~~~~~~~~[0m
[96msrc/modules/delivery/delivery.controller.ts[0m:[93m52[0m:[93m23[0m - [91merror[0m[90m TS2339: 
[0mProperty 'tenantId' does not exist on type 'AssignDeliveryDriverDto'.

[7m52[0m     const { driverId, tenantId, userId, status } = assignDeliveryDriverDto;
[7m  [0m [91m                      ~~~~~~~~[0m
[96msrc/modules/delivery/delivery.controller.ts[0m:[93m52[0m:[93m33[0m - [91merror[0m[90m TS2339: 
[0mProperty 'userId' does not exist on type 'AssignDeliveryDriverDto'.

[7m52[0m     const { driverId, tenantId, userId, status } = assignDeliveryDriverDto;
[7m  [0m [91m                                ~~~~~~[0m
[96msrc/modules/delivery/delivery.controller.ts[0m:[93m52[0m:[93m41[0m - [91merror[0m[90m TS2339: 
[0mProperty 'status' does not exist on type 'AssignDeliveryDriverDto'.

[7m52[0m     const { driverId, tenantId, userId, status } = assignDeliveryDriverDto;
[7m  [0m [91m                                        ~~~~~~[0m
[96msrc/modules/delivery/delivery.controller.ts[0m:[93m54[0m:[93m49[0m - [91merror[0m[90m TS2339: 
[0mProperty 'assignDeliveryDriver' does not exist on type 'DeliveryDriverAssignmentService'.

[7m54[0m     return this.deliveryDriverAssignmentService.assignDeliveryDriver(
[7m  [0m [91m                                                ~~~~~~~~~~~~~~~~~~~~[0m
[96msrc/modules/delivery/delivery.service.ts[0m:[93m18[0m:[93m6[0m - [91merror[0m[90m TS2300: [0mDuplicate 
identifier 'NodePgDatabase'.

[7m18[0m type NodePgDatabase<TSchema extends Record<string, unknown>> = {
[7m  [0m [91m     ~~~~~~~~~~~~~~[0m

  [96msrc/modules/api-keys/apikeys.controller.ts[0m:[93m7[0m:[93m6[0m
    [7m7[0m type NodePgDatabase<T> = any;
    [7m [0m [96m     ~~~~~~~~~~~~~~[0m
    'NodePgDatabase' was also declared here.
[96msrc/modules/disputes/disputes.service.ts[0m:[93m28[0m:[93m43[0m - [91merror[0m[90m TS2339: [0mProperty 
'disputes' does not exist on type 'typeof import("@paysurity/database")'.

[7m28[0m   private readonly disputesTable = schema.disputes;
[7m  [0m [91m                                          ~~~~~~~~[0m
[96msrc/modules/disputes/disputes.service.ts[0m:[93m40[0m:[93m21[0m - [91merror[0m[90m TS2694: [0mNamespace 
'"@paysurity/database"' has no exported member 'Dispute'.

[7m40[0m   ): Promise<schema.Dispute> {
[7m  [0m [91m                    ~~~~~~~[0m
[96msrc/modules/disputes/disputes.service.ts[0m:[93m56[0m:[93m32[0m - [91merror[0m[90m TS2339: [0mProperty 
'log' does not exist on type 'AuditLogService'.

[7m56[0m     await this.auditLogService.log(
[7m  [0m [91m                               ~~~[0m
[96msrc/modules/disputes/disputes.service.ts[0m:[93m76[0m:[93m21[0m - [91merror[0m[90m TS2694: [0mNamespace 
'"@paysurity/database"' has no exported member 'Dispute'.

[7m76[0m   ): Promise<schema.Dispute> {
[7m  [0m [91m                    ~~~~~~~[0m
[96msrc/modules/disputes/disputes.service.ts[0m:[93m97[0m:[93m21[0m - [91merror[0m[90m TS2694: [0mNamespace 
'"@paysurity/database"' has no exported member 'Dispute'.

[7m97[0m   ): Promise<schema.Dispute[]> {
[7m  [0m [91m                    ~~~~~~~[0m
[96msrc/modules/disputes/disputes.service.ts[0m:[93m98[0m:[93m36[0m - [91merror[0m[90m TS2339: [0mProperty 
'amountMin' does not exist on type 'DisputeQueryDto'.

[7m98[0m     const { status, transactionId, amountMin, amountMax, startDate, endDate, limit = 10, offset = 0, sortBy 
= 'createdAt', sortOrder = 'desc' } = queryDto;
[7m  [0m [91m                                   ~~~~~~~~~[0m
[96msrc/modules/disputes/disputes.service.ts[0m:[93m98[0m:[93m47[0m - [91merror[0m[90m TS2339: [0mProperty 
'amountMax' does not exist on type 'DisputeQueryDto'.

[7m98[0m     const { status, transactionId, amountMin, amountMax, startDate, endDate, limit = 10, offset = 0, sortBy 
= 'createdAt', sortOrder = 'desc' } = queryDto;
[7m  [0m [91m                                              ~~~~~~~~~[0m
[96msrc/modules/disputes/disputes.service.ts[0m:[93m98[0m:[93m102[0m - [91merror[0m[90m TS2339: [0mProperty 
'sortBy' does not exist on type 'DisputeQueryDto'.

[7m98[0m     const { status, transactionId, amountMin, amountMax, startDate, endDate, limit = 10, offset = 0, sortBy 
= 'createdAt', sortOrder = 'desc' } = queryDto;
[7m  [0m [91m                                                                                                     
~~~~~~[0m
[96msrc/modules/disputes/disputes.service.ts[0m:[93m98[0m:[93m124[0m - [91merror[0m[90m TS2339: [0mProperty 
'sortOrder' does not exist on type 'DisputeQueryDto'.

[7m98[0m     const { status, transactionId, amountMin, amountMax, startDate, endDate, limit = 10, offset = 0, sortBy 
= 'createdAt', sortOrder = 'desc' } = queryDto;
[7m  [0m [91m                                                                                                       
                    ~~~~~~~~~[0m
[96msrc/modules/disputes/disputes.service.ts[0m:[93m147[0m:[93m21[0m - [91merror[0m[90m TS2694: [0mNamespace 
'"@paysurity/database"' has no exported member 'Dispute'.

[7m147[0m   ): Promise<schema.Dispute> {
[7m   [0m [91m                    ~~~~~~~[0m
[96msrc/modules/disputes/disputes.service.ts[0m:[93m160[0m:[93m32[0m - [91merror[0m[90m TS2339: [0mProperty 
'log' does not exist on type 'AuditLogService'.

[7m160[0m     await this.auditLogService.log(
[7m   [0m [91m                               ~~~[0m
[96msrc/modules/disputes/disputes.service.ts[0m:[93m182[0m:[93m21[0m - [91merror[0m[90m TS2694: [0mNamespace 
'"@paysurity/database"' has no exported member 'Dispute'.

[7m182[0m   ): Promise<schema.Dispute> {
[7m   [0m [91m                    ~~~~~~~[0m
[96msrc/modules/disputes/disputes.service.ts[0m:[93m199[0m:[93m32[0m - [91merror[0m[90m TS2339: [0mProperty 
'log' does not exist on type 'AuditLogService'.

[7m199[0m     await this.auditLogService.log(
[7m   [0m [91m                               ~~~[0m
[96msrc/modules/disputes/disputes.service.ts[0m:[93m227[0m:[93m32[0m - [91merror[0m[90m TS2339: [0mProperty 
'log' does not exist on type 'AuditLogService'.

[7m227[0m     await this.auditLogService.log(
[7m   [0m [91m                               ~~~[0m
[96msrc/modules/ecom/cart.service.ts[0m:[93m7[0m:[93m15[0m - [91merror[0m[90m TS2451: [0mCannot redeclare 
block-scoped variable 'sql'.

[7m7[0m declare const sql: any;
[7m [0m [91m              ~~~[0m

  [96msrc/modules/ecom/checkout.service.ts[0m:[93m6[0m:[93m15[0m
    [7m6[0m declare const sql: any;
    [7m [0m [96m              ~~~[0m
    'sql' was also declared here.
[96msrc/modules/ecom/cart.service.ts[0m:[93m88[0m:[93m7[0m - [91merror[0m[90m TS2300: [0mDuplicate 
identifier 'TaxService'.

[7m88[0m class TaxService {
[7m  [0m [91m      ~~~~~~~~~~[0m

  [96msrc/modules/tax/tax.edge-cases.spec.ts[0m:[93m79[0m:[93m7[0m
    [7m79[0m class TaxService {
    [7m  [0m [96m      ~~~~~~~~~~[0m
    'TaxService' was also declared here.
[96msrc/modules/ecom/checkout.controller.ts[0m:[93m75[0m:[93m14[0m - [91merror[0m[90m TS2339: [0mProperty 
'length' does not exist on type 'QueryResult<Record<string, unknown>>'.

[7m75[0m     if (cart.length === 0) {
[7m  [0m [91m             ~~~~~~[0m
[96msrc/modules/ecom/checkout.controller.ts[0m:[93m119[0m:[93m31[0m - [91merror[0m[90m TS2339: [0mProperty 
'length' does not exist on type 'QueryResult<Record<string, unknown>>'.

[7m119[0m     if (!cartData || cartData.length === 0 || !cartData[0].cart_id) {
[7m   [0m [91m                              ~~~~~~[0m
[96msrc/modules/ecom/checkout.controller.ts[0m:[93m135[0m:[93m8[0m - [91merror[0m[90m TS2339: [0mProperty 
'filter' does not exist on type 'QueryResult<Record<string, unknown>>'.

[7m135[0m       .filter(row => row.item_id !== null) // Filter out rows where cart exists but has no items
[7m   [0m [91m       ~~~~~~[0m
[96msrc/modules/ecom/checkout.controller.ts[0m:[93m191[0m:[93m29[0m - [91merror[0m[90m TS2339: [0mProperty 
'length' does not exist on type 'QueryResult<Record<string, unknown>>'.

[7m191[0m     if (!product || product.length === 0) {
[7m   [0m [91m                            ~~~~~~[0m
[96msrc/modules/ecom/checkout.controller.ts[0m:[93m206[0m:[93m46[0m - [91merror[0m[90m TS2339: [0mProperty 
'length' does not exist on type 'QueryResult<Record<string, unknown>>'.

[7m206[0m     if (existingCartItem && existingCartItem.length > 0) {
[7m   [0m [91m                                             ~~~~~~[0m
[96msrc/modules/ecom/checkout.controller.ts[0m:[93m266[0m:[93m22[0m - [91merror[0m[90m TS2339: [0mProperty 
'length' does not exist on type 'QueryResult<Record<string, unknown>>'.

[7m266[0m     if (cartIdResult.length === 0) {
[7m   [0m [91m                     ~~~~~~[0m
[96msrc/modules/ecom/checkout.controller.ts[0m:[93m278[0m:[93m29[0m - [91merror[0m[90m TS2339: [0mProperty 
'length' does not exist on type 'QueryResult<Record<string, unknown>>'.

[7m278[0m     if (!product || product.length === 0) {
[7m   [0m [91m                            ~~~~~~[0m
[96msrc/modules/ecom/checkout.controller.ts[0m:[93m327[0m:[93m22[0m - [91merror[0m[90m TS2339: [0mProperty 
'length' does not exist on type 'QueryResult<Record<string, unknown>>'.

[7m327[0m     if (cartIdResult.length === 0) {
[7m   [0m [91m                     ~~~~~~[0m
[96msrc/modules/ecom/checkout.controller.ts[0m:[93m374[0m:[93m18[0m - [91merror[0m[90m TS2339: [0mProperty 
'length' does not exist on type 'QueryResult<Record<string, unknown>>'.

[7m374[0m     if (cartData.length === 0 || cartData[0].subtotal === null) {
[7m   [0m [91m                 ~~~~~~[0m
[96msrc/modules/ecom/checkout.controller.ts[0m:[93m387[0m:[93m25[0m - [91merror[0m[90m TS2339: [0mProperty 
'length' does not exist on type 'QueryResult<Record<string, unknown>>'.

[7m387[0m     if (!promo || promo.length === 0) {
[7m   [0m [91m                        ~~~~~~[0m
[96msrc/modules/ecom/checkout.controller.ts[0m:[93m473[0m:[93m27[0m - [91merror[0m[90m TS2339: [0mProperty 
'length' does not exist on type 'QueryResult<Record<string, unknown>>'.

[7m473[0m       if (cartItemsResult.length === 0) {
[7m   [0m [91m                          ~~~~~~[0m
[96msrc/modules/ecom/checkout.controller.ts[0m:[93m482[0m:[93m26[0m - [91merror[0m[90m TS2488: [0mType 
'QueryResult<Record<string, unknown>>' must have a '[Symbol.iterator]()' method that returns an iterator.

[7m482[0m       for (const item of cartItemsResult) {
[7m   [0m [91m                         ~~~~~~~~~~~~~~~[0m
[96msrc/modules/ecom/checkout.controller.ts[0m:[93m494[0m:[93m36[0m - [91merror[0m[90m TS2339: [0mProperty 
'reduce' does not exist on type 'QueryResult<Record<string, unknown>>'.

[7m494[0m       const config = configResults.reduce((acc, row) => {
[7m   [0m [91m                                   ~~~~~~[0m
[96msrc/modules/ecom/checkout.controller.ts[0m:[93m525[0m:[93m36[0m - [91merror[0m[90m TS2304: [0mCannot 
find name 'gen_random_uuid'.

[7m525[0m       const transactionId = `txn_${gen_random_uuid()}`; // Simulate a payment gateway transaction ID
[7m   [0m [91m                                   ~~~~~~~~~~~~~~~[0m
[96msrc/modules/ecom/checkout.controller.ts[0m:[93m539[0m:[93m26[0m - [91merror[0m[90m TS2488: [0mType 
'QueryResult<Record<string, unknown>>' must have a '[Symbol.iterator]()' method that returns an iterator.

[7m539[0m       for (const item of cartItemsResult) {
[7m   [0m [91m                         ~~~~~~~~~~~~~~~[0m
[96msrc/modules/ecom/checkout.controller.ts[0m:[93m579[0m:[93m26[0m - [91merror[0m[90m TS2488: [0mType 
'QueryResult<Record<string, unknown>>' must have a '[Symbol.iterator]()' method that returns an iterator.

[7m579[0m       for (const item of cartItemsResult) {
[7m   [0m [91m                         ~~~~~~~~~~~~~~~[0m
[96msrc/modules/ecom/checkout.controller.ts[0m:[93m669[0m:[93m32[0m - [91merror[0m[90m TS2339: [0mProperty 
'length' does not exist on type 'QueryResult<Record<string, unknown>>'.

[7m669[0m       details: { count: orders.length },
[7m   [0m [91m                               ~~~~~~[0m
[96msrc/modules/ecom/checkout.controller.ts[0m:[93m672[0m:[93m19[0m - [91merror[0m[90m TS2339: [0mProperty 
'map' does not exist on type 'QueryResult<Record<string, unknown>>'.

[7m672[0m     return orders.map(order => ({
[7m   [0m [91m                  ~~~[0m
[96msrc/modules/ecom/checkout.controller.ts[0m:[93m728[0m:[93m19[0m - [91merror[0m[90m TS2339: [0mProperty 
'length' does not exist on type 'QueryResult<Record<string, unknown>>'.

[7m728[0m     if (orderData.length === 0) {
[7m   [0m [91m                  ~~~~~~[0m
[96msrc/modules/ecom/checkout.controller.ts[0m:[93m761[0m:[93m25[0m - [91merror[0m[90m TS2339: [0mProperty 
'map' does not exist on type 'QueryResult<Record<string, unknown>>'.

[7m761[0m       items: orderItems.map(item => ({
[7m   [0m [91m                        ~~~[0m
[96msrc/modules/ecom/checkout.controller.ts[0m:[93m786[0m:[93m31[0m - [91merror[0m[90m TS2339: [0mProperty 
'map' does not exist on type 'QueryResult<Record<string, unknown>>'.

[7m786[0m       timeline: orderTimeline.map(entry => ({
[7m   [0m [91m                              ~~~[0m
[96msrc/modules/ecom/checkout.service.ts[0m:[93m6[0m:[93m15[0m - [91merror[0m[90m TS2451: [0mCannot 
redeclare block-scoped variable 'sql'.

[7m6[0m declare const sql: any;
[7m [0m [91m              ~~~[0m

  [96msrc/modules/ecom/cart.service.ts[0m:[93m7[0m:[93m15[0m
    [7m7[0m declare const sql: any;
    [7m [0m [96m              ~~~[0m
    'sql' was also declared here.
[96msrc/modules/ecom/checkout.service.ts[0m:[93m11[0m:[93m6[0m - [91merror[0m[90m TS2300: [0mDuplicate 
identifier 'NodePgDatabase'.

[7m11[0m type NodePgDatabase<TSchema extends Record<string, unknown> = Record<string, never>> = any;
[7m  [0m [91m     ~~~~~~~~~~~~~~[0m

  [96msrc/modules/api-keys/apikeys.controller.ts[0m:[93m7[0m:[93m6[0m
    [7m7[0m type NodePgDatabase<T> = any;
    [7m [0m [96m     ~~~~~~~~~~~~~~[0m
    'NodePgDatabase' was also declared here.
[96msrc/modules/ecom/product.service.ts[0m:[93m98[0m:[93m11[0m - [91merror[0m[90m TS2488: [0mType 
'QueryResult<Record<string, unknown>>' must have a '[Symbol.iterator]()' method that returns an iterator.

[7m98[0m     const [product] = await this.db.execute(sql`
[7m  [0m [91m          ~~~~~~~~~[0m
[96msrc/modules/ecom/product.service.ts[0m:[93m140[0m:[93m11[0m - [91merror[0m[90m TS2488: [0mType 
'QueryResult<Record<string, unknown>>' must have a '[Symbol.iterator]()' method that returns an iterator.

[7m140[0m     const [product] = await this.db.execute(sql`
[7m   [0m [91m          ~~~~~~~~~[0m
[96msrc/modules/ecom/product.service.ts[0m:[93m190[0m:[93m5[0m - [91merror[0m[90m TS2740: [0mType 
'QueryResult<Record<string, unknown>>' is missing the following properties from type 'any[]': length, pop, push, 
concat, and 29 more.

[7m190[0m     return products;
[7m   [0m [91m    ~~~~~~[0m
[96msrc/modules/ecom/product.service.ts[0m:[93m221[0m:[93m94[0m - [91merror[0m[90m TS2769: [0mNo overload 
matches this call.
  The last overload gave the following error.
    Argument of type 'Placeholder<string, any>' is not assignable to parameter of type '(substring: string, ...args: 
any[]) => string'.
      Type 'Placeholder<string, any>' provides no match for the signature '(substring: string, ...args: any[]): 
string'.

[7m221[0m     const queryParts = fieldsToUpdate.map((field, index) => sql`${sql.raw(field.replace('$', 
sql.placeholder((index + 1).toString())))}`);
[7m   [0m [91m                                                                                             
~~~~~~~~~~~~~~~~~~~~~~~~~~~~~~~~~~~~~~~[0m

  [96m../../node_modules/.pnpm/typescript@5.9.3/node_modules/typescript/lib/lib.es5.d.ts[0m:[93m470[0m:[93m5[0m
    [7m470[0m     replace(searchValue: string | RegExp, replacer: (substring: string, ...args: any[]) => string): 
string;
    [7m   [0m [96m    
~~~~~~~~~~~~~~~~~~~~~~~~~~~~~~~~~~~~~~~~~~~~~~~~~~~~~~~~~~~~~~~~~~~~~~~~~~~~~~~~~~~~~~~~~~~~~~~~~~~~~~~[0m
    The last overload is declared here.
[96msrc/modules/ecom/product.service.ts[0m:[93m223[0m:[93m11[0m - [91merror[0m[90m TS2488: [0mType 
'QueryResult<Record<string, unknown>>' must have a '[Symbol.iterator]()' method that returns an iterator.

[7m223[0m     const [updatedProduct] = await this.db.execute(sql`
[7m   [0m [91m          ~~~~~~~~~~~~~~~~[0m
[96msrc/modules/ecom/product.service.ts[0m:[93m232[0m:[93m8[0m - [91merror[0m[90m TS2556: [0mA spread 
argument must either have a tuple type or be passed to a rest parameter.

[7m232[0m     `, ...values);
[7m   [0m [91m       ~~~~~~~~~[0m
[96msrc/modules/ecom/product.service.ts[0m:[93m260[0m:[93m11[0m - [91merror[0m[90m TS2488: [0mType 
'QueryResult<Record<string, unknown>>' must have a '[Symbol.iterator]()' method that returns an iterator.

[7m260[0m     const [deletedProduct] = await this.db.execute(sql`
[7m   [0m [91m          ~~~~~~~~~~~~~~~~[0m
[96msrc/modules/ecom/product.service.ts[0m:[93m286[0m:[93m11[0m - [91merror[0m[90m TS2488: [0mType 
'QueryResult<Record<string, unknown>>' must have a '[Symbol.iterator]()' method that returns an iterator.

[7m286[0m     const [product] = await this.db.execute(sql`
[7m   [0m [91m          ~~~~~~~~~[0m
[96msrc/modules/ecom/product.service.ts[0m:[93m294[0m:[93m11[0m - [91merror[0m[90m TS2488: [0mType 
'QueryResult<Record<string, unknown>>' must have a '[Symbol.iterator]()' method that returns an iterator.

[7m294[0m     const [variant] = await this.db.execute(sql`
[7m   [0m [91m          ~~~~~~~~~[0m
[96msrc/modules/ecom/product.service.ts[0m:[93m335[0m:[93m13[0m - [91merror[0m[90m TS2488: [0mType 
'QueryResult<Record<string, unknown>>' must have a '[Symbol.iterator]()' method that returns an iterator.

[7m335[0m       const [existingVariant] = await this.db.execute(sql`
[7m   [0m [91m            ~~~~~~~~~~~~~~~~~[0m
[96msrc/modules/ecom/product.service.ts[0m:[93m343[0m:[93m94[0m - [91merror[0m[90m TS2769: [0mNo overload 
matches this call.
  The last overload gave the following error.
    Argument of type 'Placeholder<string, any>' is not assignable to parameter of type '(substring: string, ...args: 
any[]) => string'.
      Type 'Placeholder<string, any>' provides no match for the signature '(substring: string, ...args: any[]): 
string'.

[7m343[0m     const queryParts = fieldsToUpdate.map((field, index) => sql`${sql.raw(field.replace('$', 
sql.placeholder((index + 1).toString())))}`);
[7m   [0m [91m                                                                                             
~~~~~~~~~~~~~~~~~~~~~~~~~~~~~~~~~~~~~~~[0m

  [96m../../node_modules/.pnpm/typescript@5.9.3/node_modules/typescript/lib/lib.es5.d.ts[0m:[93m470[0m:[93m5[0m
    [7m470[0m     replace(searchValue: string | RegExp, replacer: (substring: string, ...args: any[]) => string): 
string;
    [7m   [0m [96m    
~~~~~~~~~~~~~~~~~~~~~~~~~~~~~~~~~~~~~~~~~~~~~~~~~~~~~~~~~~~~~~~~~~~~~~~~~~~~~~~~~~~~~~~~~~~~~~~~~~~~~~~[0m
    The last overload is declared here.
[96msrc/modules/ecom/product.service.ts[0m:[93m345[0m:[93m11[0m - [91merror[0m[90m TS2488: [0mType 
'QueryResult<Record<string, unknown>>' must have a '[Symbol.iterator]()' method that returns an iterator.

[7m345[0m     const [updatedVariant] = await this.db.execute(sql`
[7m   [0m [91m          ~~~~~~~~~~~~~~~~[0m
[96msrc/modules/ecom/product.service.ts[0m:[93m352[0m:[93m8[0m - [91merror[0m[90m TS2556: [0mA spread 
argument must either have a tuple type or be passed to a rest parameter.

[7m352[0m     `, ...values);
[7m   [0m [91m       ~~~~~~~~~[0m
[96msrc/modules/ecom/product.service.ts[0m:[93m374[0m:[93m11[0m - [91merror[0m[90m TS2488: [0mType 
'QueryResult<Record<string, unknown>>' must have a '[Symbol.iterator]()' method that returns an iterator.

[7m374[0m     const [deletedVariant] = await this.db.execute(sql`
[7m   [0m [91m          ~~~~~~~~~~~~~~~~[0m
[96msrc/modules/ecom/product.service.ts[0m:[93m399[0m:[93m11[0m - [91merror[0m[90m TS2488: [0mType 
'QueryResult<Record<string, unknown>>' must have a '[Symbol.iterator]()' method that returns an iterator.

[7m399[0m     const [product] = await this.db.execute(sql`
[7m   [0m [91m          ~~~~~~~~~[0m
[96msrc/modules/ecom/product.service.ts[0m:[93m463[0m:[93m5[0m - [91merror[0m[90m TS2740: [0mType 
'QueryResult<Record<string, unknown>>' is missing the following properties from type 'any[]': length, pop, push, 
concat, and 29 more.

[7m463[0m     return products;
[7m   [0m [91m    ~~~~~~[0m
[96msrc/modules/ecom/product.service.ts[0m:[93m473[0m:[93m11[0m - [91merror[0m[90m TS2488: [0mType 
'QueryResult<Record<string, unknown>>' must have a '[Symbol.iterator]()' method that returns an iterator.

[7m473[0m     const [variant] = await this.db.execute(sql`
[7m   [0m [91m          ~~~~~~~~~[0m
[96msrc/modules/ecom/product.service.ts[0m:[93m502[0m:[93m11[0m - [91merror[0m[90m TS2488: [0mType 
'QueryResult<Record<string, unknown>>' must have a '[Symbol.iterator]()' method that returns an iterator.

[7m502[0m     const [config] = await this.db.execute(sql`
[7m   [0m [91m          ~~~~~~~~[0m
[96msrc/modules/ecom/shipping.controller.ts[0m:[93m1[0m:[93m10[0m - [91merror[0m[90m TS2300: [0mDuplicate 
identifier 'Inject'.

[7m1[0m import { Inject, Logger } from '@nestjs/common';
[7m [0m [91m         ~~~~~~[0m
[96msrc/modules/ecom/shipping.controller.ts[0m:[93m1[0m:[93m18[0m - [91merror[0m[90m TS2300: [0mDuplicate 
identifier 'Logger'.

[7m1[0m import { Inject, Logger } from '@nestjs/common';
[7m [0m [91m                 ~~~~~~[0m
[96msrc/modules/ecom/shipping.controller.ts[0m:[93m35[0m:[93m22[0m - [91merror[0m[90m TS2300: [0mDuplicate 
identifier 'Inject'.

[7m35[0m import { Controller, Inject, Logger } from '@nestjs/common';
[7m  [0m [91m                     ~~~~~~[0m
[96msrc/modules/ecom/shipping.controller.ts[0m:[93m35[0m:[93m30[0m - [91merror[0m[90m TS2300: [0mDuplicate 
identifier 'Logger'.

[7m35[0m import { Controller, Inject, Logger } from '@nestjs/common';
[7m  [0m [91m                             ~~~~~~[0m
[96msrc/modules/ecom/shipping.controller.ts[0m:[93m82[0m:[93m9[0m - [91merror[0m[90m TS2322: [0mType 
'unknown' is not assignable to type 'string'.

[7m82[0m     let carrier: string = config.default_carrier || 'Standard Shipping';
[7m  [0m [91m        ~~~~~~~[0m
[96msrc/modules/ecom/shipping.controller.ts[0m:[93m94[0m:[93m37[0m - [91merror[0m[90m TS2345: [0mArgument of 
type 'unknown' is not assignable to parameter of type 'string'.

[7m94[0m         shippingAmount = parseFloat(flatRate.rate_amount);
[7m  [0m [91m                                    ~~~~~~~~~~~~~~~~~~~~[0m
[96msrc/modules/ecom/shipping.controller.ts[0m:[93m95[0m:[93m9[0m - [91merror[0m[90m TS2322: [0mType 
'unknown' is not assignable to type 'string'.

[7m95[0m         carrier = flatRate.carrier;
[7m  [0m [91m        ~~~~~~~[0m
[96msrc/modules/ecom/shipping.controller.ts[0m:[93m129[0m:[93m39[0m - [91merror[0m[90m TS2345: [0mArgument 
of type 'unknown' is not assignable to parameter of type 'string'.

[7m129[0m           shippingAmount = parseFloat(tableRate.rate_amount);
[7m   [0m [91m                                      ~~~~~~~~~~~~~~~~~~~~~[0m
[96msrc/modules/ecom/shipping.controller.ts[0m:[93m130[0m:[93m11[0m - [91merror[0m[90m TS2322: [0mType 
'unknown' is not assignable to type 'string'.

[7m130[0m           carrier = tableRate.carrier;
[7m   [0m [91m          ~~~~~~~[0m
[96msrc/modules/ecom/shipping.controller.ts[0m:[93m181[0m:[93m97[0m - [91merror[0m[90m TS2345: [0mArgument 
of type 'unknown' is not assignable to parameter of type 'string'.

[7m181[0m     const simulatedTrackingUrl = this.getTrackingUrl(simulatedTrackingNumber, simulatedCarrier, tenantId);
[7m   [0m [91m                                                                                                
~~~~~~~~[0m
[96msrc/modules/ecom/shipping.controller.ts[0m:[93m200[0m:[93m33[0m - [91merror[0m[90m TS2345: [0mArgument 
of type 'unknown' is not assignable to parameter of type 'string'.

[7m200[0m     this.auditLogService.record(tenantId, {
[7m   [0m [91m                                ~~~~~~~~[0m
[96msrc/modules/ecom/shipping.controller.ts[0m:[93m209[0m:[93m7[0m - [91merror[0m[90m TS2322: [0mType 
'unknown' is not assignable to type 'string'.

[7m209[0m       shipmentId: shipmentId,
[7m   [0m [91m      ~~~~~~~~~~[0m

  [96msrc/modules/ecom/shipping.controller.ts[0m:[93m19[0m:[93m3[0m
    [7m19[0m   shipmentId: string;
    [7m  [0m [96m  ~~~~~~~~~~[0m
    The expected type comes from property 'shipmentId' which is declared here on type 'ShipmentCreationResult'
[96msrc/modules/ecom/shipping.controller.ts[0m:[93m286[0m:[93m33[0m - [91merror[0m[90m TS2345: [0mArgument 
of type 'unknown' is not assignable to parameter of type 'string'.

[7m286[0m     this.auditLogService.record(tenantId, {
[7m   [0m [91m                                ~~~~~~~~[0m
[96msrc/modules/ecom/shipping.service.ts[0m:[93m2[0m:[93m26[0m - [91merror[0m[90m TS2305: [0mModule 
'"drizzle-orm/node-postgres"' has no exported member 'raw'.

[7m2[0m import { NodePgDatabase, raw } from 'drizzle-orm/node-postgres';
[7m [0m [91m                         ~~~[0m
[96msrc/modules/ecom/shipping.service.ts[0m:[93m65[0m:[93m11[0m - [91merror[0m[90m TS2739: [0mType 
'Record<string, unknown>' is missing the following properties from type 'ShippingConfig': id, tenantId, type, 
flatRateAmount, rateTableId

[7m65[0m     const config: ShippingConfig | undefined = configResult.rows[0];
[7m  [0m [91m          ~~~~~~[0m
[96msrc/modules/ecom/shipping.service.ts[0m:[93m71[0m:[93m9[0m - [91merror[0m[90m TS2322: [0mType 'string' 
is not assignable to type 'Record<string, any>'.

[7m71[0m         details: `No shipping configuration found for tenant ${tenantId}.`,
[7m  [0m [91m        ~~~~~~~[0m

  [96msrc/modules/audit-log/audit-log.service.ts[0m:[93m42[0m:[93m5[0m
    [7m42[0m     details?: Record<string, any> | null;
    [7m  [0m [96m    ~~~~~~~[0m
    The expected type comes from property 'details' which is declared here on type '{ userId: string; action: string; 
amountCents?: number; traceId?: string; details?: Record<string, any>; isImpersonating?: boolean; originalUserId?: 
string; }'
[96msrc/modules/ecom/shipping.service.ts[0m:[93m107[0m:[93m13[0m - [91merror[0m[90m TS2322: [0mType 'string' 
is not assignable to type 'Record<string, any>'.

[7m107[0m             details: `No matching shipping rate found for tenant ${tenantId}, weight ${totalWeightGrams}g, 
and zip ${destinationZip}.`,
[7m   [0m [91m            ~~~~~~~[0m

  [96msrc/modules/audit-log/audit-log.service.ts[0m:[93m42[0m:[93m5[0m
    [7m42[0m     details?: Record<string, any> | null;
    [7m  [0m [96m    ~~~~~~~[0m
    The expected type comes from property 'details' which is declared here on type '{ userId: string; action: string; 
amountCents?: number; traceId?: string; details?: Record<string, any>; isImpersonating?: boolean; originalUserId?: 
string; }'
[96msrc/modules/ecom/shipping.service.ts[0m:[93m111[0m:[93m9[0m - [91merror[0m[90m TS2322: [0mType 'unknown' 
is not assignable to type 'number'.

[7m111[0m         shippingCost = rateZone.rateAmount;
[7m   [0m [91m        ~~~~~~~~~~~~[0m
[96msrc/modules/ecom/shipping.service.ts[0m:[93m120[0m:[93m7[0m - [91merror[0m[90m TS2322: [0mType 'string' 
is not assignable to type 'Record<string, any>'.

[7m120[0m       details: `Shipping cost for cart calculated: ${shippingCost} for tenant ${tenantId}.`,
[7m   [0m [91m      ~~~~~~~[0m

  [96msrc/modules/audit-log/audit-log.service.ts[0m:[93m42[0m:[93m5[0m
    [7m42[0m     details?: Record<string, any> | null;
    [7m  [0m [96m    ~~~~~~~[0m
    The expected type comes from property 'details' which is declared here on type '{ userId: string; action: string; 
amountCents?: number; traceId?: string; details?: Record<string, any>; isImpersonating?: boolean; originalUserId?: 
string; }'
[96msrc/modules/ecom/shipping.service.ts[0m:[93m162[0m:[93m7[0m - [91merror[0m[90m TS2322: [0mType 'string' 
is not assignable to type 'Record<string, any>'.

[7m162[0m       details: `Shipment ${newShipmentId} created for order ${orderId} with tracking ${trackingNumber} by 
${carrier}.`,
[7m   [0m [91m      ~~~~~~~[0m

  [96msrc/modules/audit-log/audit-log.service.ts[0m:[93m42[0m:[93m5[0m
    [7m42[0m     details?: Record<string, any> | null;
    [7m  [0m [96m    ~~~~~~~[0m
    The expected type comes from property 'details' which is declared here on type '{ userId: string; action: string; 
amountCents?: number; traceId?: string; details?: Record<string, any>; isImpersonating?: boolean; originalUserId?: 
string; }'
[96msrc/modules/ecom/shipping.service.ts[0m:[93m225[0m:[93m7[0m - [91merror[0m[90m TS2322: [0mType 'string' 
is not assignable to type 'Record<string, any>'.

[7m225[0m       details: `Fulfillment status for order ${orderId} updated to ${status}.`,
[7m   [0m [91m      ~~~~~~~[0m

  [96msrc/modules/audit-log/audit-log.service.ts[0m:[93m42[0m:[93m5[0m
    [7m42[0m     details?: Record<string, any> | null;
    [7m  [0m [96m    ~~~~~~~[0m
    The expected type comes from property 'details' which is declared here on type '{ userId: string; action: string; 
amountCents?: number; traceId?: string; details?: Record<string, any>; isImpersonating?: boolean; originalUserId?: 
string; }'
[96msrc/modules/ecommerce/ecommerce.controller.ts[0m:[93m33[0m:[93m20[0m - [91merror[0m[90m TS2305: 
[0mModule '"../../common/decorators"' has no exported member 'UserId'.

[7m33[0m import { TenantId, UserId } from '../../common/decorators'; // Assuming custom decorators location
[7m  [0m [91m                   ~~~~~~[0m
[96msrc/modules/ecommerce/ecommerce.controller.ts[0m:[93m48[0m:[93m53[0m - [91merror[0m[90m TS2339: 
[0mProperty 'createReview' does not exist on type 'ProductReviewsService'.

[7m48[0m     const review = await this.productReviewsService.createReview(
[7m  [0m [91m                                                    ~~~~~~~~~~~~[0m
[96msrc/modules/ecommerce/ecommerce.controller.ts[0m:[93m67[0m:[93m53[0m - [91merror[0m[90m TS2339: 
[0mProperty 'getProductReviews' does not exist on type 'ProductReviewsService'.

[7m67[0m     const result = await this.productReviewsService.getProductReviews(
[7m  [0m [91m                                                    ~~~~~~~~~~~~~~~~~[0m
[96msrc/modules/ecommerce/ecommerce.controller.ts[0m:[93m91[0m:[93m53[0m - [91merror[0m[90m TS2339: 
[0mProperty 'getReviewById' does not exist on type 'ProductReviewsService'.

[7m91[0m     const review = await this.productReviewsService.getReviewById(tenantId, reviewId);
[7m  [0m [91m                                                    ~~~~~~~~~~~~~[0m
[96msrc/modules/ecommerce/ecommerce.controller.ts[0m:[93m108[0m:[93m60[0m - [91merror[0m[90m TS2339: 
[0mProperty 'updateReview' does not exist on type 'ProductReviewsService'.

[7m108[0m     const updatedReview = await this.productReviewsService.updateReview(
[7m   [0m [91m                                                           ~~~~~~~~~~~~[0m
[96msrc/modules/ecommerce/ecommerce.controller.ts[0m:[93m128[0m:[93m38[0m - [91merror[0m[90m TS2339: 
[0mProperty 'deleteReview' does not exist on type 'ProductReviewsService'.

[7m128[0m     await this.productReviewsService.deleteReview(tenantId, userId, reviewId);
[7m   [0m [91m                                     ~~~~~~~~~~~~[0m
[96msrc/modules/ecommerce/ecommerce.spec.ts[0m:[93m123[0m:[93m28[0m - [91merror[0m[90m TS2349: [0mThis 
expression is not callable.
  Type '{ default: SuperTestStatic; Test: typeof Test; agent: typeof TestAgent & ((app?: App, options?: AgentOptions) 
=> TestAgent<Test>); }' has no call signatures.

[7m123[0m     const response = await request(app.getHttpServer())
[7m   [0m [91m                           ~~~~~~~[0m

  [96msrc/modules/ecommerce/ecommerce.spec.ts[0m:[93m19[0m:[93m1[0m
    [7m19[0m import * as request from 'supertest';
    [7m  [0m [96m~~~~~~~~~~~~~~~~~~~~~~~~~~~~~~~~~~~~~[0m
    Type originates at this import. A namespace-style import cannot be called or constructed, and will cause a failure 
at runtime. Consider using a default import or import require here instead.
[96msrc/modules/ecommerce/ecommerce.spec.ts[0m:[93m154[0m:[93m11[0m - [91merror[0m[90m TS2349: [0mThis 
expression is not callable.
  Type '{ default: SuperTestStatic; Test: typeof Test; agent: typeof TestAgent & ((app?: App, options?: AgentOptions) 
=> TestAgent<Test>); }' has no call signatures.

[7m154[0m     await request(app.getHttpServer())
[7m   [0m [91m          ~~~~~~~[0m

  [96msrc/modules/ecommerce/ecommerce.spec.ts[0m:[93m19[0m:[93m1[0m
    [7m19[0m import * as request from 'supertest';
    [7m  [0m [96m~~~~~~~~~~~~~~~~~~~~~~~~~~~~~~~~~~~~~[0m
    Type originates at this import. A namespace-style import cannot be called or constructed, and will cause a failure 
at runtime. Consider using a default import or import require here instead.
[96msrc/modules/ecommerce/ecommerce.spec.ts[0m:[93m166[0m:[93m28[0m - [91merror[0m[90m TS2349: [0mThis 
expression is not callable.
  Type '{ default: SuperTestStatic; Test: typeof Test; agent: typeof TestAgent & ((app?: App, options?: AgentOptions) 
=> TestAgent<Test>); }' has no call signatures.

[7m166[0m     const response = await request(app.getHttpServer())
[7m   [0m [91m                           ~~~~~~~[0m

  [96msrc/modules/ecommerce/ecommerce.spec.ts[0m:[93m19[0m:[93m1[0m
    [7m19[0m import * as request from 'supertest';
    [7m  [0m [96m~~~~~~~~~~~~~~~~~~~~~~~~~~~~~~~~~~~~~[0m
    Type originates at this import. A namespace-style import cannot be called or constructed, and will cause a failure 
at runtime. Consider using a default import or import require here instead.
[96msrc/modules/ecommerce/ecommerce.spec.ts[0m:[93m183[0m:[93m28[0m - [91merror[0m[90m TS2349: [0mThis 
expression is not callable.
  Type '{ default: SuperTestStatic; Test: typeof Test; agent: typeof TestAgent & ((app?: App, options?: AgentOptions) 
=> TestAgent<Test>); }' has no call signatures.

[7m183[0m     const response = await request(app.getHttpServer())
[7m   [0m [91m                           ~~~~~~~[0m

  [96msrc/modules/ecommerce/ecommerce.spec.ts[0m:[93m19[0m:[93m1[0m
    [7m19[0m import * as request from 'supertest';
    [7m  [0m [96m~~~~~~~~~~~~~~~~~~~~~~~~~~~~~~~~~~~~~[0m
    Type originates at this import. A namespace-style import cannot be called or constructed, and will cause a failure 
at runtime. Consider using a default import or import require here instead.
[96msrc/modules/ecommerce/ecommerce.spec.ts[0m:[93m197[0m:[93m11[0m - [91merror[0m[90m TS2349: [0mThis 
expression is not callable.
  Type '{ default: SuperTestStatic; Test: typeof Test; agent: typeof TestAgent & ((app?: App, options?: AgentOptions) 
=> TestAgent<Test>); }' has no call signatures.

[7m197[0m     await request(app.getHttpServer())
[7m   [0m [91m          ~~~~~~~[0m

  [96msrc/modules/ecommerce/ecommerce.spec.ts[0m:[93m19[0m:[93m1[0m
    [7m19[0m import * as request from 'supertest';
    [7m  [0m [96m~~~~~~~~~~~~~~~~~~~~~~~~~~~~~~~~~~~~~[0m
    Type originates at this import. A namespace-style import cannot be called or constructed, and will cause a failure 
at runtime. Consider using a default import or import require here instead.
[96msrc/modules/ecommerce/ecommerce.spec.ts[0m:[93m205[0m:[93m28[0m - [91merror[0m[90m TS2349: [0mThis 
expression is not callable.
  Type '{ default: SuperTestStatic; Test: typeof Test; agent: typeof TestAgent & ((app?: App, options?: AgentOptions) 
=> TestAgent<Test>); }' has no call signatures.

[7m205[0m     const response = await request(app.getHttpServer())
[7m   [0m [91m                           ~~~~~~~[0m

  [96msrc/modules/ecommerce/ecommerce.spec.ts[0m:[93m19[0m:[93m1[0m
    [7m19[0m import * as request from 'supertest';
    [7m  [0m [96m~~~~~~~~~~~~~~~~~~~~~~~~~~~~~~~~~~~~~[0m
    Type originates at this import. A namespace-style import cannot be called or constructed, and will cause a failure 
at runtime. Consider using a default import or import require here instead.
[96msrc/modules/ecommerce/ecommerce.spec.ts[0m:[93m238[0m:[93m11[0m - [91merror[0m[90m TS2349: [0mThis 
expression is not callable.
  Type '{ default: SuperTestStatic; Test: typeof Test; agent: typeof TestAgent & ((app?: App, options?: AgentOptions) 
=> TestAgent<Test>); }' has no call signatures.

[7m238[0m     await request(app.getHttpServer())
[7m   [0m [91m          ~~~~~~~[0m

  [96msrc/modules/ecommerce/ecommerce.spec.ts[0m:[93m19[0m:[93m1[0m
    [7m19[0m import * as request from 'supertest';
    [7m  [0m [96m~~~~~~~~~~~~~~~~~~~~~~~~~~~~~~~~~~~~~[0m
    Type originates at this import. A namespace-style import cannot be called or constructed, and will cause a failure 
at runtime. Consider using a default import or import require here instead.
[96msrc/modules/ecommerce/ecommerce.spec.ts[0m:[93m246[0m:[93m11[0m - [91merror[0m[90m TS2349: [0mThis 
expression is not callable.
  Type '{ default: SuperTestStatic; Test: typeof Test; agent: typeof TestAgent & ((app?: App, options?: AgentOptions) 
=> TestAgent<Test>); }' has no call signatures.

[7m246[0m     await request(app.getHttpServer())
[7m   [0m [91m          ~~~~~~~[0m

  [96msrc/modules/ecommerce/ecommerce.spec.ts[0m:[93m19[0m:[93m1[0m
    [7m19[0m import * as request from 'supertest';
    [7m  [0m [96m~~~~~~~~~~~~~~~~~~~~~~~~~~~~~~~~~~~~~[0m
    Type originates at this import. A namespace-style import cannot be called or constructed, and will cause a failure 
at runtime. Consider using a default import or import require here instead.
[96msrc/modules/ecommerce/ecommerce.spec.ts[0m:[93m270[0m:[93m11[0m - [91merror[0m[90m TS2349: [0mThis 
expression is not callable.
  Type '{ default: SuperTestStatic; Test: typeof Test; agent: typeof TestAgent & ((app?: App, options?: AgentOptions) 
=> TestAgent<Test>); }' has no call signatures.

[7m270[0m     await request(app.getHttpServer())
[7m   [0m [91m          ~~~~~~~[0m

  [96msrc/modules/ecommerce/ecommerce.spec.ts[0m:[93m19[0m:[93m1[0m
    [7m19[0m import * as request from 'supertest';
    [7m  [0m [96m~~~~~~~~~~~~~~~~~~~~~~~~~~~~~~~~~~~~~[0m
    Type originates at this import. A namespace-style import cannot be called or constructed, and will cause a failure 
at runtime. Consider using a default import or import require here instead.
[96msrc/modules/ecommerce/product-reviews.service.ts[0m:[93m3[0m:[93m10[0m - [91merror[0m[90m TS2305: 
[0mModule '"@paysurity/database"' has no exported member 'productReviews'.

[7m3[0m import { productReviews } from '@paysurity/database'; // Assuming 'productReviews' is the table schema from 
@paysurity/database
[7m [0m [91m         ~~~~~~~~~~~~~~[0m
[96msrc/modules/ecommerce/product-reviews/product-reviews.controller.ts[0m:[93m9[0m:[93m10[0m - 
[91merror[0m[90m TS2305: [0mModule '"../../../auth/interfaces/authenticated-user.interface"' has no exported 
member 'AuthenticatedUser'.

[7m9[0m import { AuthenticatedUser } from '../../../auth/interfaces/authenticated-user.interface';
[7m [0m [91m         ~~~~~~~~~~~~~~~~~[0m
[96msrc/modules/ecommerce/product-reviews/product-reviews.controller.ts[0m:[93m25[0m:[93m55[0m - 
[91merror[0m[90m TS2554: [0mExpected 1 arguments, but got 2.

[7m25[0m     return this.productReviewsService.create(user.id, createProductReviewDto);
[7m  [0m [91m                                                      ~~~~~~~~~~~~~~~~~~~~~~[0m
[96msrc/modules/ecommerce/product-reviews/product-reviews.controller.ts[0m:[93m32[0m:[93m5[0m - 
[91merror[0m[90m TS2740: [0mType '{ data: any[]; total: number; }' is missing the following properties from type 
'ProductReviewDto[]': length, pop, push, concat, and 29 more.

[7m32[0m     return this.productReviewsService.findAll();
[7m  [0m [91m    ~~~~~~[0m
[96msrc/modules/ecommerce/product-reviews/product-reviews.controller.ts[0m:[93m39[0m:[93m39[0m - 
[91merror[0m[90m TS2339: [0mProperty 'findByProductId' does not exist on type 'ProductReviewsService'.

[7m39[0m     return this.productReviewsService.findByProductId(productId);
[7m  [0m [91m                                      ~~~~~~~~~~~~~~~[0m
[96msrc/modules/ecommerce/product-reviews/product-reviews.controller.ts[0m:[93m46[0m:[93m47[0m - 
[91merror[0m[90m TS2345: [0mArgument of type 'number' is not assignable to parameter of type 'string'.

[7m46[0m     return this.productReviewsService.findOne(id);
[7m  [0m [91m                                              ~~[0m
[96msrc/modules/ecommerce/product-reviews/product-reviews.controller.ts[0m:[93m57[0m:[93m59[0m - 
[91merror[0m[90m TS2554: [0mExpected 2 arguments, but got 3.

[7m57[0m     return this.productReviewsService.update(id, user.id, updateProductReviewDto);
[7m  [0m [91m                                                          ~~~~~~~~~~~~~~~~~~~~~~[0m
[96msrc/modules/ecommerce/product-reviews/product-reviews.controller.ts[0m:[93m68[0m:[93m49[0m - 
[91merror[0m[90m TS2554: [0mExpected 1 arguments, but got 2.

[7m68[0m     await this.productReviewsService.remove(id, user.id);
[7m  [0m [91m                                                ~~~~~~~[0m
[96msrc/modules/ecommerce/product-reviews/product-reviews.service.ts[0m:[93m5[0m:[93m3[0m - [91merror[0m[90m 
TS2305: [0mModule '"@paysurity/database"' has no exported member 'productReviewsTable'.

[7m5[0m   productReviewsTable,
[7m [0m [91m  ~~~~~~~~~~~~~~~~~~~[0m
[96msrc/modules/ecommerce/product-reviews/product-reviews.service.ts[0m:[93m6[0m:[93m3[0m - [91merror[0m[90m 
TS2305: [0mModule '"@paysurity/database"' has no exported member 'productsTable'.

[7m6[0m   productsTable,
[7m [0m [91m  ~~~~~~~~~~~~~[0m
[96msrc/modules/ecommerce/product-reviews/product-reviews.service.ts[0m:[93m7[0m:[93m3[0m - [91merror[0m[90m 
TS2305: [0mModule '"@paysurity/database"' has no exported member 'usersTable'.

[7m7[0m   usersTable
[7m [0m [91m  ~~~~~~~~~~[0m
[96msrc/modules/ecommerce/product-reviews/product-reviews.service.ts[0m:[93m28[0m:[93m24[0m - 
[91merror[0m[90m TS2339: [0mProperty 'userId' does not exist on type 'CreateProductReviewDto'.

[7m28[0m     const { productId, userId, rating, comment } = createProductReviewDto;
[7m  [0m [91m                       ~~~~~~[0m
[96msrc/modules/ecommerce/product-reviews/product-reviews.service.ts[0m:[93m28[0m:[93m40[0m - 
[91merror[0m[90m TS2339: [0mProperty 'comment' does not exist on type 'CreateProductReviewDto'.

[7m28[0m     const { productId, userId, rating, comment } = createProductReviewDto;
[7m  [0m [91m                                       ~~~~~~~[0m
[96msrc/modules/ecommerce/product-reviews/product-reviews.service.ts[0m:[93m31[0m:[93m47[0m - 
[91merror[0m[90m TS2339: [0mProperty 'productsTable' does not exist on type 'DrizzleTypeError<"Seems like the 
schema generic is missing - did you forget to add it to your DB type?"> | { [x: string]: 
RelationalQueryBuilder<ExtractTablesWithRelations<any>, { ...; }>; }'.
  Property 'productsTable' does not exist on type 'DrizzleTypeError<"Seems like the schema generic is missing - did 
you forget to add it to your DB type?">'.

[7m31[0m     const productExists = await this.db.query.productsTable.findFirst({
[7m  [0m [91m                                              ~~~~~~~~~~~~~[0m
[96msrc/modules/ecommerce/product-reviews/product-reviews.service.ts[0m:[93m39[0m:[93m44[0m - 
[91merror[0m[90m TS2339: [0mProperty 'usersTable' does not exist on type 'DrizzleTypeError<"Seems like the schema 
generic is missing - did you forget to add it to your DB type?"> | { [x: string]: 
RelationalQueryBuilder<ExtractTablesWithRelations<any>, { ...; }>; }'.
  Property 'usersTable' does not exist on type 'DrizzleTypeError<"Seems like the schema generic is missing - did you 
forget to add it to your DB type?">'.

[7m39[0m     const userExists = await this.db.query.usersTable.findFirst({
[7m  [0m [91m                                           ~~~~~~~~~~[0m
[96msrc/modules/employees/clock.service.ts[0m:[93m16[0m:[93m6[0m - [91merror[0m[90m TS2304: [0mCannot find 
name 'Inject'.

[7m16[0m     @Inject('DATABASE') private readonly db: NodePgDatabase<any>,
[7m  [0m [91m     ~~~~~~[0m
[96msrc/modules/employees/dto/employee-schedule.dto.ts[0m:[93m2[0m:[93m29[0m - [91merror[0m[90m TS2307: 
[0mCannot find module '@nestjs/mapped-types' or its corresponding type declarations.

[7m2[0m import { PartialType } from '@nestjs/mapped-types';
[7m [0m [91m                            ~~~~~~~~~~~~~~~~~~~~~~[0m
[96msrc/modules/employees/employee-schedules.controller.ts[0m:[93m16[0m:[93m61[0m - [91merror[0m[90m TS2554: 
[0mExpected 1 arguments, but got 2.

[7m16[0m     return this.employeeSchedulesService.create(employeeId, createEmployeeScheduleDto);
[7m  [0m [91m                                                            ~~~~~~~~~~~~~~~~~~~~~~~~~[0m
[96msrc/modules/employees/employee-schedules.controller.ts[0m:[93m21[0m:[93m50[0m - [91merror[0m[90m TS2559: 
[0mType 'string' has no properties in common with type '{ employeeId?: string; startDate?: Date; endDate?: Date; }'.

[7m21[0m     return this.employeeSchedulesService.findAll(employeeId);
[7m  [0m [91m                                                 ~~~~~~~~~~[0m
[96msrc/modules/employees/employee-schedules.controller.ts[0m:[93m29[0m:[93m62[0m - [91merror[0m[90m TS2554: 
[0mExpected 1 arguments, but got 2.

[7m29[0m     return this.employeeSchedulesService.findOne(employeeId, id);
[7m  [0m [91m                                                             ~~[0m
[96msrc/modules/employees/employee-schedules.controller.ts[0m:[93m38[0m:[93m65[0m - [91merror[0m[90m TS2554: 
[0mExpected 2 arguments, but got 3.

[7m38[0m     return this.employeeSchedulesService.update(employeeId, id, updateEmployeeScheduleDto);
[7m  [0m [91m                                                                ~~~~~~~~~~~~~~~~~~~~~~~~~[0m
[96msrc/modules/employees/employee-schedules.controller.ts[0m:[93m46[0m:[93m61[0m - [91merror[0m[90m TS2554: 
[0mExpected 1 arguments, but got 2.

[7m46[0m     return this.employeeSchedulesService.remove(employeeId, id);
[7m  [0m [91m                                                            ~~[0m
[96msrc/modules/employees/employee-schedules.service.ts[0m:[93m40[0m:[93m37[0m - [91merror[0m[90m TS2339: 
[0mProperty 'employees' does not exist on type 'DrizzleTypeError<"Seems like the schema generic is missing - did you 
forget to add it to your DB type?"> | { [x: string]: RelationalQueryBuilder<ExtractTablesWithRelations<any>, { ...; 
}>; }'.
  Property 'employees' does not exist on type 'DrizzleTypeError<"Seems like the schema generic is missing - did you 
forget to add it to your DB type?">'.

[7m40[0m     const emp = await this.db.query.employees.findFirst(
[7m  [0m [91m                                    ~~~~~~~~~[0m
[96msrc/modules/employees/employee-schedules.service.ts[0m:[93m51[0m:[93m28[0m - [91merror[0m[90m TS2339: 
[0mProperty 'log' does not exist on type 'AuditLogService'.

[7m51[0m       this.auditLogService.log(tenantId, 'CREATE', 'EmployeeSchedule', schedule.id, userId, schedule);
[7m  [0m [91m                           ~~~[0m
[96msrc/modules/employees/employee-schedules.service.ts[0m:[93m66[0m:[93m38[0m - [91merror[0m[90m TS2339: 
[0mProperty 'employeeSchedules' does not exist on type 'DrizzleTypeError<"Seems like the schema generic is missing - 
did you forget to add it to your DB type?"> | { [x: string]: RelationalQueryBuilder<ExtractTablesWithRelations<any>, { 
...; }>; }'.
  Property 'employeeSchedules' does not exist on type 'DrizzleTypeError<"Seems like the schema generic is missing - 
did you forget to add it to your DB type?">'.

[7m66[0m     const data = await this.db.query.employeeSchedules.findMany({
[7m  [0m [91m                                     ~~~~~~~~~~~~~~~~~[0m
[96msrc/modules/employees/employee-schedules.service.ts[0m:[93m82[0m:[93m42[0m - [91merror[0m[90m TS2339: 
[0mProperty 'employeeSchedules' does not exist on type 'DrizzleTypeError<"Seems like the schema generic is missing - 
did you forget to add it to your DB type?"> | { [x: string]: RelationalQueryBuilder<ExtractTablesWithRelations<any>, { 
...; }>; }'.
  Property 'employeeSchedules' does not exist on type 'DrizzleTypeError<"Seems like the schema generic is missing - 
did you forget to add it to your DB type?">'.

[7m82[0m     const schedule = await this.db.query.employeeSchedules.findFirst({
[7m  [0m [91m                                         ~~~~~~~~~~~~~~~~~[0m
[96msrc/modules/employees/employee-schedules.service.ts[0m:[93m95[0m:[93m39[0m - [91merror[0m[90m TS2339: 
[0mProperty 'employees' does not exist on type 'DrizzleTypeError<"Seems like the schema generic is missing - did you 
forget to add it to your DB type?"> | { [x: string]: RelationalQueryBuilder<ExtractTablesWithRelations<any>, { ...; 
}>; }'.
  Property 'employees' does not exist on type 'DrizzleTypeError<"Seems like the schema generic is missing - did you 
forget to add it to your DB type?">'.

[7m95[0m       const emp = await this.db.query.employees.findFirst(
[7m  [0m [91m                                      ~~~~~~~~~[0m
[96msrc/modules/employees/employee-schedules.service.ts[0m:[93m109[0m:[93m26[0m - [91merror[0m[90m TS2339: 
[0mProperty 'log' does not exist on type 'AuditLogService'.

[7m109[0m     this.auditLogService.log(tenantId, 'UPDATE', 'EmployeeSchedule', scheduleId, userId, {
[7m   [0m [91m                         ~~~[0m
[96msrc/modules/employees/employee-schedules.service.ts[0m:[93m127[0m:[93m26[0m - [91merror[0m[90m TS2339: 
[0mProperty 'log' does not exist on type 'AuditLogService'.

[7m127[0m     this.auditLogService.log(tenantId, 'DELETE', 'EmployeeSchedule', scheduleId, userId, { deletedData: 
existing });
[7m   [0m [91m                         ~~~[0m
[96msrc/modules/employees/employee-schedules.service.ts[0m:[93m143[0m:[93m41[0m - [91merror[0m[90m TS2769: 
[0mNo overload matches this call.
  Overload 1 of 3, '(left: PgColumn<{ name: "schedule_date"; tableName: "employee_schedules"; dataType: "string"; 
columnType: "PgVarchar"; data: string; driverParam: string; notNull: true; hasDefault: false; isPrimaryKey: false; ... 
5 more ...; generated: undefined; }, {}, { ...; }>, right: string | SQLWrapper): SQL<...>', gave the following error.
    Argument of type 'Date' is not assignable to parameter of type 'string | SQLWrapper'.
  Overload 2 of 3, '(left: Aliased<Date>, right: Date | SQLWrapper): SQL<unknown>', gave the following error.
    Argument of type 'PgColumn<{ name: "schedule_date"; tableName: "employee_schedules"; dataType: "string"; 
columnType: "PgVarchar"; data: string; driverParam: string; notNull: true; hasDefault: false; isPrimaryKey: false; ... 
5 more ...; generated: undefined; }, {}, { ...; }>' is not assignable to parameter of type 'Aliased<Date>'.
      Type 'PgColumn<{ name: "schedule_date"; tableName: "employee_schedules"; dataType: "string"; columnType: 
"PgVarchar"; data: string; driverParam: string; notNull: true; hasDefault: false; isPrimaryKey: false; ... 5 more ...; 
generated: undefined; }, {}, { ...; }>' is missing the following properties from type 'Aliased<Date>': sql, fieldAlias
  Overload 3 of 3, '(left: never, right: unknown): SQL<unknown>', gave the following error.
    Argument of type 'PgColumn<{ name: "schedule_date"; tableName: "employee_schedules"; dataType: "string"; 
columnType: "PgVarchar"; data: string; driverParam: string; notNull: true; hasDefault: false; isPrimaryKey: false; ... 
5 more ...; generated: undefined; }, {}, { ...; }>' is not assignable to parameter of type 'never'.

[7m143[0m     if (filters?.startDate)  conds.push(gte(employeeSchedules.scheduleDate, filters.startDate));
[7m   [0m [91m                                        ~~~[0m

[96msrc/modules/employees/employee-schedules.service.ts[0m:[93m144[0m:[93m41[0m - [91merror[0m[90m TS2769: 
[0mNo overload matches this call.
  Overload 1 of 3, '(left: PgColumn<{ name: "schedule_date"; tableName: "employee_schedules"; dataType: "string"; 
columnType: "PgVarchar"; data: string; driverParam: string; notNull: true; hasDefault: false; isPrimaryKey: false; ... 
5 more ...; generated: undefined; }, {}, { ...; }>, right: string | SQLWrapper): SQL<...>', gave the following error.
    Argument of type 'Date' is not assignable to parameter of type 'string | SQLWrapper'.
  Overload 2 of 3, '(left: Aliased<Date>, right: Date | SQLWrapper): SQL<unknown>', gave the following error.
    Argument of type 'PgColumn<{ name: "schedule_date"; tableName: "employee_schedules"; dataType: "string"; 
columnType: "PgVarchar"; data: string; driverParam: string; notNull: true; hasDefault: false; isPrimaryKey: false; ... 
5 more ...; generated: undefined; }, {}, { ...; }>' is not assignable to parameter of type 'Aliased<Date>'.
      Type 'PgColumn<{ name: "schedule_date"; tableName: "employee_schedules"; dataType: "string"; columnType: 
"PgVarchar"; data: string; driverParam: string; notNull: true; hasDefault: false; isPrimaryKey: false; ... 5 more ...; 
generated: undefined; }, {}, { ...; }>' is missing the following properties from type 'Aliased<Date>': sql, fieldAlias
  Overload 3 of 3, '(left: never, right: unknown): SQL<unknown>', gave the following error.
    Argument of type 'PgColumn<{ name: "schedule_date"; tableName: "employee_schedules"; dataType: "string"; 
columnType: "PgVarchar"; data: string; driverParam: string; notNull: true; hasDefault: false; isPrimaryKey: false; ... 
5 more ...; generated: undefined; }, {}, { ...; }>' is not assignable to parameter of type 'never'.

[7m144[0m     if (filters?.endDate)    conds.push(lte(employeeSchedules.scheduleDate, filters.endDate));
[7m   [0m [91m                                        ~~~[0m

[96msrc/modules/employees/employees.service.ts[0m:[93m24[0m:[93m64[0m - [91merror[0m[90m TS2305: [0mModule 
'"./dto/employee-schedule.dto"' has no exported member 'ClockInOutDto'.

[7m24[0m import { CreateEmployeeScheduleDto, ShiftType, ScheduleStatus, ClockInOutDto, GetEmployeeHoursDto } from 
'./dto/employee-schedule.dto';
[7m  [0m [91m                                                               ~~~~~~~~~~~~~[0m
[96msrc/modules/employees/employees.service.ts[0m:[93m24[0m:[93m79[0m - [91merror[0m[90m TS2305: [0mModule 
'"./dto/employee-schedule.dto"' has no exported member 'GetEmployeeHoursDto'.

[7m24[0m import { CreateEmployeeScheduleDto, ShiftType, ScheduleStatus, ClockInOutDto, GetEmployeeHoursDto } from 
'./dto/employee-schedule.dto';
[7m  [0m [91m                                                                              ~~~~~~~~~~~~~~~~~~~[0m
[96msrc/modules/employees/employees.service.ts[0m:[93m103[0m:[93m25[0m - [91merror[0m[90m TS2339: 
[0mProperty 'scheduledDate' does not exist on type 'CreateEmployeeScheduleDto'.

[7m103[0m     const { employeeId, scheduledDate, startTime, endTime, role } = createShiftDto;
[7m   [0m [91m                        ~~~~~~~~~~~~~[0m
[96msrc/modules/employees/employees.service.ts[0m:[93m103[0m:[93m60[0m - [91merror[0m[90m TS2339: 
[0mProperty 'role' does not exist on type 'CreateEmployeeScheduleDto'.

[7m103[0m     const { employeeId, scheduledDate, startTime, endTime, role } = createShiftDto;
[7m   [0m [91m                                                           ~~~~[0m
[96msrc/modules/employees/employees.service.ts[0m:[93m148[0m:[93m22[0m - [91merror[0m[90m TS2339: 
[0mProperty 'SCHEDULED' does not exist on type 'typeof ScheduleStatus'.

[7m148[0m       ScheduleStatus.SCHEDULED,
[7m   [0m [91m                     ~~~~~~~~~[0m
[96msrc/modules/employees/employees.service.ts[0m:[93m203[0m:[93m22[0m - [91merror[0m[90m TS2339: 
[0mProperty 'CLOCKED_IN' does not exist on type 'typeof ScheduleStatus'.

[7m203[0m       ScheduleStatus.CLOCKED_IN,
[7m   [0m [91m                     ~~~~~~~~~~[0m
[96msrc/modules/employees/employees.service.ts[0m:[93m264[0m:[93m22[0m - [91merror[0m[90m TS2339: 
[0mProperty 'COMPLETED' does not exist on type 'typeof ScheduleStatus'.

[7m264[0m       ScheduleStatus.COMPLETED, // Set status to completed upon clock-out
[7m   [0m [91m                     ~~~~~~~~~[0m
[96msrc/modules/event-bus/event-consumers.ts[0m:[93m4[0m:[93m28[0m - [91merror[0m[90m TS2307: [0mCannot find 
module '../ops/ops.service' or its corresponding type declarations.

[7m4[0m import { OpsService } from '../ops/ops.service';
[7m [0m [91m                           ~~~~~~~~~~~~~~~~~~~~[0m
[96msrc/modules/gift-cards/gift-cards.controller.ts[0m:[93m28[0m:[93m11[0m - [91merror[0m[90m TS2430: 
[0mInterface 'AuthenticatedRequest' incorrectly extends interface 'Request<ParamsDictionary, any, any, ParsedQs, 
Record<string, any>>'.
  Types of property 'user' are incompatible.
    Type '{ tenantId: string; userId: string; }' is missing the following properties from type '{ [key: string]: 
unknown; userId: string; email: string; tenantId: string; roles: string[]; }': email, roles

[7m28[0m interface AuthenticatedRequest extends Request {
[7m  [0m [91m          ~~~~~~~~~~~~~~~~~~~~[0m
[96msrc/modules/gift-cards/gift-cards.service.ts[0m:[93m52[0m:[93m39[0m - [91merror[0m[90m TS2339: 
[0mProperty 'expiryDate' does not exist on type 'CreateGiftCardDto'.

[7m52[0m     const { initialBalance, currency, expiryDate, code: providedCode, issuedByUserId, 
issuedToCustomerAccountId } = createGiftCardDto;
[7m  [0m [91m                                      ~~~~~~~~~~[0m
[96msrc/modules/gift-cards/gift-cards.service.ts[0m:[93m52[0m:[93m51[0m - [91merror[0m[90m TS2339: 
[0mProperty 'code' does not exist on type 'CreateGiftCardDto'.

[7m52[0m     const { initialBalance, currency, expiryDate, code: providedCode, issuedByUserId, 
issuedToCustomerAccountId } = createGiftCardDto;
[7m  [0m [91m                                                  ~~~~[0m
[96msrc/modules/gift-cards/gift-cards.service.ts[0m:[93m52[0m:[93m71[0m - [91merror[0m[90m TS2339: 
[0mProperty 'issuedByUserId' does not exist on type 'CreateGiftCardDto'.

[7m52[0m     const { initialBalance, currency, expiryDate, code: providedCode, issuedByUserId, 
issuedToCustomerAccountId } = createGiftCardDto;
[7m  [0m [91m                                                                      ~~~~~~~~~~~~~~[0m
[96msrc/modules/gift-cards/gift-cards.service.ts[0m:[93m52[0m:[93m87[0m - [91merror[0m[90m TS2339: 
[0mProperty 'issuedToCustomerAccountId' does not exist on type 'CreateGiftCardDto'.

[7m52[0m     const { initialBalance, currency, expiryDate, code: providedCode, issuedByUserId, 
issuedToCustomerAccountId } = createGiftCardDto;
[7m  [0m [91m                                                                                      
~~~~~~~~~~~~~~~~~~~~~~~~~[0m
[96msrc/modules/gift-cards/gift-cards.service.ts[0m:[93m57[0m:[93m46[0m - [91merror[0m[90m TS2339: 
[0mProperty 'giftCards' does not exist on type '{ readonly schema: 
RelationalQueryBuilder<ExtractTablesWithRelations<typeof import("@paysurity/database")>, { tsName: "schema"; dbName: 
any; columns: any; relations: Record<string, Relation<string>>; primaryKey: AnyColumn[]; }>; ... 16 more ...; readonly 
wallet_transactions: RelationalQueryBuilder<...>; }'.

[7m57[0m     const existingCard = await this.db.query.giftCards.findFirst({
[7m  [0m [91m                                             ~~~~~~~~~[0m
[96msrc/modules/gift-cards/gift-cards.service.ts[0m:[93m58[0m:[93m28[0m - [91merror[0m[90m TS2339: 
[0mProperty 'giftCards' does not exist on type 'typeof import("@paysurity/database")'.

[7m58[0m       where: and(eq(schema.giftCards.tenantId, tenantId), eq(schema.giftCards.code, code)),
[7m  [0m [91m                           ~~~~~~~~~[0m
[96msrc/modules/gift-cards/gift-cards.service.ts[0m:[93m58[0m:[93m69[0m - [91merror[0m[90m TS2339: 
[0mProperty 'giftCards' does not exist on type 'typeof import("@paysurity/database")'.

[7m58[0m       where: and(eq(schema.giftCards.tenantId, tenantId), eq(schema.giftCards.code, code)),
[7m  [0m [91m                                                                    ~~~~~~~~~[0m
[96msrc/modules/gift-cards/gift-cards.service.ts[0m:[93m65[0m:[93m51[0m - [91merror[0m[90m TS2339: 
[0mProperty 'giftCards' does not exist on type 'typeof import("@paysurity/database")'.

[7m65[0m     const [newCard] = await this.db.insert(schema.giftCards).values({
[7m  [0m [91m                                                  ~~~~~~~~~[0m
[96msrc/modules/gift-cards/gift-cards.service.ts[0m:[93m84[0m:[93m32[0m - [91merror[0m[90m TS2339: 
[0mProperty 'log' does not exist on type 'AuditLogService'.

[7m84[0m     await this.auditLogService.log({
[7m  [0m [91m                               ~~~[0m
[96msrc/modules/gift-cards/gift-cards.service.ts[0m:[93m101[0m:[93m43[0m - [91merror[0m[90m TS2339: 
[0mProperty 'giftCards' does not exist on type '{ readonly schema: 
RelationalQueryBuilder<ExtractTablesWithRelations<typeof import("@paysurity/database")>, { tsName: "schema"; dbName: 
any; columns: any; relations: Record<string, Relation<string>>; primaryKey: AnyColumn[]; }>; ... 16 more ...; readonly 
wallet_transactions: RelationalQueryBuilder<...>; }'.

[7m101[0m     const giftCards = await this.db.query.giftCards.findMany({
[7m   [0m [91m                                          ~~~~~~~~~[0m
[96msrc/modules/gift-cards/gift-cards.service.ts[0m:[93m102[0m:[93m24[0m - [91merror[0m[90m TS2339: 
[0mProperty 'giftCards' does not exist on type 'typeof import("@paysurity/database")'.

[7m102[0m       where: eq(schema.giftCards.tenantId, tenantId),
[7m   [0m [91m                       ~~~~~~~~~[0m
[96msrc/modules/gift-cards/gift-cards.service.ts[0m:[93m115[0m:[93m42[0m - [91merror[0m[90m TS2339: 
[0mProperty 'giftCards' does not exist on type '{ readonly schema: 
RelationalQueryBuilder<ExtractTablesWithRelations<typeof import("@paysurity/database")>, { tsName: "schema"; dbName: 
any; columns: any; relations: Record<string, Relation<string>>; primaryKey: AnyColumn[]; }>; ... 16 more ...; readonly 
wallet_transactions: RelationalQueryBuilder<...>; }'.

[7m115[0m     const giftCard = await this.db.query.giftCards.findFirst({
[7m   [0m [91m                                         ~~~~~~~~~[0m
[96msrc/modules/gift-cards/gift-cards.service.ts[0m:[93m116[0m:[93m28[0m - [91merror[0m[90m TS2339: 
[0mProperty 'giftCards' does not exist on type 'typeof import("@paysurity/database")'.

[7m116[0m       where: and(eq(schema.giftCards.tenantId, tenantId), eq(schema.giftCards.id, id)),
[7m   [0m [91m                           ~~~~~~~~~[0m
[96msrc/modules/gift-cards/gift-cards.service.ts[0m:[93m116[0m:[93m69[0m - [91merror[0m[90m TS2339: 
[0mProperty 'giftCards' does not exist on type 'typeof import("@paysurity/database")'.

[7m116[0m       where: and(eq(schema.giftCards.tenantId, tenantId), eq(schema.giftCards.id, id)),
[7m   [0m [91m                                                                    ~~~~~~~~~[0m
[96msrc/modules/gift-cards/gift-cards.service.ts[0m:[93m133[0m:[93m42[0m - [91merror[0m[90m TS2339: 
[0mProperty 'giftCards' does not exist on type '{ readonly schema: 
RelationalQueryBuilder<ExtractTablesWithRelations<typeof import("@paysurity/database")>, { tsName: "schema"; dbName: 
any; columns: any; relations: Record<string, Relation<string>>; primaryKey: AnyColumn[]; }>; ... 16 more ...; readonly 
wallet_transactions: RelationalQueryBuilder<...>; }'.

[7m133[0m     const giftCard = await this.db.query.giftCards.findFirst({
[7m   [0m [91m                                         ~~~~~~~~~[0m
[96msrc/modules/gift-cards/gift-cards.service.ts[0m:[93m134[0m:[93m28[0m - [91merror[0m[90m TS2339: 
[0mProperty 'giftCards' does not exist on type 'typeof import("@paysurity/database")'.

[7m134[0m       where: and(eq(schema.giftCards.tenantId, tenantId), eq(schema.giftCards.code, code)),
[7m   [0m [91m                           ~~~~~~~~~[0m
[96msrc/modules/gift-cards/gift-cards.service.ts[0m:[93m134[0m:[93m69[0m - [91merror[0m[90m TS2339: 
[0mProperty 'giftCards' does not exist on type 'typeof import("@paysurity/database")'.

[7m134[0m       where: and(eq(schema.giftCards.tenantId, tenantId), eq(schema.giftCards.code, code)),
[7m   [0m [91m                                                                    ~~~~~~~~~[0m
[96msrc/modules/gift-cards/gift-cards.service.ts[0m:[93m152[0m:[93m46[0m - [91merror[0m[90m TS2339: 
[0mProperty 'giftCards' does not exist on type '{ readonly schema: 
RelationalQueryBuilder<ExtractTablesWithRelations<typeof import("@paysurity/database")>, { tsName: "schema"; dbName: 
any; columns: any; relations: Record<string, Relation<string>>; primaryKey: AnyColumn[]; }>; ... 16 more ...; readonly 
wallet_transactions: RelationalQueryBuilder<...>; }'.

[7m152[0m     const existingCard = await this.db.query.giftCards.findFirst({
[7m   [0m [91m                                             ~~~~~~~~~[0m
[96msrc/modules/gift-cards/gift-cards.service.ts[0m:[93m153[0m:[93m28[0m - [91merror[0m[90m TS2339: 
[0mProperty 'giftCards' does not exist on type 'typeof import("@paysurity/database")'.

[7m153[0m       where: and(eq(schema.giftCards.tenantId, tenantId), eq(schema.giftCards.id, id)),
[7m   [0m [91m                           ~~~~~~~~~[0m
[96msrc/modules/gift-cards/gift-cards.service.ts[0m:[93m153[0m:[93m69[0m - [91merror[0m[90m TS2339: 
[0mProperty 'giftCards' does not exist on type 'typeof import("@paysurity/database")'.

[7m153[0m       where: and(eq(schema.giftCards.tenantId, tenantId), eq(schema.giftCards.id, id)),
[7m   [0m [91m                                                                    ~~~~~~~~~[0m
[96msrc/modules/gift-cards/gift-cards.service.ts[0m:[93m160[0m:[93m45[0m - [91merror[0m[90m TS2339: 
[0mProperty 'giftCards' does not exist on type 'typeof import("@paysurity/database")'.

[7m160[0m     const updateData: Partial<typeof schema.giftCards.$inferInsert> = {
[7m   [0m [91m                                            ~~~~~~~~~[0m
[96msrc/modules/gift-cards/gift-cards.service.ts[0m:[93m164[0m:[93m27[0m - [91merror[0m[90m TS2339: 
[0mProperty 'expiryDate' does not exist on type 'UpdateGiftCardDto'.

[7m164[0m     if (updateGiftCardDto.expiryDate !== undefined) {
[7m   [0m [91m                          ~~~~~~~~~~[0m
[96msrc/modules/gift-cards/gift-cards.service.ts[0m:[93m165[0m:[93m49[0m - [91merror[0m[90m TS2339: 
[0mProperty 'expiryDate' does not exist on type 'UpdateGiftCardDto'.

[7m165[0m       updateData.expiryDate = updateGiftCardDto.expiryDate ? new Date(updateGiftCardDto.expiryDate) : null;
[7m   [0m [91m                                                ~~~~~~~~~~[0m
[96msrc/modules/gift-cards/gift-cards.service.ts[0m:[93m165[0m:[93m89[0m - [91merror[0m[90m TS2339: 
[0mProperty 'expiryDate' does not exist on type 'UpdateGiftCardDto'.

[7m165[0m       updateData.expiryDate = updateGiftCardDto.expiryDate ? new Date(updateGiftCardDto.expiryDate) : null;
[7m   [0m [91m                                                                                        ~~~~~~~~~~[0m
[96msrc/modules/gift-cards/gift-cards.service.ts[0m:[93m170[0m:[93m27[0m - [91merror[0m[90m TS2339: 
[0mProperty 'currency' does not exist on type 'UpdateGiftCardDto'.

[7m170[0m     if (updateGiftCardDto.currency !== undefined) {
[7m   [0m [91m                          ~~~~~~~~[0m
[96msrc/modules/gift-cards/gift-cards.service.ts[0m:[93m171[0m:[93m47[0m - [91merror[0m[90m TS2339: 
[0mProperty 'currency' does not exist on type 'UpdateGiftCardDto'.

[7m171[0m       updateData.currency = updateGiftCardDto.currency;
[7m   [0m [91m                                              ~~~~~~~~[0m
[96msrc/modules/gift-cards/gift-cards.service.ts[0m:[93m173[0m:[93m27[0m - [91merror[0m[90m TS2339: 
[0mProperty 'issuedByUserId' does not exist on type 'UpdateGiftCardDto'.

[7m173[0m     if (updateGiftCardDto.issuedByUserId !== undefined) {
[7m   [0m [91m                          ~~~~~~~~~~~~~~[0m
[96msrc/modules/gift-cards/gift-cards.service.ts[0m:[93m174[0m:[93m55[0m - [91merror[0m[90m TS2339: 
[0mProperty 'issuedByUserId' does not exist on type 'UpdateGiftCardDto'.

[7m174[0m         updateData.issuedByUserId = updateGiftCardDto.issuedByUserId;
[7m   [0m [91m                                                      ~~~~~~~~~~~~~~[0m
[96msrc/modules/gift-cards/gift-cards.service.ts[0m:[93m176[0m:[93m27[0m - [91merror[0m[90m TS2339: 
[0mProperty 'issuedToCustomerAccountId' does not exist on type 'UpdateGiftCardDto'.

[7m176[0m     if (updateGiftCardDto.issuedToCustomerAccountId !== undefined) {
[7m   [0m [91m                          ~~~~~~~~~~~~~~~~~~~~~~~~~[0m
[96msrc/modules/gift-cards/gift-cards.service.ts[0m:[93m177[0m:[93m66[0m - [91merror[0m[90m TS2339: 
[0mProperty 'issuedToCustomerAccountId' does not exist on type 'UpdateGiftCardDto'.

[7m177[0m         updateData.issuedToCustomerAccountId = updateGiftCardDto.issuedToCustomerAccountId;
[7m   [0m [91m                                                                 ~~~~~~~~~~~~~~~~~~~~~~~~~[0m
[96msrc/modules/gift-cards/gift-cards.service.ts[0m:[93m180[0m:[93m55[0m - [91merror[0m[90m TS2339: 
[0mProperty 'giftCards' does not exist on type 'typeof import("@paysurity/database")'.

[7m180[0m     const [updatedCard] = await this.db.update(schema.giftCards)
[7m   [0m [91m                                                      ~~~~~~~~~[0m
[96msrc/modules/gift-cards/gift-cards.service.ts[0m:[93m182[0m:[93m28[0m - [91merror[0m[90m TS2339: 
[0mProperty 'giftCards' does not exist on type 'typeof import("@paysurity/database")'.

[7m182[0m       .where(and(eq(schema.giftCards.tenantId, tenantId), eq(schema.giftCards.id, id)))
[7m   [0m [91m                           ~~~~~~~~~[0m
[96msrc/modules/gift-cards/gift-cards.service.ts[0m:[93m182[0m:[93m69[0m - [91merror[0m[90m TS2339: 
[0mProperty 'giftCards' does not exist on type 'typeof import("@paysurity/database")'.

[7m182[0m       .where(and(eq(schema.giftCards.tenantId, tenantId), eq(schema.giftCards.id, id)))
[7m   [0m [91m                                                                    ~~~~~~~~~[0m
[96msrc/modules/gift-cards/gift-cards.service.ts[0m:[93m189[0m:[93m32[0m - [91merror[0m[90m TS2339: 
[0mProperty 'log' does not exist on type 'AuditLogService'.

[7m189[0m     await this.auditLogService.log({
[7m   [0m [91m                               ~~~[0m
[96msrc/modules/gift-cards/gift-cards.service.ts[0m:[93m209[0m:[93m46[0m - [91merror[0m[90m TS2339: 
[0mProperty 'giftCards' does not exist on type '{ readonly schema: 
RelationalQueryBuilder<ExtractTablesWithRelations<typeof import("@paysurity/database")>, { tsName: "schema"; dbName: 
any; columns: any; relations: Record<string, Relation<string>>; primaryKey: AnyColumn[]; }>; ... 16 more ...; readonly 
wallet_transactions: RelationalQueryBuilder<...>; }'.

[7m209[0m     const existingCard = await this.db.query.giftCards.findFirst({
[7m   [0m [91m                                             ~~~~~~~~~[0m
[96msrc/modules/gift-cards/gift-cards.service.ts[0m:[93m210[0m:[93m28[0m - [91merror[0m[90m TS2339: 
[0mProperty 'giftCards' does not exist on type 'typeof import("@paysurity/database")'.

[7m210[0m       where: and(eq(schema.giftCards.tenantId, tenantId), eq(schema.giftCards.id, id)),
[7m   [0m [91m                           ~~~~~~~~~[0m
[96msrc/modules/gift-cards/gift-cards.service.ts[0m:[93m210[0m:[93m69[0m - [91merror[0m[90m TS2339: 
[0mProperty 'giftCards' does not exist on type 'typeof import("@paysurity/database")'.

[7m210[0m       where: and(eq(schema.giftCards.tenantId, tenantId), eq(schema.giftCards.id, id)),
[7m   [0m [91m                                                                    ~~~~~~~~~[0m
[96msrc/modules/gift-cards/gift-cards.service.ts[0m:[93m225[0m:[93m55[0m - [91merror[0m[90m TS2339: 
[0mProperty 'giftCards' does not exist on type 'typeof import("@paysurity/database")'.

[7m225[0m     const [updatedCard] = await this.db.update(schema.giftCards)
[7m   [0m [91m                                                      ~~~~~~~~~[0m
[96msrc/modules/gift-cards/gift-cards.service.ts[0m:[93m231[0m:[93m28[0m - [91merror[0m[90m TS2339: 
[0mProperty 'giftCards' does not exist on type 'typeof import("@paysurity/database")'.

[7m231[0m       .where(and(eq(schema.giftCards.tenantId, tenantId), eq(schema.giftCards.id, id)))
[7m   [0m [91m                           ~~~~~~~~~[0m
[96msrc/modules/gift-cards/gift-cards.service.ts[0m:[93m231[0m:[93m69[0m - [91merror[0m[90m TS2339: 
[0mProperty 'giftCards' does not exist on type 'typeof import("@paysurity/database")'.

[7m231[0m       .where(and(eq(schema.giftCards.tenantId, tenantId), eq(schema.giftCards.id, id)))
[7m   [0m [91m                                                                    ~~~~~~~~~[0m
[96msrc/modules/gift-cards/gift-cards.service.ts[0m:[93m238[0m:[93m32[0m - [91merror[0m[90m TS2339: 
[0mProperty 'log' does not exist on type 'AuditLogService'.

[7m238[0m     await this.auditLogService.log({
[7m   [0m [91m                               ~~~[0m
[96msrc/modules/gift-cards/gift-cards.service.ts[0m:[93m258[0m:[93m46[0m - [91merror[0m[90m TS2339: 
[0mProperty 'giftCards' does not exist on type '{ readonly schema: 
RelationalQueryBuilder<ExtractTablesWithRelations<typeof import("@paysurity/database")>, { tsName: "schema"; dbName: 
any; columns: any; relations: Record<string, Relation<string>>; primaryKey: AnyColumn[]; }>; ... 16 more ...; readonly 
wallet_transactions: RelationalQueryBuilder<...>; }'.

[7m258[0m     const existingCard = await this.db.query.giftCards.findFirst({
[7m   [0m [91m                                             ~~~~~~~~~[0m
[96msrc/modules/gift-cards/gift-cards.service.ts[0m:[93m259[0m:[93m28[0m - [91merror[0m[90m TS2339: 
[0mProperty 'giftCards' does not exist on type 'typeof import("@paysurity/database")'.

[7m259[0m       where: and(eq(schema.giftCards.tenantId, tenantId), eq(schema.giftCards.id, id)),
[7m   [0m [91m                           ~~~~~~~~~[0m
[96msrc/modules/gift-cards/gift-cards.service.ts[0m:[93m259[0m:[93m69[0m - [91merror[0m[90m TS2339: 
[0mProperty 'giftCards' does not exist on type 'typeof import("@paysurity/database")'.

[7m259[0m       where: and(eq(schema.giftCards.tenantId, tenantId), eq(schema.giftCards.id, id)),
[7m   [0m [91m                                                                    ~~~~~~~~~[0m
[96msrc/modules/gift-cards/gift-cards.service.ts[0m:[93m270[0m:[93m55[0m - [91merror[0m[90m TS2339: 
[0mProperty 'giftCards' does not exist on type 'typeof import("@paysurity/database")'.

[7m270[0m     const [updatedCard] = await this.db.update(schema.giftCards)
[7m   [0m [91m                                                      ~~~~~~~~~[0m
[96msrc/modules/gift-cards/gift-cards.service.ts[0m:[93m275[0m:[93m28[0m - [91merror[0m[90m TS2339: 
[0mProperty 'giftCards' does not exist on type 'typeof import("@paysurity/database")'.

[7m275[0m       .where(and(eq(schema.giftCards.tenantId, tenantId), eq(schema.giftCards.id, id)))
[7m   [0m [91m                           ~~~~~~~~~[0m
[96msrc/modules/gift-cards/gift-cards.service.ts[0m:[93m275[0m:[93m69[0m - [91merror[0m[90m TS2339: 
[0mProperty 'giftCards' does not exist on type 'typeof import("@paysurity/database")'.

[7m275[0m       .where(and(eq(schema.giftCards.tenantId, tenantId), eq(schema.giftCards.id, id)))
[7m   [0m [91m                                                                    ~~~~~~~~~[0m
[96msrc/modules/gift-cards/gift-cards.service.ts[0m:[93m282[0m:[93m32[0m - [91merror[0m[90m TS2339: 
[0mProperty 'log' does not exist on type 'AuditLogService'.

[7m282[0m     await this.auditLogService.log({
[7m   [0m [91m                               ~~~[0m
[96msrc/modules/gift-cards/gift-cards.service.ts[0m:[93m306[0m:[93m43[0m - [91merror[0m[90m TS2339: 
[0mProperty 'giftCards' does not exist on type '{ readonly schema: 
RelationalQueryBuilder<ExtractTablesWithRelations<typeof import("@paysurity/database")>, { tsName: "schema"; dbName: 
any; columns: any; relations: Record<string, Relation<string>>; primaryKey: AnyColumn[]; }>; ... 16 more ...; readonly 
wallet_transactions: RelationalQueryBuilder<...>; }'.

[7m306[0m       const existingCard = await tx.query.giftCards.findFirst({
[7m   [0m [91m                                          ~~~~~~~~~[0m
[96msrc/modules/gift-cards/gift-cards.service.ts[0m:[93m307[0m:[93m30[0m - [91merror[0m[90m TS2339: 
[0mProperty 'giftCards' does not exist on type 'typeof import("@paysurity/database")'.

[7m307[0m         where: and(eq(schema.giftCards.tenantId, tenantId), eq(schema.giftCards.id, id)),
[7m   [0m [91m                             ~~~~~~~~~[0m
[96msrc/modules/gift-cards/gift-cards.service.ts[0m:[93m307[0m:[93m71[0m - [91merror[0m[90m TS2339: 
[0mProperty 'giftCards' does not exist on type 'typeof import("@paysurity/database")'.

[7m307[0m         where: and(eq(schema.giftCards.tenantId, tenantId), eq(schema.giftCards.id, id)),
[7m   [0m [91m                                                                      ~~~~~~~~~[0m
[96msrc/modules/gift-cards/gift-cards.service.ts[0m:[93m322[0m:[93m34[0m - [91merror[0m[90m TS2339: 
[0mProperty 'giftCards' does not exist on type 'typeof import("@paysurity/database")'.

[7m322[0m           await tx.update(schema.giftCards).set({ status: 'expired', updatedAt: new Date() 
}).where(eq(schema.giftCards.id, id));
[7m   [0m [91m                                 ~~~~~~~~~[0m
[96msrc/modules/gift-cards/gift-cards.service.ts[0m:[93m322[0m:[93m111[0m - [91merror[0m[90m TS2339: 
[0mProperty 'giftCards' does not exist on type 'typeof import("@paysurity/database")'.

[7m322[0m           await tx.update(schema.giftCards).set({ status: 'expired', updatedAt: new Date() 
}).where(eq(schema.giftCards.id, id));
[7m   [0m [91m                                                                                                      
        ~~~~~~~~~[0m
[96msrc/modules/gift-cards/gift-cards.service.ts[0m:[93m335[0m:[93m52[0m - [91merror[0m[90m TS2339: 
[0mProperty 'giftCards' does not exist on type 'typeof import("@paysurity/database")'.

[7m335[0m       const [updatedCard] = await tx.update(schema.giftCards)
[7m   [0m [91m                                                   ~~~~~~~~~[0m
[96msrc/modules/gift-cards/gift-cards.service.ts[0m:[93m341[0m:[93m30[0m - [91merror[0m[90m TS2339: 
[0mProperty 'giftCards' does not exist on type 'typeof import("@paysurity/database")'.

[7m341[0m         .where(and(eq(schema.giftCards.tenantId, tenantId), eq(schema.giftCards.id, id)))
[7m   [0m [91m                             ~~~~~~~~~[0m
[96msrc/modules/gift-cards/gift-cards.service.ts[0m:[93m341[0m:[93m71[0m - [91merror[0m[90m TS2339: 
[0mProperty 'giftCards' does not exist on type 'typeof import("@paysurity/database")'.

[7m341[0m         .where(and(eq(schema.giftCards.tenantId, tenantId), eq(schema.giftCards.id, id)))
[7m   [0m [91m                                                                      ~~~~~~~~~[0m
[96msrc/modules/gift-cards/gift-cards.service.ts[0m:[93m348[0m:[93m34[0m - [91merror[0m[90m TS2339: 
[0mProperty 'log' does not exist on type 'AuditLogService'.

[7m348[0m       await this.auditLogService.log({
[7m   [0m [91m                                 ~~~[0m
[96msrc/modules/gift-cards/gift-cards.service.ts[0m:[93m374[0m:[93m43[0m - [91merror[0m[90m TS2339: 
[0mProperty 'giftCards' does not exist on type '{ readonly schema: 
RelationalQueryBuilder<ExtractTablesWithRelations<typeof import("@paysurity/database")>, { tsName: "schema"; dbName: 
any; columns: any; relations: Record<string, Relation<string>>; primaryKey: AnyColumn[]; }>; ... 16 more ...; readonly 
wallet_transactions: RelationalQueryBuilder<...>; }'.

[7m374[0m       const existingCard = await tx.query.giftCards.findFirst({
[7m   [0m [91m                                          ~~~~~~~~~[0m
[96msrc/modules/gift-cards/gift-cards.service.ts[0m:[93m375[0m:[93m30[0m - [91merror[0m[90m TS2339: 
[0mProperty 'giftCards' does not exist on type 'typeof import("@paysurity/database")'.

[7m375[0m         where: and(eq(schema.giftCards.tenantId, tenantId), eq(schema.giftCards.id, id)),
[7m   [0m [91m                             ~~~~~~~~~[0m
[96msrc/modules/gift-cards/gift-cards.service.ts[0m:[93m375[0m:[93m71[0m - [91merror[0m[90m TS2339: 
[0mProperty 'giftCards' does not exist on type 'typeof import("@paysurity/database")'.

[7m375[0m         where: and(eq(schema.giftCards.tenantId, tenantId), eq(schema.giftCards.id, id)),
[7m   [0m [91m                                                                      ~~~~~~~~~[0m
[96msrc/modules/gift-cards/gift-cards.service.ts[0m:[93m390[0m:[93m52[0m - [91merror[0m[90m TS2339: 
[0mProperty 'giftCards' does not exist on type 'typeof import("@paysurity/database")'.

[7m390[0m       const [updatedCard] = await tx.update(schema.giftCards)
[7m   [0m [91m                                                   ~~~~~~~~~[0m
[96msrc/modules/gift-cards/gift-cards.service.ts[0m:[93m396[0m:[93m30[0m - [91merror[0m[90m TS2339: 
[0mProperty 'giftCards' does not exist on type 'typeof import("@paysurity/database")'.

[7m396[0m         .where(and(eq(schema.giftCards.tenantId, tenantId), eq(schema.giftCards.id, id)))
[7m   [0m [91m                             ~~~~~~~~~[0m
[96msrc/modules/gift-cards/gift-cards.service.ts[0m:[93m396[0m:[93m71[0m - [91merror[0m[90m TS2339: 
[0mProperty 'giftCards' does not exist on type 'typeof import("@paysurity/database")'.

[7m396[0m         .where(and(eq(schema.giftCards.tenantId, tenantId), eq(schema.giftCards.id, id)))
[7m   [0m [91m                                                                      ~~~~~~~~~[0m
[96msrc/modules/gift-cards/gift-cards.service.ts[0m:[93m403[0m:[93m34[0m - [91merror[0m[90m TS2339: 
[0mProperty 'log' does not exist on type 'AuditLogService'.

[7m403[0m       await this.auditLogService.log({
[7m   [0m [91m                                 ~~~[0m
[96msrc/modules/gift-cards/gift-cards.service.ts[0m:[93m428[0m:[93m46[0m - [91merror[0m[90m TS2339: 
[0mProperty 'giftCards' does not exist on type '{ readonly schema: 
RelationalQueryBuilder<ExtractTablesWithRelations<typeof import("@paysurity/database")>, { tsName: "schema"; dbName: 
any; columns: any; relations: Record<string, Relation<string>>; primaryKey: AnyColumn[]; }>; ... 16 more ...; readonly 
wallet_transactions: RelationalQueryBuilder<...>; }'.

[7m428[0m     const existingCard = await this.db.query.giftCards.findFirst({
[7m   [0m [91m                                             ~~~~~~~~~[0m
[96msrc/modules/gift-cards/gift-cards.service.ts[0m:[93m429[0m:[93m30[0m - [91merror[0m[90m TS2339: 
[0mProperty 'giftCards' does not exist on type 'typeof import("@paysurity/database")'.

[7m429[0m         where: and(eq(schema.giftCards.tenantId, tenantId), eq(schema.giftCards.id, id)),
[7m   [0m [91m                             ~~~~~~~~~[0m
[96msrc/modules/gift-cards/gift-cards.service.ts[0m:[93m429[0m:[93m71[0m - [91merror[0m[90m TS2339: 
[0mProperty 'giftCards' does not exist on type 'typeof import("@paysurity/database")'.

[7m429[0m         where: and(eq(schema.giftCards.tenantId, tenantId), eq(schema.giftCards.id, id)),
[7m   [0m [91m                                                                      ~~~~~~~~~[0m
[96msrc/modules/gift-cards/gift-cards.service.ts[0m:[93m443[0m:[93m48[0m - [91merror[0m[90m TS2339: 
[0mProperty 'giftCards' does not exist on type 'typeof import("@paysurity/database")'.

[7m443[0m     const result = await this.db.delete(schema.giftCards)
[7m   [0m [91m                                               ~~~~~~~~~[0m
[96msrc/modules/gift-cards/gift-cards.service.ts[0m:[93m445[0m:[93m19[0m - [91merror[0m[90m TS2339: 
[0mProperty 'giftCards' does not exist on type 'typeof import("@paysurity/database")'.

[7m445[0m         eq(schema.giftCards.tenantId, tenantId),
[7m   [0m [91m                  ~~~~~~~~~[0m
[96msrc/modules/gift-cards/gift-cards.service.ts[0m:[93m446[0m:[93m19[0m - [91merror[0m[90m TS2339: 
[0mProperty 'giftCards' does not exist on type 'typeof import("@paysurity/database")'.

[7m446[0m         eq(schema.giftCards.id, id),
[7m   [0m [91m                  ~~~~~~~~~[0m
[96msrc/modules/gift-cards/gift-cards.service.ts[0m:[93m453[0m:[93m46[0m - [91merror[0m[90m TS2339: 
[0mProperty 'giftCards' does not exist on type '{ readonly schema: 
RelationalQueryBuilder<ExtractTablesWithRelations<typeof import("@paysurity/database")>, { tsName: "schema"; dbName: 
any; columns: any; relations: Record<string, Relation<string>>; primaryKey: AnyColumn[]; }>; ... 16 more ...; readonly 
wallet_transactions: RelationalQueryBuilder<...>; }'.

[7m453[0m     const checkDeleted = await this.db.query.giftCards.findFirst({
[7m   [0m [91m                                             ~~~~~~~~~[0m
[96msrc/modules/gift-cards/gift-cards.service.ts[0m:[93m454[0m:[93m30[0m - [91merror[0m[90m TS2339: 
[0mProperty 'giftCards' does not exist on type 'typeof import("@paysurity/database")'.

[7m454[0m         where: and(eq(schema.giftCards.tenantId, tenantId), eq(schema.giftCards.id, id)),
[7m   [0m [91m                             ~~~~~~~~~[0m
[96msrc/modules/gift-cards/gift-cards.service.ts[0m:[93m454[0m:[93m71[0m - [91merror[0m[90m TS2339: 
[0mProperty 'giftCards' does not exist on type 'typeof import("@paysurity/database")'.

[7m454[0m         where: and(eq(schema.giftCards.tenantId, tenantId), eq(schema.giftCards.id, id)),
[7m   [0m [91m                                                                      ~~~~~~~~~[0m
[96msrc/modules/gift-cards/gift-cards.service.ts[0m:[93m461[0m:[93m32[0m - [91merror[0m[90m TS2339: 
[0mProperty 'log' does not exist on type 'AuditLogService'.

[7m461[0m     await this.auditLogService.log({
[7m   [0m [91m                               ~~~[0m
[96msrc/modules/gift-cards/gift-cards.service.ts[0m:[93m475[0m:[93m52[0m - [91merror[0m[90m TS2339: 
[0mProperty 'giftCards' does not exist on type 'typeof import("@paysurity/database")'.

[7m475[0m   private mapToResponseDto(giftCard: typeof schema.giftCards.$inferSelect): GiftCardResponseDto {
[7m   [0m [91m                                                   ~~~~~~~~~[0m
[96msrc/modules/gift-cards/gift-cards.service.ts[0m:[93m478[0m:[93m7[0m - [91merror[0m[90m TS2353: [0mObject 
literal may only specify known properties, and 'tenantId' does not exist in type 'GiftCardResponseDto'.

[7m478[0m       tenantId: giftCard.tenantId,
[7m   [0m [91m      ~~~~~~~~[0m
[96msrc/modules/gift-cards/gift-cards.spec.ts[0m:[93m149[0m:[93m30[0m - [91merror[0m[90m TS2349: [0mThis 
expression is not callable.
  Type '{ default: SuperTestStatic; Test: typeof Test; agent: typeof TestAgent & ((app?: App, options?: AgentOptions) 
=> TestAgent<Test>); }' has no call signatures.

[7m149[0m       const response = await request(app.getHttpServer())
[7m   [0m [91m                             ~~~~~~~[0m

  [96msrc/modules/gift-cards/gift-cards.spec.ts[0m:[93m16[0m:[93m1[0m
    [7m16[0m import * as request from 'supertest';
    [7m  [0m [96m~~~~~~~~~~~~~~~~~~~~~~~~~~~~~~~~~~~~~[0m
    Type originates at this import. A namespace-style import cannot be called or constructed, and will cause a failure 
at runtime. Consider using a default import or import require here instead.
[96msrc/modules/gift-cards/gift-cards.spec.ts[0m:[93m175[0m:[93m30[0m - [91merror[0m[90m TS2349: [0mThis 
expression is not callable.
  Type '{ default: SuperTestStatic; Test: typeof Test; agent: typeof TestAgent & ((app?: App, options?: AgentOptions) 
=> TestAgent<Test>); }' has no call signatures.

[7m175[0m       const response = await request(app.getHttpServer())
[7m   [0m [91m                             ~~~~~~~[0m

  [96msrc/modules/gift-cards/gift-cards.spec.ts[0m:[93m16[0m:[93m1[0m
    [7m16[0m import * as request from 'supertest';
    [7m  [0m [96m~~~~~~~~~~~~~~~~~~~~~~~~~~~~~~~~~~~~~[0m
    Type originates at this import. A namespace-style import cannot be called or constructed, and will cause a failure 
at runtime. Consider using a default import or import require here instead.
[96msrc/modules/gift-cards/gift-cards.spec.ts[0m:[93m195[0m:[93m13[0m - [91merror[0m[90m TS2349: [0mThis 
expression is not callable.
  Type '{ default: SuperTestStatic; Test: typeof Test; agent: typeof TestAgent & ((app?: App, options?: AgentOptions) 
=> TestAgent<Test>); }' has no call signatures.

[7m195[0m       await request(app.getHttpServer())
[7m   [0m [91m            ~~~~~~~[0m

  [96msrc/modules/gift-cards/gift-cards.spec.ts[0m:[93m16[0m:[93m1[0m
    [7m16[0m import * as request from 'supertest';
    [7m  [0m [96m~~~~~~~~~~~~~~~~~~~~~~~~~~~~~~~~~~~~~[0m
    Type originates at this import. A namespace-style import cannot be called or constructed, and will cause a failure 
at runtime. Consider using a default import or import require here instead.
[96msrc/modules/gift-cards/gift-cards.spec.ts[0m:[93m213[0m:[93m30[0m - [91merror[0m[90m TS2349: [0mThis 
expression is not callable.
  Type '{ default: SuperTestStatic; Test: typeof Test; agent: typeof TestAgent & ((app?: App, options?: AgentOptions) 
=> TestAgent<Test>); }' has no call signatures.

[7m213[0m       const response = await request(app.getHttpServer())
[7m   [0m [91m                             ~~~~~~~[0m

  [96msrc/modules/gift-cards/gift-cards.spec.ts[0m:[93m16[0m:[93m1[0m
    [7m16[0m import * as request from 'supertest';
    [7m  [0m [96m~~~~~~~~~~~~~~~~~~~~~~~~~~~~~~~~~~~~~[0m
    Type originates at this import. A namespace-style import cannot be called or constructed, and will cause a failure 
at runtime. Consider using a default import or import require here instead.
[96msrc/modules/gift-cards/gift-cards.spec.ts[0m:[93m223[0m:[93m30[0m - [91merror[0m[90m TS2349: [0mThis 
expression is not callable.
  Type '{ default: SuperTestStatic; Test: typeof Test; agent: typeof TestAgent & ((app?: App, options?: AgentOptions) 
=> TestAgent<Test>); }' has no call signatures.

[7m223[0m       const response = await request(app.getHttpServer())
[7m   [0m [91m                             ~~~~~~~[0m

  [96msrc/modules/gift-cards/gift-cards.spec.ts[0m:[93m16[0m:[93m1[0m
    [7m16[0m import * as request from 'supertest';
    [7m  [0m [96m~~~~~~~~~~~~~~~~~~~~~~~~~~~~~~~~~~~~~[0m
    Type originates at this import. A namespace-style import cannot be called or constructed, and will cause a failure 
at runtime. Consider using a default import or import require here instead.
[96msrc/modules/gift-cards/gift-cards.spec.ts[0m:[93m233[0m:[93m13[0m - [91merror[0m[90m TS2349: [0mThis 
expression is not callable.
  Type '{ default: SuperTestStatic; Test: typeof Test; agent: typeof TestAgent & ((app?: App, options?: AgentOptions) 
=> TestAgent<Test>); }' has no call signatures.

[7m233[0m       await request(app.getHttpServer())
[7m   [0m [91m            ~~~~~~~[0m

  [96msrc/modules/gift-cards/gift-cards.spec.ts[0m:[93m16[0m:[93m1[0m
    [7m16[0m import * as request from 'supertest';
    [7m  [0m [96m~~~~~~~~~~~~~~~~~~~~~~~~~~~~~~~~~~~~~[0m
    Type originates at this import. A namespace-style import cannot be called or constructed, and will cause a failure 
at runtime. Consider using a default import or import require here instead.
[96msrc/modules/gift-cards/gift-cards.spec.ts[0m:[93m240[0m:[93m30[0m - [91merror[0m[90m TS2349: [0mThis 
expression is not callable.
  Type '{ default: SuperTestStatic; Test: typeof Test; agent: typeof TestAgent & ((app?: App, options?: AgentOptions) 
=> TestAgent<Test>); }' has no call signatures.

[7m240[0m       const response = await request(app.getHttpServer())
[7m   [0m [91m                             ~~~~~~~[0m

  [96msrc/modules/gift-cards/gift-cards.spec.ts[0m:[93m16[0m:[93m1[0m
    [7m16[0m import * as request from 'supertest';
    [7m  [0m [96m~~~~~~~~~~~~~~~~~~~~~~~~~~~~~~~~~~~~~[0m
    Type originates at this import. A namespace-style import cannot be called or constructed, and will cause a failure 
at runtime. Consider using a default import or import require here instead.
[96msrc/modules/gift-cards/gift-cards.spec.ts[0m:[93m250[0m:[93m13[0m - [91merror[0m[90m TS2349: [0mThis 
expression is not callable.
  Type '{ default: SuperTestStatic; Test: typeof Test; agent: typeof TestAgent & ((app?: App, options?: AgentOptions) 
=> TestAgent<Test>); }' has no call signatures.

[7m250[0m       await request(app.getHttpServer())
[7m   [0m [91m            ~~~~~~~[0m

  [96msrc/modules/gift-cards/gift-cards.spec.ts[0m:[93m16[0m:[93m1[0m
    [7m16[0m import * as request from 'supertest';
    [7m  [0m [96m~~~~~~~~~~~~~~~~~~~~~~~~~~~~~~~~~~~~~[0m
    Type originates at this import. A namespace-style import cannot be called or constructed, and will cause a failure 
at runtime. Consider using a default import or import require here instead.
[96msrc/modules/gift-cards/gift-cards.spec.ts[0m:[93m270[0m:[93m30[0m - [91merror[0m[90m TS2349: [0mThis 
expression is not callable.
  Type '{ default: SuperTestStatic; Test: typeof Test; agent: typeof TestAgent & ((app?: App, options?: AgentOptions) 
=> TestAgent<Test>); }' has no call signatures.

[7m270[0m       const response = await request(app.getHttpServer())
[7m   [0m [91m                             ~~~~~~~[0m

  [96msrc/modules/gift-cards/gift-cards.spec.ts[0m:[93m16[0m:[93m1[0m
    [7m16[0m import * as request from 'supertest';
    [7m  [0m [96m~~~~~~~~~~~~~~~~~~~~~~~~~~~~~~~~~~~~~[0m
    Type originates at this import. A namespace-style import cannot be called or constructed, and will cause a failure 
at runtime. Consider using a default import or import require here instead.
[96msrc/modules/gift-cards/gift-cards.spec.ts[0m:[93m286[0m:[93m13[0m - [91merror[0m[90m TS2349: [0mThis 
expression is not callable.
  Type '{ default: SuperTestStatic; Test: typeof Test; agent: typeof TestAgent & ((app?: App, options?: AgentOptions) 
=> TestAgent<Test>); }' has no call signatures.

[7m286[0m       await request(app.getHttpServer())
[7m   [0m [91m            ~~~~~~~[0m

  [96msrc/modules/gift-cards/gift-cards.spec.ts[0m:[93m16[0m:[93m1[0m
    [7m16[0m import * as request from 'supertest';
    [7m  [0m [96m~~~~~~~~~~~~~~~~~~~~~~~~~~~~~~~~~~~~~[0m
    Type originates at this import. A namespace-style import cannot be called or constructed, and will cause a failure 
at runtime. Consider using a default import or import require here instead.
[96msrc/modules/gift-cards/gift-cards.spec.ts[0m:[93m301[0m:[93m30[0m - [91merror[0m[90m TS2349: [0mThis 
expression is not callable.
  Type '{ default: SuperTestStatic; Test: typeof Test; agent: typeof TestAgent & ((app?: App, options?: AgentOptions) 
=> TestAgent<Test>); }' has no call signatures.

[7m301[0m       const response = await request(app.getHttpServer())
[7m   [0m [91m                             ~~~~~~~[0m

  [96msrc/modules/gift-cards/gift-cards.spec.ts[0m:[93m16[0m:[93m1[0m
    [7m16[0m import * as request from 'supertest';
    [7m  [0m [96m~~~~~~~~~~~~~~~~~~~~~~~~~~~~~~~~~~~~~[0m
    Type originates at this import. A namespace-style import cannot be called or constructed, and will cause a failure 
at runtime. Consider using a default import or import require here instead.
[96msrc/modules/gift-cards/gift-cards.spec.ts[0m:[93m318[0m:[93m13[0m - [91merror[0m[90m TS2349: [0mThis 
expression is not callable.
  Type '{ default: SuperTestStatic; Test: typeof Test; agent: typeof TestAgent & ((app?: App, options?: AgentOptions) 
=> TestAgent<Test>); }' has no call signatures.

[7m318[0m       await request(app.getHttpServer())
[7m   [0m [91m            ~~~~~~~[0m

  [96msrc/modules/gift-cards/gift-cards.spec.ts[0m:[93m16[0m:[93m1[0m
    [7m16[0m import * as request from 'supertest';
    [7m  [0m [96m~~~~~~~~~~~~~~~~~~~~~~~~~~~~~~~~~~~~~[0m
    Type originates at this import. A namespace-style import cannot be called or constructed, and will cause a failure 
at runtime. Consider using a default import or import require here instead.
[96msrc/modules/gift-cards/gift-cards.spec.ts[0m:[93m334[0m:[93m30[0m - [91merror[0m[90m TS2349: [0mThis 
expression is not callable.
  Type '{ default: SuperTestStatic; Test: typeof Test; agent: typeof TestAgent & ((app?: App, options?: AgentOptions) 
=> TestAgent<Test>); }' has no call signatures.

[7m334[0m       const response = await request(app.getHttpServer())
[7m   [0m [91m                             ~~~~~~~[0m

  [96msrc/modules/gift-cards/gift-cards.spec.ts[0m:[93m16[0m:[93m1[0m
    [7m16[0m import * as request from 'supertest';
    [7m  [0m [96m~~~~~~~~~~~~~~~~~~~~~~~~~~~~~~~~~~~~~[0m
    Type originates at this import. A namespace-style import cannot be called or constructed, and will cause a failure 
at runtime. Consider using a default import or import require here instead.
[96msrc/modules/gift-cards/gift-cards.spec.ts[0m:[93m351[0m:[93m13[0m - [91merror[0m[90m TS2349: [0mThis 
expression is not callable.
  Type '{ default: SuperTestStatic; Test: typeof Test; agent: typeof TestAgent & ((app?: App, options?: AgentOptions) 
=> TestAgent<Test>); }' has no call signatures.

[7m351[0m       await request(app.getHttpServer())
[7m   [0m [91m            ~~~~~~~[0m

  [96msrc/modules/gift-cards/gift-cards.spec.ts[0m:[93m16[0m:[93m1[0m
    [7m16[0m import * as request from 'supertest';
    [7m  [0m [96m~~~~~~~~~~~~~~~~~~~~~~~~~~~~~~~~~~~~~[0m
    Type originates at this import. A namespace-style import cannot be called or constructed, and will cause a failure 
at runtime. Consider using a default import or import require here instead.
[96msrc/modules/gift-cards/gift-cards.spec.ts[0m:[93m368[0m:[93m30[0m - [91merror[0m[90m TS2349: [0mThis 
expression is not callable.
  Type '{ default: SuperTestStatic; Test: typeof Test; agent: typeof TestAgent & ((app?: App, options?: AgentOptions) 
=> TestAgent<Test>); }' has no call signatures.

[7m368[0m       const response = await request(app.getHttpServer())
[7m   [0m [91m                             ~~~~~~~[0m

  [96msrc/modules/gift-cards/gift-cards.spec.ts[0m:[93m16[0m:[93m1[0m
    [7m16[0m import * as request from 'supertest';
    [7m  [0m [96m~~~~~~~~~~~~~~~~~~~~~~~~~~~~~~~~~~~~~[0m
    Type originates at this import. A namespace-style import cannot be called or constructed, and will cause a failure 
at runtime. Consider using a default import or import require here instead.
[96msrc/modules/gift-cards/gift-cards.spec.ts[0m:[93m385[0m:[93m13[0m - [91merror[0m[90m TS2349: [0mThis 
expression is not callable.
  Type '{ default: SuperTestStatic; Test: typeof Test; agent: typeof TestAgent & ((app?: App, options?: AgentOptions) 
=> TestAgent<Test>); }' has no call signatures.

[7m385[0m       await request(app.getHttpServer())
[7m   [0m [91m            ~~~~~~~[0m

  [96msrc/modules/gift-cards/gift-cards.spec.ts[0m:[93m16[0m:[93m1[0m
    [7m16[0m import * as request from 'supertest';
    [7m  [0m [96m~~~~~~~~~~~~~~~~~~~~~~~~~~~~~~~~~~~~~[0m
    Type originates at this import. A namespace-style import cannot be called or constructed, and will cause a failure 
at runtime. Consider using a default import or import require here instead.
[96msrc/modules/gift-cards/gift-cards.spec.ts[0m:[93m396[0m:[93m13[0m - [91merror[0m[90m TS2349: [0mThis 
expression is not callable.
  Type '{ default: SuperTestStatic; Test: typeof Test; agent: typeof TestAgent & ((app?: App, options?: AgentOptions) 
=> TestAgent<Test>); }' has no call signatures.

[7m396[0m       await request(app.getHttpServer())
[7m   [0m [91m            ~~~~~~~[0m

  [96msrc/modules/gift-cards/gift-cards.spec.ts[0m:[93m16[0m:[93m1[0m
    [7m16[0m import * as request from 'supertest';
    [7m  [0m [96m~~~~~~~~~~~~~~~~~~~~~~~~~~~~~~~~~~~~~[0m
    Type originates at this import. A namespace-style import cannot be called or constructed, and will cause a failure 
at runtime. Consider using a default import or import require here instead.
[96msrc/modules/gift-cards/gift-cards.spec.ts[0m:[93m405[0m:[93m30[0m - [91merror[0m[90m TS2349: [0mThis 
expression is not callable.
  Type '{ default: SuperTestStatic; Test: typeof Test; agent: typeof TestAgent & ((app?: App, options?: AgentOptions) 
=> TestAgent<Test>); }' has no call signatures.

[7m405[0m       const response = await request(app.getHttpServer())
[7m   [0m [91m                             ~~~~~~~[0m

  [96msrc/modules/gift-cards/gift-cards.spec.ts[0m:[93m16[0m:[93m1[0m
    [7m16[0m import * as request from 'supertest';
    [7m  [0m [96m~~~~~~~~~~~~~~~~~~~~~~~~~~~~~~~~~~~~~[0m
    Type originates at this import. A namespace-style import cannot be called or constructed, and will cause a failure 
at runtime. Consider using a default import or import require here instead.
[96msrc/modules/gift-cards/gift-cards.spec.ts[0m:[93m420[0m:[93m15[0m - [91merror[0m[90m TS2349: [0mThis 
expression is not callable.
  Type '{ default: SuperTestStatic; Test: typeof Test; agent: typeof TestAgent & ((app?: App, options?: AgentOptions) 
=> TestAgent<Test>); }' has no call signatures.

[7m420[0m         await request(app.getHttpServer())
[7m   [0m [91m              ~~~~~~~[0m

  [96msrc/modules/gift-cards/gift-cards.spec.ts[0m:[93m16[0m:[93m1[0m
    [7m16[0m import * as request from 'supertest';
    [7m  [0m [96m~~~~~~~~~~~~~~~~~~~~~~~~~~~~~~~~~~~~~[0m
    Type originates at this import. A namespace-style import cannot be called or constructed, and will cause a failure 
at runtime. Consider using a default import or import require here instead.
[96msrc/modules/gift-cards/gift-cards.spec.ts[0m:[93m437[0m:[93m30[0m - [91merror[0m[90m TS2349: [0mThis 
expression is not callable.
  Type '{ default: SuperTestStatic; Test: typeof Test; agent: typeof TestAgent & ((app?: App, options?: AgentOptions) 
=> TestAgent<Test>); }' has no call signatures.

[7m437[0m       const response = await request(app.getHttpServer())
[7m   [0m [91m                             ~~~~~~~[0m

  [96msrc/modules/gift-cards/gift-cards.spec.ts[0m:[93m16[0m:[93m1[0m
    [7m16[0m import * as request from 'supertest';
    [7m  [0m [96m~~~~~~~~~~~~~~~~~~~~~~~~~~~~~~~~~~~~~[0m
    Type originates at this import. A namespace-style import cannot be called or constructed, and will cause a failure 
at runtime. Consider using a default import or import require here instead.
[96msrc/modules/gift-cards/gift-cards.spec.ts[0m:[93m457[0m:[93m32[0m - [91merror[0m[90m TS2349: [0mThis 
expression is not callable.
  Type '{ default: SuperTestStatic; Test: typeof Test; agent: typeof TestAgent & ((app?: App, options?: AgentOptions) 
=> TestAgent<Test>); }' has no call signatures.

[7m457[0m         const response = await request(app.getHttpServer())
[7m   [0m [91m                               ~~~~~~~[0m

  [96msrc/modules/gift-cards/gift-cards.spec.ts[0m:[93m16[0m:[93m1[0m
    [7m16[0m import * as request from 'supertest';
    [7m  [0m [96m~~~~~~~~~~~~~~~~~~~~~~~~~~~~~~~~~~~~~[0m
    Type originates at this import. A namespace-style import cannot be called or constructed, and will cause a failure 
at runtime. Consider using a default import or import require here instead.
[96msrc/modules/gift-cards/gift-cards.spec.ts[0m:[93m472[0m:[93m15[0m - [91merror[0m[90m TS2349: [0mThis 
expression is not callable.
  Type '{ default: SuperTestStatic; Test: typeof Test; agent: typeof TestAgent & ((app?: App, options?: AgentOptions) 
=> TestAgent<Test>); }' has no call signatures.

[7m472[0m         await request(app.getHttpServer())
[7m   [0m [91m              ~~~~~~~[0m

  [96msrc/modules/gift-cards/gift-cards.spec.ts[0m:[93m16[0m:[93m1[0m
    [7m16[0m import * as request from 'supertest';
    [7m  [0m [96m~~~~~~~~~~~~~~~~~~~~~~~~~~~~~~~~~~~~~[0m
    Type originates at this import. A namespace-style import cannot be called or constructed, and will cause a failure 
at runtime. Consider using a default import or import require here instead.
[96msrc/modules/gift-cards/gift-cards.spec.ts[0m:[93m489[0m:[93m13[0m - [91merror[0m[90m TS2349: [0mThis 
expression is not callable.
  Type '{ default: SuperTestStatic; Test: typeof Test; agent: typeof TestAgent & ((app?: App, options?: AgentOptions) 
=> TestAgent<Test>); }' has no call signatures.

[7m489[0m       await request(app.getHttpServer())
[7m   [0m [91m            ~~~~~~~[0m

  [96msrc/modules/gift-cards/gift-cards.spec.ts[0m:[93m16[0m:[93m1[0m
    [7m16[0m import * as request from 'supertest';
    [7m  [0m [96m~~~~~~~~~~~~~~~~~~~~~~~~~~~~~~~~~~~~~[0m
    Type originates at this import. A namespace-style import cannot be called or constructed, and will cause a failure 
at runtime. Consider using a default import or import require here instead.
[96msrc/modules/gift-cards/gift-cards.spec.ts[0m:[93m502[0m:[93m13[0m - [91merror[0m[90m TS2349: [0mThis 
expression is not callable.
  Type '{ default: SuperTestStatic; Test: typeof Test; agent: typeof TestAgent & ((app?: App, options?: AgentOptions) 
=> TestAgent<Test>); }' has no call signatures.

[7m502[0m       await request(app.getHttpServer())
[7m   [0m [91m            ~~~~~~~[0m

  [96msrc/modules/gift-cards/gift-cards.spec.ts[0m:[93m16[0m:[93m1[0m
    [7m16[0m import * as request from 'supertest';
    [7m  [0m [96m~~~~~~~~~~~~~~~~~~~~~~~~~~~~~~~~~~~~~[0m
    Type originates at this import. A namespace-style import cannot be called or constructed, and will cause a failure 
at runtime. Consider using a default import or import require here instead.
[96msrc/modules/gift-cards/gift-cards.spec.ts[0m:[93m511[0m:[93m13[0m - [91merror[0m[90m TS2349: [0mThis 
expression is not callable.
  Type '{ default: SuperTestStatic; Test: typeof Test; agent: typeof TestAgent & ((app?: App, options?: AgentOptions) 
=> TestAgent<Test>); }' has no call signatures.

[7m511[0m       await request(app.getHttpServer())
[7m   [0m [91m            ~~~~~~~[0m

  [96msrc/modules/gift-cards/gift-cards.spec.ts[0m:[93m16[0m:[93m1[0m
    [7m16[0m import * as request from 'supertest';
    [7m  [0m [96m~~~~~~~~~~~~~~~~~~~~~~~~~~~~~~~~~~~~~[0m
    Type originates at this import. A namespace-style import cannot be called or constructed, and will cause a failure 
at runtime. Consider using a default import or import require here instead.
[96msrc/modules/grocery/grocery.service.ts[0m:[93m99[0m:[93m77[0m - [91merror[0m[90m TS2363: [0mThe 
right-hand side of an arithmetic operation must be of type 'any', 'number', 'bigint' or an enum type.

[7m99[0m       const computedTaxCents = Math.round((subtotalCents - discountCents) * payloadTaxRate);
[7m  [0m [91m                                                                            ~~~~~~~~~~~~~~[0m
[96msrc/modules/grocery/offline/cache.service.ts[0m:[93m1[0m:[93m39[0m - [91merror[0m[90m TS2307: [0mCannot 
find module './tpm.utils' or its corresponding type declarations.

[7m1[0m import { generateHardwareNonce } from './tpm.utils';
[7m [0m [91m                                      ~~~~~~~~~~~~~[0m
[96msrc/modules/grocery/offline/cache.service.ts[0m:[93m10[0m:[93m11[0m - [91merror[0m[90m TS2304: [0mCannot 
find name 'sqliteDb'.

[7m10[0m     await sqliteDb.insert('offline_transactions', securePayload);
[7m  [0m [91m          ~~~~~~~~[0m
[96msrc/modules/inventory/inventory.controller.ts[0m:[93m17[0m:[93m10[0m - [91merror[0m[90m TS2724: 
[0m'"drizzle-orm/pg-core"' has no exported member named 'NodePgDatabase'. Did you mean 'PgDatabase'?

[7m17[0m import { NodePgDatabase } from 'drizzle-orm/pg-core';
[7m  [0m [91m         ~~~~~~~~~~~~~~[0m

  [96m../../node_modules/.pnpm/drizzle-orm@0.45.2_@opentel_ec3ebb2f8d0c7586363e19c1422abd46/node_modules/drizzle-orm/p
g-core/db.d.ts[0m:[93m20[0m:[93m22[0m
    [7m20[0m export declare class PgDatabase<TQueryResult extends PgQueryResultHKT, TFullSchema extends 
Record<string, unknown> = Record<string, never>, TSchema extends TablesRelationalConfig = 
ExtractTablesWithRelations<TFullSchema>> {
    [7m  [0m [96m                     ~~~~~~~~~~[0m
    'PgDatabase' is declared here.
[96msrc/modules/inventory/inventory.controller.ts[0m:[93m226[0m:[93m11[0m - [91merror[0m[90m TS2322: [0mType 
'{ barcode?: string; name?: string; description?: string; stockLevel?: number; reorderPoint?: number; supplierId?: 
string; cost?: number; price?: number; category?: string; locationBin?: string; }' is not assignable to type 
'Partial<{ name: string; tenantId: string; barcode: string; price: string; supplierId: string; cost: string; id?: 
string; description?: string; createdAt?: Date; updatedAt?: Date; category?: string; stockLevel?: number; 
reorderPoint?: number; locationBin?: string; }>'.
  Types of property 'price' are incompatible.
    Type 'number' is not assignable to type 'string'.

[7m226[0m     const updateData: Partial<typeof products.$inferInsert> = { ...updateProductDto };
[7m   [0m [91m          ~~~~~~~~~~[0m
[96msrc/modules/inventory/inventory.edge-cases.spec.ts[0m:[93m309[0m:[93m31[0m - [91merror[0m[90m TS2349: 
[0mThis expression is not callable.
  Type '{ default: SuperTestStatic; Test: typeof Test; agent: typeof TestAgent & ((app?: App, options?: AgentOptions) 
=> TestAgent<Test>); }' has no call signatures.

[7m309[0m             const res = await request(app).post('/purchase-orders').send(payload);
[7m   [0m [91m                              ~~~~~~~[0m

  [96msrc/modules/inventory/inventory.edge-cases.spec.ts[0m:[93m15[0m:[93m1[0m
    [7m15[0m import * as request from 'supertest';
    [7m  [0m [96m~~~~~~~~~~~~~~~~~~~~~~~~~~~~~~~~~~~~~[0m
    Type originates at this import. A namespace-style import cannot be called or constructed, and will cause a failure 
at runtime. Consider using a default import or import require here instead.
[96msrc/modules/inventory/inventory.edge-cases.spec.ts[0m:[93m316[0m:[93m31[0m - [91merror[0m[90m TS2349: 
[0mThis expression is not callable.
  Type '{ default: SuperTestStatic; Test: typeof Test; agent: typeof TestAgent & ((app?: App, options?: AgentOptions) 
=> TestAgent<Test>); }' has no call signatures.

[7m316[0m             const res = await request(app).post('/purchase-orders').send(payload);
[7m   [0m [91m                              ~~~~~~~[0m

  [96msrc/modules/inventory/inventory.edge-cases.spec.ts[0m:[93m15[0m:[93m1[0m
    [7m15[0m import * as request from 'supertest';
    [7m  [0m [96m~~~~~~~~~~~~~~~~~~~~~~~~~~~~~~~~~~~~~[0m
    Type originates at this import. A namespace-style import cannot be called or constructed, and will cause a failure 
at runtime. Consider using a default import or import require here instead.
[96msrc/modules/inventory/inventory.edge-cases.spec.ts[0m:[93m323[0m:[93m31[0m - [91merror[0m[90m TS2349: 
[0mThis expression is not callable.
  Type '{ default: SuperTestStatic; Test: typeof Test; agent: typeof TestAgent & ((app?: App, options?: AgentOptions) 
=> TestAgent<Test>); }' has no call signatures.

[7m323[0m             const res = await request(app).post('/purchase-orders').send(payload);
[7m   [0m [91m                              ~~~~~~~[0m

  [96msrc/modules/inventory/inventory.edge-cases.spec.ts[0m:[93m15[0m:[93m1[0m
    [7m15[0m import * as request from 'supertest';
    [7m  [0m [96m~~~~~~~~~~~~~~~~~~~~~~~~~~~~~~~~~~~~~[0m
    Type originates at this import. A namespace-style import cannot be called or constructed, and will cause a failure 
at runtime. Consider using a default import or import require here instead.
[96msrc/modules/inventory/inventory.edge-cases.spec.ts[0m:[93m330[0m:[93m31[0m - [91merror[0m[90m TS2349: 
[0mThis expression is not callable.
  Type '{ default: SuperTestStatic; Test: typeof Test; agent: typeof TestAgent & ((app?: App, options?: AgentOptions) 
=> TestAgent<Test>); }' has no call signatures.

[7m330[0m             const res = await request(app).post('/purchase-orders').send(payload);
[7m   [0m [91m                              ~~~~~~~[0m

  [96msrc/modules/inventory/inventory.edge-cases.spec.ts[0m:[93m15[0m:[93m1[0m
    [7m15[0m import * as request from 'supertest';
    [7m  [0m [96m~~~~~~~~~~~~~~~~~~~~~~~~~~~~~~~~~~~~~[0m
    Type originates at this import. A namespace-style import cannot be called or constructed, and will cause a failure 
at runtime. Consider using a default import or import require here instead.
[96msrc/modules/inventory/inventory.edge-cases.spec.ts[0m:[93m337[0m:[93m31[0m - [91merror[0m[90m TS2349: 
[0mThis expression is not callable.
  Type '{ default: SuperTestStatic; Test: typeof Test; agent: typeof TestAgent & ((app?: App, options?: AgentOptions) 
=> TestAgent<Test>); }' has no call signatures.

[7m337[0m             const res = await request(app).post('/purchase-orders').send(payload);
[7m   [0m [91m                              ~~~~~~~[0m

  [96msrc/modules/inventory/inventory.edge-cases.spec.ts[0m:[93m15[0m:[93m1[0m
    [7m15[0m import * as request from 'supertest';
    [7m  [0m [96m~~~~~~~~~~~~~~~~~~~~~~~~~~~~~~~~~~~~~[0m
    Type originates at this import. A namespace-style import cannot be called or constructed, and will cause a failure 
at runtime. Consider using a default import or import require here instead.
[96msrc/modules/inventory/inventory.edge-cases.spec.ts[0m:[93m344[0m:[93m31[0m - [91merror[0m[90m TS2349: 
[0mThis expression is not callable.
  Type '{ default: SuperTestStatic; Test: typeof Test; agent: typeof TestAgent & ((app?: App, options?: AgentOptions) 
=> TestAgent<Test>); }' has no call signatures.

[7m344[0m             const res = await request(app).post('/purchase-orders').send(payload);
[7m   [0m [91m                              ~~~~~~~[0m

  [96msrc/modules/inventory/inventory.edge-cases.spec.ts[0m:[93m15[0m:[93m1[0m
    [7m15[0m import * as request from 'supertest';
    [7m  [0m [96m~~~~~~~~~~~~~~~~~~~~~~~~~~~~~~~~~~~~~[0m
    Type originates at this import. A namespace-style import cannot be called or constructed, and will cause a failure 
at runtime. Consider using a default import or import require here instead.
[96msrc/modules/inventory/inventory.edge-cases.spec.ts[0m:[93m351[0m:[93m31[0m - [91merror[0m[90m TS2349: 
[0mThis expression is not callable.
  Type '{ default: SuperTestStatic; Test: typeof Test; agent: typeof TestAgent & ((app?: App, options?: AgentOptions) 
=> TestAgent<Test>); }' has no call signatures.

[7m351[0m             const res = await request(app).post('/purchase-orders').send(payload);
[7m   [0m [91m                              ~~~~~~~[0m

  [96msrc/modules/inventory/inventory.edge-cases.spec.ts[0m:[93m15[0m:[93m1[0m
    [7m15[0m import * as request from 'supertest';
    [7m  [0m [96m~~~~~~~~~~~~~~~~~~~~~~~~~~~~~~~~~~~~~[0m
    Type originates at this import. A namespace-style import cannot be called or constructed, and will cause a failure 
at runtime. Consider using a default import or import require here instead.
[96msrc/modules/inventory/inventory.edge-cases.spec.ts[0m:[93m367[0m:[93m31[0m - [91merror[0m[90m TS2349: 
[0mThis expression is not callable.
  Type '{ default: SuperTestStatic; Test: typeof Test; agent: typeof TestAgent & ((app?: App, options?: AgentOptions) 
=> TestAgent<Test>); }' has no call signatures.

[7m367[0m             const res = await request(app).put(`/purchase-orders/${poId}`).send({ supplierId: null });
[7m   [0m [91m                              ~~~~~~~[0m

  [96msrc/modules/inventory/inventory.edge-cases.spec.ts[0m:[93m15[0m:[93m1[0m
    [7m15[0m import * as request from 'supertest';
    [7m  [0m [96m~~~~~~~~~~~~~~~~~~~~~~~~~~~~~~~~~~~~~[0m
    Type originates at this import. A namespace-style import cannot be called or constructed, and will cause a failure 
at runtime. Consider using a default import or import require here instead.
[96msrc/modules/inventory/inventory.edge-cases.spec.ts[0m:[93m382[0m:[93m31[0m - [91merror[0m[90m TS2349: 
[0mThis expression is not callable.
  Type '{ default: SuperTestStatic; Test: typeof Test; agent: typeof TestAgent & ((app?: App, options?: AgentOptions) 
=> TestAgent<Test>); }' has no call signatures.

[7m382[0m             const res = await request(app).post('/purchase-orders').send(payload);
[7m   [0m [91m                              ~~~~~~~[0m

  [96msrc/modules/inventory/inventory.edge-cases.spec.ts[0m:[93m15[0m:[93m1[0m
    [7m15[0m import * as request from 'supertest';
    [7m  [0m [96m~~~~~~~~~~~~~~~~~~~~~~~~~~~~~~~~~~~~~[0m
    Type originates at this import. A namespace-style import cannot be called or constructed, and will cause a failure 
at runtime. Consider using a default import or import require here instead.
[96msrc/modules/inventory/inventory.edge-cases.spec.ts[0m:[93m389[0m:[93m31[0m - [91merror[0m[90m TS2349: 
[0mThis expression is not callable.
  Type '{ default: SuperTestStatic; Test: typeof Test; agent: typeof TestAgent & ((app?: App, options?: AgentOptions) 
=> TestAgent<Test>); }' has no call signatures.

[7m389[0m             const res = await request(app).post('/purchase-orders').send(payload);
[7m   [0m [91m                              ~~~~~~~[0m

  [96msrc/modules/inventory/inventory.edge-cases.spec.ts[0m:[93m15[0m:[93m1[0m
    [7m15[0m import * as request from 'supertest';
    [7m  [0m [96m~~~~~~~~~~~~~~~~~~~~~~~~~~~~~~~~~~~~~[0m
    Type originates at this import. A namespace-style import cannot be called or constructed, and will cause a failure 
at runtime. Consider using a default import or import require here instead.
[96msrc/modules/inventory/inventory.edge-cases.spec.ts[0m:[93m396[0m:[93m31[0m - [91merror[0m[90m TS2349: 
[0mThis expression is not callable.
  Type '{ default: SuperTestStatic; Test: typeof Test; agent: typeof TestAgent & ((app?: App, options?: AgentOptions) 
=> TestAgent<Test>); }' has no call signatures.

[7m396[0m             const res = await request(app).post('/purchase-orders').send(payload);
[7m   [0m [91m                              ~~~~~~~[0m

  [96msrc/modules/inventory/inventory.edge-cases.spec.ts[0m:[93m15[0m:[93m1[0m
    [7m15[0m import * as request from 'supertest';
    [7m  [0m [96m~~~~~~~~~~~~~~~~~~~~~~~~~~~~~~~~~~~~~[0m
    Type originates at this import. A namespace-style import cannot be called or constructed, and will cause a failure 
at runtime. Consider using a default import or import require here instead.
[96msrc/modules/inventory/inventory.edge-cases.spec.ts[0m:[93m403[0m:[93m31[0m - [91merror[0m[90m TS2349: 
[0mThis expression is not callable.
  Type '{ default: SuperTestStatic; Test: typeof Test; agent: typeof TestAgent & ((app?: App, options?: AgentOptions) 
=> TestAgent<Test>); }' has no call signatures.

[7m403[0m             const res = await request(app).post('/purchase-orders').send(payload);
[7m   [0m [91m                              ~~~~~~~[0m

  [96msrc/modules/inventory/inventory.edge-cases.spec.ts[0m:[93m15[0m:[93m1[0m
    [7m15[0m import * as request from 'supertest';
    [7m  [0m [96m~~~~~~~~~~~~~~~~~~~~~~~~~~~~~~~~~~~~~[0m
    Type originates at this import. A namespace-style import cannot be called or constructed, and will cause a failure 
at runtime. Consider using a default import or import require here instead.
[96msrc/modules/inventory/inventory.edge-cases.spec.ts[0m:[93m411[0m:[93m31[0m - [91merror[0m[90m TS2349: 
[0mThis expression is not callable.
  Type '{ default: SuperTestStatic; Test: typeof Test; agent: typeof TestAgent & ((app?: App, options?: AgentOptions) 
=> TestAgent<Test>); }' has no call signatures.

[7m411[0m             const res = await request(app).post('/purchase-orders').send(payload);
[7m   [0m [91m                              ~~~~~~~[0m

  [96msrc/modules/inventory/inventory.edge-cases.spec.ts[0m:[93m15[0m:[93m1[0m
    [7m15[0m import * as request from 'supertest';
    [7m  [0m [96m~~~~~~~~~~~~~~~~~~~~~~~~~~~~~~~~~~~~~[0m
    Type originates at this import. A namespace-style import cannot be called or constructed, and will cause a failure 
at runtime. Consider using a default import or import require here instead.
[96msrc/modules/inventory/inventory.edge-cases.spec.ts[0m:[93m422[0m:[93m31[0m - [91merror[0m[90m TS2349: 
[0mThis expression is not callable.
  Type '{ default: SuperTestStatic; Test: typeof Test; agent: typeof TestAgent & ((app?: App, options?: AgentOptions) 
=> TestAgent<Test>); }' has no call signatures.

[7m422[0m             const res = await request(app).post('/purchase-orders').send(payload);
[7m   [0m [91m                              ~~~~~~~[0m

  [96msrc/modules/inventory/inventory.edge-cases.spec.ts[0m:[93m15[0m:[93m1[0m
    [7m15[0m import * as request from 'supertest';
    [7m  [0m [96m~~~~~~~~~~~~~~~~~~~~~~~~~~~~~~~~~~~~~[0m
    Type originates at this import. A namespace-style import cannot be called or constructed, and will cause a failure 
at runtime. Consider using a default import or import require here instead.
[96msrc/modules/inventory/inventory.edge-cases.spec.ts[0m:[93m429[0m:[93m31[0m - [91merror[0m[90m TS2349: 
[0mThis expression is not callable.
  Type '{ default: SuperTestStatic; Test: typeof Test; agent: typeof TestAgent & ((app?: App, options?: AgentOptions) 
=> TestAgent<Test>); }' has no call signatures.

[7m429[0m             const res = await request(app).post('/purchase-orders').send(payload);
[7m   [0m [91m                              ~~~~~~~[0m

  [96msrc/modules/inventory/inventory.edge-cases.spec.ts[0m:[93m15[0m:[93m1[0m
    [7m15[0m import * as request from 'supertest';
    [7m  [0m [96m~~~~~~~~~~~~~~~~~~~~~~~~~~~~~~~~~~~~~[0m
    Type originates at this import. A namespace-style import cannot be called or constructed, and will cause a failure 
at runtime. Consider using a default import or import require here instead.
[96msrc/modules/inventory/inventory.edge-cases.spec.ts[0m:[93m436[0m:[93m31[0m - [91merror[0m[90m TS2349: 
[0mThis expression is not callable.
  Type '{ default: SuperTestStatic; Test: typeof Test; agent: typeof TestAgent & ((app?: App, options?: AgentOptions) 
=> TestAgent<Test>); }' has no call signatures.

[7m436[0m             const res = await request(app).put(`/purchase-orders/${poId}`).send({ status: 'INVALID_STATUS' 
});
[7m   [0m [91m                              ~~~~~~~[0m

  [96msrc/modules/inventory/inventory.edge-cases.spec.ts[0m:[93m15[0m:[93m1[0m
    [7m15[0m import * as request from 'supertest';
    [7m  [0m [96m~~~~~~~~~~~~~~~~~~~~~~~~~~~~~~~~~~~~~[0m
    Type originates at this import. A namespace-style import cannot be called or constructed, and will cause a failure 
at runtime. Consider using a default import or import require here instead.
[96msrc/modules/inventory/inventory.edge-cases.spec.ts[0m:[93m444[0m:[93m31[0m - [91merror[0m[90m TS2349: 
[0mThis expression is not callable.
  Type '{ default: SuperTestStatic; Test: typeof Test; agent: typeof TestAgent & ((app?: App, options?: AgentOptions) 
=> TestAgent<Test>); }' has no call signatures.

[7m444[0m             const res = await request(app).post('/purchase-orders').send(payload);
[7m   [0m [91m                              ~~~~~~~[0m

  [96msrc/modules/inventory/inventory.edge-cases.spec.ts[0m:[93m15[0m:[93m1[0m
    [7m15[0m import * as request from 'supertest';
    [7m  [0m [96m~~~~~~~~~~~~~~~~~~~~~~~~~~~~~~~~~~~~~[0m
    Type originates at this import. A namespace-style import cannot be called or constructed, and will cause a failure 
at runtime. Consider using a default import or import require here instead.
[96msrc/modules/inventory/inventory.edge-cases.spec.ts[0m:[93m456[0m:[93m31[0m - [91merror[0m[90m TS2349: 
[0mThis expression is not callable.
  Type '{ default: SuperTestStatic; Test: typeof Test; agent: typeof TestAgent & ((app?: App, options?: AgentOptions) 
=> TestAgent<Test>); }' has no call signatures.

[7m456[0m             const res = await request(app).post('/purchase-orders').send(payload);
[7m   [0m [91m                              ~~~~~~~[0m

  [96msrc/modules/inventory/inventory.edge-cases.spec.ts[0m:[93m15[0m:[93m1[0m
    [7m15[0m import * as request from 'supertest';
    [7m  [0m [96m~~~~~~~~~~~~~~~~~~~~~~~~~~~~~~~~~~~~~[0m
    Type originates at this import. A namespace-style import cannot be called or constructed, and will cause a failure 
at runtime. Consider using a default import or import require here instead.
[96msrc/modules/inventory/inventory.edge-cases.spec.ts[0m:[93m491[0m:[93m32[0m - [91merror[0m[90m TS2349: 
[0mThis expression is not callable.
  Type '{ default: SuperTestStatic; Test: typeof Test; agent: typeof TestAgent & ((app?: App, options?: AgentOptions) 
=> TestAgent<Test>); }' has no call signatures.

[7m491[0m             const res1 = await request(appTenant1).post('/purchase-orders').send(validCreatePayload());
[7m   [0m [91m                               ~~~~~~~[0m

  [96msrc/modules/inventory/inventory.edge-cases.spec.ts[0m:[93m15[0m:[93m1[0m
    [7m15[0m import * as request from 'supertest';
    [7m  [0m [96m~~~~~~~~~~~~~~~~~~~~~~~~~~~~~~~~~~~~~[0m
    Type originates at this import. A namespace-style import cannot be called or constructed, and will cause a failure 
at runtime. Consider using a default import or import require here instead.
[96msrc/modules/inventory/inventory.edge-cases.spec.ts[0m:[93m496[0m:[93m32[0m - [91merror[0m[90m TS2349: 
[0mThis expression is not callable.
  Type '{ default: SuperTestStatic; Test: typeof Test; agent: typeof TestAgent & ((app?: App, options?: AgentOptions) 
=> TestAgent<Test>); }' has no call signatures.

[7m496[0m             const res2 = await request(appTenant2).post('/purchase-orders').send(validCreatePayload());
[7m   [0m [91m                               ~~~~~~~[0m

  [96msrc/modules/inventory/inventory.edge-cases.spec.ts[0m:[93m15[0m:[93m1[0m
    [7m15[0m import * as request from 'supertest';
    [7m  [0m [96m~~~~~~~~~~~~~~~~~~~~~~~~~~~~~~~~~~~~~[0m
    Type originates at this import. A namespace-style import cannot be called or constructed, and will cause a failure 
at runtime. Consider using a default import or import require here instead.
[96msrc/modules/inventory/inventory.edge-cases.spec.ts[0m:[93m518[0m:[93m36[0m - [91merror[0m[90m TS2349: 
[0mThis expression is not callable.
  Type '{ default: SuperTestStatic; Test: typeof Test; agent: typeof TestAgent & ((app?: App, options?: AgentOptions) 
=> TestAgent<Test>); }' has no call signatures.

[7m518[0m             const resT1Own = await request(appTenant1).get(`/purchase-orders/${poIdTenant1}`);
[7m   [0m [91m                                   ~~~~~~~[0m

  [96msrc/modules/inventory/inventory.edge-cases.spec.ts[0m:[93m15[0m:[93m1[0m
    [7m15[0m import * as request from 'supertest';
    [7m  [0m [96m~~~~~~~~~~~~~~~~~~~~~~~~~~~~~~~~~~~~~[0m
    Type originates at this import. A namespace-style import cannot be called or constructed, and will cause a failure 
at runtime. Consider using a default import or import require here instead.
[96msrc/modules/inventory/inventory.edge-cases.spec.ts[0m:[93m524[0m:[93m38[0m - [91merror[0m[90m TS2349: 
[0mThis expression is not callable.
  Type '{ default: SuperTestStatic; Test: typeof Test; agent: typeof TestAgent & ((app?: App, options?: AgentOptions) 
=> TestAgent<Test>); }' has no call signatures.

[7m524[0m             const resT1Other = await request(appTenant1).get(`/purchase-orders/${poIdTenant2}`);
[7m   [0m [91m                                     ~~~~~~~[0m

  [96msrc/modules/inventory/inventory.edge-cases.spec.ts[0m:[93m15[0m:[93m1[0m
    [7m15[0m import * as request from 'supertest';
    [7m  [0m [96m~~~~~~~~~~~~~~~~~~~~~~~~~~~~~~~~~~~~~[0m
    Type originates at this import. A namespace-style import cannot be called or constructed, and will cause a failure 
at runtime. Consider using a default import or import require here instead.
[96msrc/modules/inventory/inventory.edge-cases.spec.ts[0m:[93m529[0m:[93m38[0m - [91merror[0m[90m TS2349: 
[0mThis expression is not callable.
  Type '{ default: SuperTestStatic; Test: typeof Test; agent: typeof TestAgent & ((app?: App, options?: AgentOptions) 
=> TestAgent<Test>); }' has no call signatures.

[7m529[0m             const resT2Other = await request(appTenant2).get(`/purchase-orders/${poIdTenant1}`);
[7m   [0m [91m                                     ~~~~~~~[0m

  [96msrc/modules/inventory/inventory.edge-cases.spec.ts[0m:[93m15[0m:[93m1[0m
    [7m15[0m import * as request from 'supertest';
    [7m  [0m [96m~~~~~~~~~~~~~~~~~~~~~~~~~~~~~~~~~~~~~[0m
    Type originates at this import. A namespace-style import cannot be called or constructed, and will cause a failure 
at runtime. Consider using a default import or import require here instead.
[96msrc/modules/inventory/inventory.edge-cases.spec.ts[0m:[93m544[0m:[93m36[0m - [91merror[0m[90m TS2349: 
[0mThis expression is not callable.
  Type '{ default: SuperTestStatic; Test: typeof Test; agent: typeof TestAgent & ((app?: App, options?: AgentOptions) 
=> TestAgent<Test>); }' has no call signatures.

[7m544[0m             const resT1Own = await request(appTenant1).put(`/purchase-orders/${poIdTenant1}`).send({ 
status: 'APPROVED' });
[7m   [0m [91m                                   ~~~~~~~[0m

  [96msrc/modules/inventory/inventory.edge-cases.spec.ts[0m:[93m15[0m:[93m1[0m
    [7m15[0m import * as request from 'supertest';
    [7m  [0m [96m~~~~~~~~~~~~~~~~~~~~~~~~~~~~~~~~~~~~~[0m
    Type originates at this import. A namespace-style import cannot be called or constructed, and will cause a failure 
at runtime. Consider using a default import or import require here instead.
[96msrc/modules/inventory/inventory.edge-cases.spec.ts[0m:[93m551[0m:[93m38[0m - [91merror[0m[90m TS2349: 
[0mThis expression is not callable.
  Type '{ default: SuperTestStatic; Test: typeof Test; agent: typeof TestAgent & ((app?: App, options?: AgentOptions) 
=> TestAgent<Test>); }' has no call signatures.

[7m551[0m             const resT2Other = await request(appTenant2).put(`/purchase-orders/${poIdTenant1}`).send({ 
status: 'CANCELLED' });
[7m   [0m [91m                                     ~~~~~~~[0m

  [96msrc/modules/inventory/inventory.edge-cases.spec.ts[0m:[93m15[0m:[93m1[0m
    [7m15[0m import * as request from 'supertest';
    [7m  [0m [96m~~~~~~~~~~~~~~~~~~~~~~~~~~~~~~~~~~~~~[0m
    Type originates at this import. A namespace-style import cannot be called or constructed, and will cause a failure 
at runtime. Consider using a default import or import require here instead.
[96msrc/modules/inventory/inventory.edge-cases.spec.ts[0m:[93m587[0m:[93m17[0m - [91merror[0m[90m TS2349: 
[0mThis expression is not callable.
  Type '{ default: SuperTestStatic; Test: typeof Test; agent: typeof TestAgent & ((app?: App, options?: AgentOptions) 
=> TestAgent<Test>); }' has no call signatures.

[7m587[0m                 request(app).put(`/purchase-orders/${concurrentPoId}`).send(updatePayload1),
[7m   [0m [91m                ~~~~~~~[0m

  [96msrc/modules/inventory/inventory.edge-cases.spec.ts[0m:[93m15[0m:[93m1[0m
    [7m15[0m import * as request from 'supertest';
    [7m  [0m [96m~~~~~~~~~~~~~~~~~~~~~~~~~~~~~~~~~~~~~[0m
    Type originates at this import. A namespace-style import cannot be called or constructed, and will cause a failure 
at runtime. Consider using a default import or import require here instead.
[96msrc/modules/inventory/inventory.edge-cases.spec.ts[0m:[93m588[0m:[93m17[0m - [91merror[0m[90m TS2349: 
[0mThis expression is not callable.
  Type '{ default: SuperTestStatic; Test: typeof Test; agent: typeof TestAgent & ((app?: App, options?: AgentOptions) 
=> TestAgent<Test>); }' has no call signatures.

[7m588[0m                 request(app).put(`/purchase-orders/${concurrentPoId}`).send(updatePayload2),
[7m   [0m [91m                ~~~~~~~[0m

  [96msrc/modules/inventory/inventory.edge-cases.spec.ts[0m:[93m15[0m:[93m1[0m
    [7m15[0m import * as request from 'supertest';
    [7m  [0m [96m~~~~~~~~~~~~~~~~~~~~~~~~~~~~~~~~~~~~~[0m
    Type originates at this import. A namespace-style import cannot be called or constructed, and will cause a failure 
at runtime. Consider using a default import or import require here instead.
[96msrc/modules/inventory/inventory.edge-cases.spec.ts[0m:[93m612[0m:[93m17[0m - [91merror[0m[90m TS2349: 
[0mThis expression is not callable.
  Type '{ default: SuperTestStatic; Test: typeof Test; agent: typeof TestAgent & ((app?: App, options?: AgentOptions) 
=> TestAgent<Test>); }' has no call signatures.

[7m612[0m                 request(app).post('/purchase-orders').send(payload1),
[7m   [0m [91m                ~~~~~~~[0m

  [96msrc/modules/inventory/inventory.edge-cases.spec.ts[0m:[93m15[0m:[93m1[0m
    [7m15[0m import * as request from 'supertest';
    [7m  [0m [96m~~~~~~~~~~~~~~~~~~~~~~~~~~~~~~~~~~~~~[0m
    Type originates at this import. A namespace-style import cannot be called or constructed, and will cause a failure 
at runtime. Consider using a default import or import require here instead.
[96msrc/modules/inventory/inventory.edge-cases.spec.ts[0m:[93m613[0m:[93m17[0m - [91merror[0m[90m TS2349: 
[0mThis expression is not callable.
  Type '{ default: SuperTestStatic; Test: typeof Test; agent: typeof TestAgent & ((app?: App, options?: AgentOptions) 
=> TestAgent<Test>); }' has no call signatures.

[7m613[0m                 request(app).post('/purchase-orders').send(payload2),
[7m   [0m [91m                ~~~~~~~[0m

  [96msrc/modules/inventory/inventory.edge-cases.spec.ts[0m:[93m15[0m:[93m1[0m
    [7m15[0m import * as request from 'supertest';
    [7m  [0m [96m~~~~~~~~~~~~~~~~~~~~~~~~~~~~~~~~~~~~~[0m
    Type originates at this import. A namespace-style import cannot be called or constructed, and will cause a failure 
at runtime. Consider using a default import or import require here instead.
[96msrc/modules/inventory/inventory.edge-cases.spec.ts[0m:[93m634[0m:[93m17[0m - [91merror[0m[90m TS2349: 
[0mThis expression is not callable.
  Type '{ default: SuperTestStatic; Test: typeof Test; agent: typeof TestAgent & ((app?: App, options?: AgentOptions) 
=> TestAgent<Test>); }' has no call signatures.

[7m634[0m                 request(app).delete(`/purchase-orders/${poToDeleteId}`),
[7m   [0m [91m                ~~~~~~~[0m

  [96msrc/modules/inventory/inventory.edge-cases.spec.ts[0m:[93m15[0m:[93m1[0m
    [7m15[0m import * as request from 'supertest';
    [7m  [0m [96m~~~~~~~~~~~~~~~~~~~~~~~~~~~~~~~~~~~~~[0m
    Type originates at this import. A namespace-style import cannot be called or constructed, and will cause a failure 
at runtime. Consider using a default import or import require here instead.
[96msrc/modules/inventory/inventory.edge-cases.spec.ts[0m:[93m635[0m:[93m17[0m - [91merror[0m[90m TS2349: 
[0mThis expression is not callable.
  Type '{ default: SuperTestStatic; Test: typeof Test; agent: typeof TestAgent & ((app?: App, options?: AgentOptions) 
=> TestAgent<Test>); }' has no call signatures.

[7m635[0m                 request(app).delete(`/purchase-orders/${poToDeleteId}`),
[7m   [0m [91m                ~~~~~~~[0m

  [96msrc/modules/inventory/inventory.edge-cases.spec.ts[0m:[93m15[0m:[93m1[0m
    [7m15[0m import * as request from 'supertest';
    [7m  [0m [96m~~~~~~~~~~~~~~~~~~~~~~~~~~~~~~~~~~~~~[0m
    Type originates at this import. A namespace-style import cannot be called or constructed, and will cause a failure 
at runtime. Consider using a default import or import require here instead.
[96msrc/modules/inventory/inventory.edge-cases.spec.ts[0m:[93m668[0m:[93m31[0m - [91merror[0m[90m TS2349: 
[0mThis expression is not callable.
  Type '{ default: SuperTestStatic; Test: typeof Test; agent: typeof TestAgent & ((app?: App, options?: AgentOptions) 
=> TestAgent<Test>); }' has no call signatures.

[7m668[0m             const res = await request(appNoAuth).post('/purchase-orders').send(validPayload);
[7m   [0m [91m                              ~~~~~~~[0m

  [96msrc/modules/inventory/inventory.edge-cases.spec.ts[0m:[93m15[0m:[93m1[0m
    [7m15[0m import * as request from 'supertest';
    [7m  [0m [96m~~~~~~~~~~~~~~~~~~~~~~~~~~~~~~~~~~~~~[0m
    Type originates at this import. A namespace-style import cannot be called or constructed, and will cause a failure 
at runtime. Consider using a default import or import require here instead.
[96msrc/modules/inventory/inventory.edge-cases.spec.ts[0m:[93m674[0m:[93m31[0m - [91merror[0m[90m TS2349: 
[0mThis expression is not callable.
  Type '{ default: SuperTestStatic; Test: typeof Test; agent: typeof TestAgent & ((app?: App, options?: AgentOptions) 
=> TestAgent<Test>); }' has no call signatures.

[7m674[0m             const res = await request(appNoAuth).get(`/purchase-orders/${poId}`);
[7m   [0m [91m                              ~~~~~~~[0m

  [96msrc/modules/inventory/inventory.edge-cases.spec.ts[0m:[93m15[0m:[93m1[0m
    [7m15[0m import * as request from 'supertest';
    [7m  [0m [96m~~~~~~~~~~~~~~~~~~~~~~~~~~~~~~~~~~~~~[0m
    Type originates at this import. A namespace-style import cannot be called or constructed, and will cause a failure 
at runtime. Consider using a default import or import require here instead.
[96msrc/modules/inventory/inventory.edge-cases.spec.ts[0m:[93m680[0m:[93m31[0m - [91merror[0m[90m TS2349: 
[0mThis expression is not callable.
  Type '{ default: SuperTestStatic; Test: typeof Test; agent: typeof TestAgent & ((app?: App, options?: AgentOptions) 
=> TestAgent<Test>); }' has no call signatures.

[7m680[0m             const res = await request(appViewer).post('/purchase-orders').send(validPayload);
[7m   [0m [91m                              ~~~~~~~[0m

  [96msrc/modules/inventory/inventory.edge-cases.spec.ts[0m:[93m15[0m:[93m1[0m
    [7m15[0m import * as request from 'supertest';
    [7m  [0m [96m~~~~~~~~~~~~~~~~~~~~~~~~~~~~~~~~~~~~~[0m
    Type originates at this import. A namespace-style import cannot be called or constructed, and will cause a failure 
at runtime. Consider using a default import or import require here instead.
[96msrc/modules/inventory/inventory.edge-cases.spec.ts[0m:[93m687[0m:[93m31[0m - [91merror[0m[90m TS2349: 
[0mThis expression is not callable.
  Type '{ default: SuperTestStatic; Test: typeof Test; agent: typeof TestAgent & ((app?: App, options?: AgentOptions) 
=> TestAgent<Test>); }' has no call signatures.

[7m687[0m             const res = await request(appViewer).get(`/purchase-orders/${poId}`);
[7m   [0m [91m                              ~~~~~~~[0m

  [96msrc/modules/inventory/inventory.edge-cases.spec.ts[0m:[93m15[0m:[93m1[0m
    [7m15[0m import * as request from 'supertest';
    [7m  [0m [96m~~~~~~~~~~~~~~~~~~~~~~~~~~~~~~~~~~~~~[0m
    Type originates at this import. A namespace-style import cannot be called or constructed, and will cause a failure 
at runtime. Consider using a default import or import require here instead.
[96msrc/modules/inventory/inventory.edge-cases.spec.ts[0m:[93m693[0m:[93m31[0m - [91merror[0m[90m TS2349: 
[0mThis expression is not callable.
  Type '{ default: SuperTestStatic; Test: typeof Test; agent: typeof TestAgent & ((app?: App, options?: AgentOptions) 
=> TestAgent<Test>); }' has no call signatures.

[7m693[0m             const res = await 
request(appViewer).put(`/purchase-orders/${poId}`).send(validUpdatePayload());
[7m   [0m [91m                              ~~~~~~~[0m

  [96msrc/modules/inventory/inventory.edge-cases.spec.ts[0m:[93m15[0m:[93m1[0m
    [7m15[0m import * as request from 'supertest';
    [7m  [0m [96m~~~~~~~~~~~~~~~~~~~~~~~~~~~~~~~~~~~~~[0m
    Type originates at this import. A namespace-style import cannot be called or constructed, and will cause a failure 
at runtime. Consider using a default import or import require here instead.
[96msrc/modules/inventory/inventory.edge-cases.spec.ts[0m:[93m700[0m:[93m31[0m - [91merror[0m[90m TS2349: 
[0mThis expression is not callable.
  Type '{ default: SuperTestStatic; Test: typeof Test; agent: typeof TestAgent & ((app?: App, options?: AgentOptions) 
=> TestAgent<Test>); }' has no call signatures.

[7m700[0m             const res = await request(appViewer).delete(`/purchase-orders/${poId}`);
[7m   [0m [91m                              ~~~~~~~[0m

  [96msrc/modules/inventory/inventory.edge-cases.spec.ts[0m:[93m15[0m:[93m1[0m
    [7m15[0m import * as request from 'supertest';
    [7m  [0m [96m~~~~~~~~~~~~~~~~~~~~~~~~~~~~~~~~~~~~~[0m
    Type originates at this import. A namespace-style import cannot be called or constructed, and will cause a failure 
at runtime. Consider using a default import or import require here instead.
[96msrc/modules/inventory/inventory.edge-cases.spec.ts[0m:[93m707[0m:[93m31[0m - [91merror[0m[90m TS2349: 
[0mThis expression is not callable.
  Type '{ default: SuperTestStatic; Test: typeof Test; agent: typeof TestAgent & ((app?: App, options?: AgentOptions) 
=> TestAgent<Test>); }' has no call signatures.

[7m707[0m             const res = await request(appAdmin).post('/purchase-orders').send(validPayload);
[7m   [0m [91m                              ~~~~~~~[0m

  [96msrc/modules/inventory/inventory.edge-cases.spec.ts[0m:[93m15[0m:[93m1[0m
    [7m15[0m import * as request from 'supertest';
    [7m  [0m [96m~~~~~~~~~~~~~~~~~~~~~~~~~~~~~~~~~~~~~[0m
    Type originates at this import. A namespace-style import cannot be called or constructed, and will cause a failure 
at runtime. Consider using a default import or import require here instead.
[96msrc/modules/inventory/inventory.edge-cases.spec.ts[0m:[93m713[0m:[93m31[0m - [91merror[0m[90m TS2349: 
[0mThis expression is not callable.
  Type '{ default: SuperTestStatic; Test: typeof Test; agent: typeof TestAgent & ((app?: App, options?: AgentOptions) 
=> TestAgent<Test>); }' has no call signatures.

[7m713[0m             const res = await request(appAdmin).put(`/purchase-orders/${poId}`).send(validUpdatePayload());
[7m   [0m [91m                              ~~~~~~~[0m

  [96msrc/modules/inventory/inventory.edge-cases.spec.ts[0m:[93m15[0m:[93m1[0m
    [7m15[0m import * as request from 'supertest';
    [7m  [0m [96m~~~~~~~~~~~~~~~~~~~~~~~~~~~~~~~~~~~~~[0m
    Type originates at this import. A namespace-style import cannot be called or constructed, and will cause a failure 
at runtime. Consider using a default import or import require here instead.
[96msrc/modules/inventory/inventory.edge-cases.spec.ts[0m:[93m719[0m:[93m31[0m - [91merror[0m[90m TS2349: 
[0mThis expression is not callable.
  Type '{ default: SuperTestStatic; Test: typeof Test; agent: typeof TestAgent & ((app?: App, options?: AgentOptions) 
=> TestAgent<Test>); }' has no call signatures.

[7m719[0m             const res = await request(appAdmin).delete(`/purchase-orders/${poId}`);
[7m   [0m [91m                              ~~~~~~~[0m

  [96msrc/modules/inventory/inventory.edge-cases.spec.ts[0m:[93m15[0m:[93m1[0m
    [7m15[0m import * as request from 'supertest';
    [7m  [0m [96m~~~~~~~~~~~~~~~~~~~~~~~~~~~~~~~~~~~~~[0m
    Type originates at this import. A namespace-style import cannot be called or constructed, and will cause a failure 
at runtime. Consider using a default import or import require here instead.
[96msrc/modules/inventory/inventory.edge-cases.spec.ts[0m:[93m735[0m:[93m31[0m - [91merror[0m[90m TS2349: 
[0mThis expression is not callable.
  Type '{ default: SuperTestStatic; Test: typeof Test; agent: typeof TestAgent & ((app?: App, options?: AgentOptions) 
=> TestAgent<Test>); }' has no call signatures.

[7m735[0m             const res = await request(app).post('/purchase-orders').send(payload);
[7m   [0m [91m                              ~~~~~~~[0m

  [96msrc/modules/inventory/inventory.edge-cases.spec.ts[0m:[93m15[0m:[93m1[0m
    [7m15[0m import * as request from 'supertest';
    [7m  [0m [96m~~~~~~~~~~~~~~~~~~~~~~~~~~~~~~~~~~~~~[0m
    Type originates at this import. A namespace-style import cannot be called or constructed, and will cause a failure 
at runtime. Consider using a default import or import require here instead.
[96msrc/modules/inventory/inventory.edge-cases.spec.ts[0m:[93m744[0m:[93m31[0m - [91merror[0m[90m TS2349: 
[0mThis expression is not callable.
  Type '{ default: SuperTestStatic; Test: typeof Test; agent: typeof TestAgent & ((app?: App, options?: AgentOptions) 
=> TestAgent<Test>); }' has no call signatures.

[7m744[0m             const res = await request(app).post('/purchase-orders').send(payload);
[7m   [0m [91m                              ~~~~~~~[0m

  [96msrc/modules/inventory/inventory.edge-cases.spec.ts[0m:[93m15[0m:[93m1[0m
    [7m15[0m import * as request from 'supertest';
    [7m  [0m [96m~~~~~~~~~~~~~~~~~~~~~~~~~~~~~~~~~~~~~[0m
    Type originates at this import. A namespace-style import cannot be called or constructed, and will cause a failure 
at runtime. Consider using a default import or import require here instead.
[96msrc/modules/inventory/inventory.edge-cases.spec.ts[0m:[93m753[0m:[93m31[0m - [91merror[0m[90m TS2349: 
[0mThis expression is not callable.
  Type '{ default: SuperTestStatic; Test: typeof Test; agent: typeof TestAgent & ((app?: App, options?: AgentOptions) 
=> TestAgent<Test>); }' has no call signatures.

[7m753[0m             const res = await request(app).post('/purchase-orders').send(payload);
[7m   [0m [91m                              ~~~~~~~[0m

  [96msrc/modules/inventory/inventory.edge-cases.spec.ts[0m:[93m15[0m:[93m1[0m
    [7m15[0m import * as request from 'supertest';
    [7m  [0m [96m~~~~~~~~~~~~~~~~~~~~~~~~~~~~~~~~~~~~~[0m
    Type originates at this import. A namespace-style import cannot be called or constructed, and will cause a failure 
at runtime. Consider using a default import or import require here instead.
[96msrc/modules/inventory/inventory.edge-cases.spec.ts[0m:[93m762[0m:[93m31[0m - [91merror[0m[90m TS2349: 
[0mThis expression is not callable.
  Type '{ default: SuperTestStatic; Test: typeof Test; agent: typeof TestAgent & ((app?: App, options?: AgentOptions) 
=> TestAgent<Test>); }' has no call signatures.

[7m762[0m             const res = await request(app).put(`/purchase-orders/${poId}`).send({ status: 'RECEIVED' });
[7m   [0m [91m                              ~~~~~~~[0m

  [96msrc/modules/inventory/inventory.edge-cases.spec.ts[0m:[93m15[0m:[93m1[0m
    [7m15[0m import * as request from 'supertest';
    [7m  [0m [96m~~~~~~~~~~~~~~~~~~~~~~~~~~~~~~~~~~~~~[0m
    Type originates at this import. A namespace-style import cannot be called or constructed, and will cause a failure 
at runtime. Consider using a default import or import require here instead.
[96msrc/modules/inventory/inventory.edge-cases.spec.ts[0m:[93m770[0m:[93m31[0m - [91merror[0m[90m TS2349: 
[0mThis expression is not callable.
  Type '{ default: SuperTestStatic; Test: typeof Test; agent: typeof TestAgent & ((app?: App, options?: AgentOptions) 
=> TestAgent<Test>); }' has no call signatures.

[7m770[0m             const res = await request(app).post('/purchase-orders').send(validCreatePayload());
[7m   [0m [91m                              ~~~~~~~[0m

  [96msrc/modules/inventory/inventory.edge-cases.spec.ts[0m:[93m15[0m:[93m1[0m
    [7m15[0m import * as request from 'supertest';
    [7m  [0m [96m~~~~~~~~~~~~~~~~~~~~~~~~~~~~~~~~~~~~~[0m
    Type originates at this import. A namespace-style import cannot be called or constructed, and will cause a failure 
at runtime. Consider using a default import or import require here instead.
[96msrc/modules/inventory/purchase-orders.controller.ts[0m:[93m7[0m:[93m3[0m - [91merror[0m[90m TS2724: 
[0m'"./dto/purchase-order.dto"' has no exported member named 'PurchaseOrderQueryDto'. Did you mean 
'PurchaseOrderItemDto'?

[7m7[0m   PurchaseOrderQueryDto,
[7m [0m [91m  ~~~~~~~~~~~~~~~~~~~~~[0m

  [96msrc/modules/inventory/dto/purchase-order.dto.ts[0m:[93m28[0m:[93m14[0m
    [7m28[0m export class PurchaseOrderItemDto {
    [7m  [0m [96m             ~~~~~~~~~~~~~~~~~~~~[0m
    'PurchaseOrderItemDto' is declared here.
[96msrc/modules/inventory/purchase-orders.controller.ts[0m:[93m8[0m:[93m3[0m - [91merror[0m[90m TS2724: 
[0m'"./dto/purchase-order.dto"' has no exported member named 'ReceivePurchaseOrderDto'. Did you mean 
'CreatePurchaseOrderDto'?

[7m8[0m   ReceivePurchaseOrderDto, // DTO for matching invoices
[7m [0m [91m  ~~~~~~~~~~~~~~~~~~~~~~~[0m

  [96msrc/modules/inventory/dto/purchase-order.dto.ts[0m:[93m48[0m:[93m14[0m
    [7m48[0m export class CreatePurchaseOrderDto {
    [7m  [0m [96m             ~~~~~~~~~~~~~~~~~~~~~~[0m
    'CreatePurchaseOrderDto' is declared here.
[96msrc/modules/inventory/purchase-orders.controller.ts[0m:[93m26[0m:[93m39[0m - [91merror[0m[90m TS2339: 
[0mProperty 'create' does not exist on type 'PurchaseOrdersService'.

[7m26[0m     return this.purchaseOrdersService.create(tenantId, createPurchaseOrderDto);
[7m  [0m [91m                                      ~~~~~~[0m
[96msrc/modules/inventory/purchase-orders.controller.ts[0m:[93m38[0m:[93m39[0m - [91merror[0m[90m TS2339: 
[0mProperty 'findAll' does not exist on type 'PurchaseOrdersService'.

[7m38[0m     return this.purchaseOrdersService.findAll(tenantId, query);
[7m  [0m [91m                                      ~~~~~~~[0m
[96msrc/modules/inventory/purchase-orders.controller.ts[0m:[93m51[0m:[93m60[0m - [91merror[0m[90m TS2339: 
[0mProperty 'findOne' does not exist on type 'PurchaseOrdersService'.

[7m51[0m     const purchaseOrder = await this.purchaseOrdersService.findOne(tenantId, id);
[7m  [0m [91m                                                           ~~~~~~~[0m
[96msrc/modules/inventory/purchase-orders.controller.ts[0m:[93m70[0m:[93m67[0m - [91merror[0m[90m TS2339: 
[0mProperty 'update' does not exist on type 'PurchaseOrdersService'.

[7m70[0m     const updatedPurchaseOrder = await this.purchaseOrdersService.update(tenantId, id, 
updatePurchaseOrderDto);
[7m  [0m [91m                                                                  ~~~~~~[0m
[96msrc/modules/inventory/purchase-orders.controller.ts[0m:[93m89[0m:[93m68[0m - [91merror[0m[90m TS2551: 
[0mProperty 'receivePurchaseOrder' does not exist on type 'PurchaseOrdersService'. Did you mean 'createPurchaseOrder'?

[7m89[0m     const receivedPurchaseOrder = await this.purchaseOrdersService.receivePurchaseOrder(tenantId, id, 
receivePurchaseOrderDto);
[7m  [0m [91m                                                                   ~~~~~~~~~~~~~~~~~~~~[0m

  [96msrc/modules/inventory/purchase-orders.service.ts[0m:[93m61[0m:[93m9[0m
    [7m61[0m   async createPurchaseOrder(tenantId: string, data: CreatePurchaseOrderDto): Promise<PurchaseOrder> {
    [7m  [0m [96m        ~~~~~~~~~~~~~~~~~~~[0m
    'createPurchaseOrder' is declared here.
[96msrc/modules/inventory/purchase-orders.service.ts[0m:[93m13[0m:[93m36[0m - [91merror[0m[90m TS2339: 
[0mProperty 'purchaseOrders' does not exist on type 'typeof import("@paysurity/database")'.

[7m13[0m type PurchaseOrder = typeof schema.purchaseOrders.$inferSelect;
[7m  [0m [91m                                   ~~~~~~~~~~~~~~[0m
[96msrc/modules/inventory/purchase-orders.service.ts[0m:[93m14[0m:[93m39[0m - [91merror[0m[90m TS2339: 
[0mProperty 'purchaseOrders' does not exist on type 'typeof import("@paysurity/database")'.

[7m14[0m type NewPurchaseOrder = typeof schema.purchaseOrders.$inferInsert;
[7m  [0m [91m                                      ~~~~~~~~~~~~~~[0m
[96msrc/modules/inventory/purchase-orders.service.ts[0m:[93m17[0m:[93m40[0m - [91merror[0m[90m TS2339: 
[0mProperty 'purchaseOrderItems' does not exist on type 'typeof import("@paysurity/database")'.

[7m17[0m type PurchaseOrderItem = typeof schema.purchaseOrderItems.$inferSelect;
[7m  [0m [91m                                       ~~~~~~~~~~~~~~~~~~[0m
[96msrc/modules/inventory/purchase-orders.service.ts[0m:[93m18[0m:[93m43[0m - [91merror[0m[90m TS2339: 
[0mProperty 'purchaseOrderItems' does not exist on type 'typeof import("@paysurity/database")'.

[7m18[0m type NewPurchaseOrderItem = typeof schema.purchaseOrderItems.$inferInsert;
[7m  [0m [91m                                          ~~~~~~~~~~~~~~~~~~[0m
[96msrc/modules/inventory/purchase-orders.service.ts[0m:[93m81[0m:[93m49[0m - [91merror[0m[90m TS2339: 
[0mProperty 'purchaseOrders' does not exist on type 'typeof import("@paysurity/database")'.

[7m81[0m       const [newOrder] = await tx.insert(schema.purchaseOrders).values(orderToInsert).returning();
[7m  [0m [91m                                                ~~~~~~~~~~~~~~[0m
[96msrc/modules/inventory/purchase-orders.service.ts[0m:[93m97[0m:[93m32[0m - [91merror[0m[90m TS2339: 
[0mProperty 'purchaseOrderItems' does not exist on type 'typeof import("@paysurity/database")'.

[7m97[0m         await tx.insert(schema.purchaseOrderItems).values(orderItemsToInsert).returning();
[7m  [0m [91m                               ~~~~~~~~~~~~~~~~~~[0m
[96msrc/modules/inventory/purchase-orders.service.ts[0m:[93m109[0m:[93m26[0m - [91merror[0m[90m TS2339: 
[0mProperty 'purchaseOrders' does not exist on type 'DrizzleTypeError<"Seems like the schema generic is missing - did 
you forget to add it to your DB type?"> | { [x: string]: RelationalQueryBuilder<ExtractTablesWithRelations<any>, { 
...; }>; }'.
  Property 'purchaseOrders' does not exist on type 'DrizzleTypeError<"Seems like the schema generic is missing - did 
you forget to add it to your DB type?">'.

[7m109[0m     return this.db.query.purchaseOrders.findMany({
[7m   [0m [91m                         ~~~~~~~~~~~~~~[0m
[96msrc/modules/inventory/purchase-orders.service.ts[0m:[93m110[0m:[93m24[0m - [91merror[0m[90m TS2339: 
[0mProperty 'purchaseOrders' does not exist on type 'typeof import("@paysurity/database")'.

[7m110[0m       where: eq(schema.purchaseOrders.tenantId, tenantId),
[7m   [0m [91m                       ~~~~~~~~~~~~~~[0m
[96msrc/modules/inventory/purchase-orders.service.ts[0m:[93m126[0m:[93m47[0m - [91merror[0m[90m TS2339: 
[0mProperty 'purchaseOrders' does not exist on type 'DrizzleTypeError<"Seems like the schema generic is missing - did 
you forget to add it to your DB type?"> | { [x: string]: RelationalQueryBuilder<ExtractTablesWithRelations<any>, { 
...; }>; }'.
  Property 'purchaseOrders' does not exist on type 'DrizzleTypeError<"Seems like the schema generic is missing - did 
you forget to add it to your DB type?">'.

[7m126[0m     const purchaseOrder = await this.db.query.purchaseOrders.findFirst({
[7m   [0m [91m                                              ~~~~~~~~~~~~~~[0m
[96msrc/modules/inventory/purchase-orders.service.ts[0m:[93m127[0m:[93m28[0m - [91merror[0m[90m TS2339: 
[0mProperty 'purchaseOrders' does not exist on type 'typeof import("@paysurity/database")'.

[7m127[0m       where: and(eq(schema.purchaseOrders.id, id), eq(schema.purchaseOrders.tenantId, tenantId)),
[7m   [0m [91m                           ~~~~~~~~~~~~~~[0m
[96msrc/modules/inventory/purchase-orders.service.ts[0m:[93m127[0m:[93m62[0m - [91merror[0m[90m TS2339: 
[0mProperty 'purchaseOrders' does not exist on type 'typeof import("@paysurity/database")'.

[7m127[0m       where: and(eq(schema.purchaseOrders.id, id), eq(schema.purchaseOrders.tenantId, tenantId)),
[7m   [0m [91m                                                             ~~~~~~~~~~~~~~[0m
[96msrc/modules/inventory/purchase-orders.service.ts[0m:[93m154[0m:[93m22[0m - [91merror[0m[90m TS2339: 
[0mProperty 'purchaseOrders' does not exist on type 'typeof import("@paysurity/database")'.

[7m154[0m       .update(schema.purchaseOrders)
[7m   [0m [91m                     ~~~~~~~~~~~~~~[0m
[96msrc/modules/inventory/purchase-orders.service.ts[0m:[93m156[0m:[93m28[0m - [91merror[0m[90m TS2339: 
[0mProperty 'purchaseOrders' does not exist on type 'typeof import("@paysurity/database")'.

[7m156[0m       .where(and(eq(schema.purchaseOrders.id, id), eq(schema.purchaseOrders.tenantId, tenantId)))
[7m   [0m [91m                           ~~~~~~~~~~~~~~[0m
[96msrc/modules/inventory/purchase-orders.service.ts[0m:[93m156[0m:[93m62[0m - [91merror[0m[90m TS2339: 
[0mProperty 'purchaseOrders' does not exist on type 'typeof import("@paysurity/database")'.

[7m156[0m       .where(and(eq(schema.purchaseOrders.id, id), eq(schema.purchaseOrders.tenantId, tenantId)))
[7m   [0m [91m                                                             ~~~~~~~~~~~~~~[0m
[96msrc/modules/inventory/purchase-orders.service.ts[0m:[93m181[0m:[93m30[0m - [91merror[0m[90m TS2339: 
[0mProperty 'purchaseOrders' does not exist on type 'typeof import("@paysurity/database")'.

[7m181[0m         where: and(eq(schema.purchaseOrders.id, purchaseOrderId), eq(schema.purchaseOrders.tenantId, 
tenantId)),
[7m   [0m [91m                             ~~~~~~~~~~~~~~[0m
[96msrc/modules/inventory/purchase-orders.service.ts[0m:[93m181[0m:[93m77[0m - [91merror[0m[90m TS2339: 
[0mProperty 'purchaseOrders' does not exist on type 'typeof import("@paysurity/database")'.

[7m181[0m         where: and(eq(schema.purchaseOrders.id, purchaseOrderId), eq(schema.purchaseOrders.tenantId, 
tenantId)),
[7m   [0m [91m                                                                            ~~~~~~~~~~~~~~[0m
[96msrc/modules/inventory/purchase-orders.service.ts[0m:[93m199[0m:[93m47[0m - [91merror[0m[90m TS2339: 
[0mProperty 'purchaseOrderItems' does not exist on type 'typeof import("@paysurity/database")'.

[7m199[0m       const newItems = await tx.insert(schema.purchaseOrderItems).values(orderItemsToInsert).returning();
[7m   [0m [91m                                              ~~~~~~~~~~~~~~~~~~[0m
[96msrc/modules/inventory/purchase-orders.service.ts[0m:[93m207[0m:[93m26[0m - [91merror[0m[90m TS2339: 
[0mProperty 'purchaseOrderItems' does not exist on type 'typeof import("@paysurity/database")'.

[7m207[0m         where: eq(schema.purchaseOrderItems.purchaseOrderId, purchaseOrderId),
[7m   [0m [91m                         ~~~~~~~~~~~~~~~~~~[0m
[96msrc/modules/inventory/purchase-orders.service.ts[0m:[93m211[0m:[93m30[0m - [91merror[0m[90m TS2339: 
[0mProperty 'purchaseOrders' does not exist on type 'typeof import("@paysurity/database")'.

[7m211[0m       await tx.update(schema.purchaseOrders)
[7m   [0m [91m                             ~~~~~~~~~~~~~~[0m
[96msrc/modules/inventory/purchase-orders.service.ts[0m:[93m213[0m:[93m26[0m - [91merror[0m[90m TS2339: 
[0mProperty 'purchaseOrders' does not exist on type 'typeof import("@paysurity/database")'.

[7m213[0m         .where(eq(schema.purchaseOrders.id, purchaseOrderId));
[7m   [0m [91m                         ~~~~~~~~~~~~~~[0m
[96msrc/modules/inventory/purchase-orders.service.ts[0m:[93m237[0m:[93m30[0m - [91merror[0m[90m TS2339: 
[0mProperty 'purchaseOrders' does not exist on type 'typeof import("@paysurity/database")'.

[7m237[0m         where: and(eq(schema.purchaseOrders.id, purchaseOrderId), eq(schema.purchaseOrders.tenantId, 
tenantId)),
[7m   [0m [91m                             ~~~~~~~~~~~~~~[0m
[96msrc/modules/inventory/purchase-orders.service.ts[0m:[93m237[0m:[93m77[0m - [91merror[0m[90m TS2339: 
[0mProperty 'purchaseOrders' does not exist on type 'typeof import("@paysurity/database")'.

[7m237[0m         where: and(eq(schema.purchaseOrders.id, purchaseOrderId), eq(schema.purchaseOrders.tenantId, 
tenantId)),
[7m   [0m [91m                                                                            ~~~~~~~~~~~~~~[0m
[96msrc/modules/inventory/purchase-orders.service.ts[0m:[93m250[0m:[93m32[0m - [91merror[0m[90m TS2339: 
[0mProperty 'purchaseOrderItems' does not exist on type 'typeof import("@paysurity/database")'.

[7m250[0m           where: and(eq(schema.purchaseOrderItems.id, itemId), 
eq(schema.purchaseOrderItems.purchaseOrderId, purchaseOrderId)),
[7m   [0m [91m                               ~~~~~~~~~~~~~~~~~~[0m
[96msrc/modules/inventory/purchase-orders.service.ts[0m:[93m250[0m:[93m74[0m - [91merror[0m[90m TS2339: 
[0mProperty 'purchaseOrderItems' does not exist on type 'typeof import("@paysurity/database")'.

[7m250[0m           where: and(eq(schema.purchaseOrderItems.id, itemId), 
eq(schema.purchaseOrderItems.purchaseOrderId, purchaseOrderId)),
[7m   [0m [91m                                                                         ~~~~~~~~~~~~~~~~~~[0m
[96msrc/modules/inventory/purchase-orders.service.ts[0m:[93m261[0m:[93m24[0m - [91merror[0m[90m TS2339: 
[0mProperty 'purchaseOrderItems' does not exist on type 'typeof import("@paysurity/database")'.

[7m261[0m         .update(schema.purchaseOrderItems)
[7m   [0m [91m                       ~~~~~~~~~~~~~~~~~~[0m
[96msrc/modules/inventory/purchase-orders.service.ts[0m:[93m263[0m:[93m30[0m - [91merror[0m[90m TS2339: 
[0mProperty 'purchaseOrderItems' does not exist on type 'typeof import("@paysurity/database")'.

[7m263[0m         .where(and(eq(schema.purchaseOrderItems.id, itemId), eq(schema.purchaseOrderItems.purchaseOrderId, 
purchaseOrderId)))
[7m   [0m [91m                             ~~~~~~~~~~~~~~~~~~[0m
[96msrc/modules/inventory/purchase-orders.service.ts[0m:[93m263[0m:[93m72[0m - [91merror[0m[90m TS2339: 
[0mProperty 'purchaseOrderItems' does not exist on type 'typeof import("@paysurity/database")'.

[7m263[0m         .where(and(eq(schema.purchaseOrderItems.id, itemId), eq(schema.purchaseOrderItems.purchaseOrderId, 
purchaseOrderId)))
[7m   [0m [91m                                                                       ~~~~~~~~~~~~~~~~~~[0m
[96msrc/modules/inventory/purchase-orders.service.ts[0m:[93m272[0m:[93m26[0m - [91merror[0m[90m TS2339: 
[0mProperty 'purchaseOrderItems' does not exist on type 'typeof import("@paysurity/database")'.

[7m272[0m         where: eq(schema.purchaseOrderItems.purchaseOrderId, purchaseOrderId),
[7m   [0m [91m                         ~~~~~~~~~~~~~~~~~~[0m
[96msrc/modules/inventory/purchase-orders.service.ts[0m:[93m276[0m:[93m30[0m - [91merror[0m[90m TS2339: 
[0mProperty 'purchaseOrders' does not exist on type 'typeof import("@paysurity/database")'.

[7m276[0m       await tx.update(schema.purchaseOrders)
[7m   [0m [91m                             ~~~~~~~~~~~~~~[0m
[96msrc/modules/inventory/purchase-orders.service.ts[0m:[93m278[0m:[93m26[0m - [91merror[0m[90m TS2339: 
[0mProperty 'purchaseOrders' does not exist on type 'typeof import("@paysurity/database")'.

[7m278[0m         .where(eq(schema.purchaseOrders.id, purchaseOrderId));
[7m   [0m [91m                         ~~~~~~~~~~~~~~[0m
[96msrc/modules/inventory/purchase-orders.service.ts[0m:[93m302[0m:[93m30[0m - [91merror[0m[90m TS2339: 
[0mProperty 'purchaseOrders' does not exist on type 'typeof import("@paysurity/database")'.

[7m302[0m         where: and(eq(schema.purchaseOrders.id, purchaseOrderId), eq(schema.purchaseOrders.tenantId, 
tenantId)),
[7m   [0m [91m                             ~~~~~~~~~~~~~~[0m
[96msrc/modules/inventory/purchase-orders.service.ts[0m:[93m302[0m:[93m77[0m - [91merror[0m[90m TS2339: 
[0mProperty 'purchaseOrders' does not exist on type 'typeof import("@paysurity/database")'.

[7m302[0m         where: and(eq(schema.purchaseOrders.id, purchaseOrderId), eq(schema.purchaseOrders.tenantId, 
tenantId)),
[7m   [0m [91m                                                                            ~~~~~~~~~~~~~~[0m
[96msrc/modules/inventory/purchase-orders.service.ts[0m:[93m345[0m:[93m26[0m - [91merror[0m[90m TS2339: 
[0mProperty 'purchaseOrderItems' does not exist on type 'typeof import("@paysurity/database")'.

[7m345[0m           .update(schema.purchaseOrderItems)
[7m   [0m [91m                         ~~~~~~~~~~~~~~~~~~[0m
[96msrc/modules/inventory/purchase-orders.service.ts[0m:[93m347[0m:[93m28[0m - [91merror[0m[90m TS2339: 
[0mProperty 'purchaseOrderItems' does not exist on type 'typeof import("@paysurity/database")'.

[7m347[0m           .where(eq(schema.purchaseOrderItems.id, orderItem.id));
[7m   [0m [91m                           ~~~~~~~~~~~~~~~~~~[0m
[96msrc/modules/inventory/purchase-orders.service.ts[0m:[93m351[0m:[93m26[0m - [91merror[0m[90m TS2551: 
[0mProperty 'inventoryItems' does not exist on type 'typeof import("@paysurity/database")'. Did you mean 
'inventory_items'?

[7m351[0m           .update(schema.inventoryItems)
[7m   [0m [91m                         ~~~~~~~~~~~~~~[0m

  [96msrc/types.d.ts[0m:[93m4[0m:[93m16[0m
    [7m4[0m   export const inventory_items: any;
    [7m [0m [96m               ~~~~~~~~~~~~~~~[0m
    'inventory_items' is declared here.
[96msrc/modules/inventory/purchase-orders.service.ts[0m:[93m352[0m:[93m45[0m - [91merror[0m[90m TS2551: 
[0mProperty 'inventoryItems' does not exist on type 'typeof import("@paysurity/database")'. Did you mean 
'inventory_items'?

[7m352[0m           .set({ currentStock: sql`${schema.inventoryItems.currentStock} + 
${receivedItem.quantityReceived}` })
[7m   [0m [91m                                            ~~~~~~~~~~~~~~[0m

  [96msrc/types.d.ts[0m:[93m4[0m:[93m16[0m
    [7m4[0m   export const inventory_items: any;
    [7m [0m [96m               ~~~~~~~~~~~~~~~[0m
    'inventory_items' is declared here.
[96msrc/modules/inventory/purchase-orders.service.ts[0m:[93m353[0m:[93m32[0m - [91merror[0m[90m TS2551: 
[0mProperty 'inventoryItems' does not exist on type 'typeof import("@paysurity/database")'. Did you mean 
'inventory_items'?

[7m353[0m           .where(and(eq(schema.inventoryItems.id, orderItem.inventoryItemId), 
eq(schema.inventoryItems.tenantId, tenantId))); // Ensure tenant isolation for inventory update
[7m   [0m [91m                               ~~~~~~~~~~~~~~[0m

  [96msrc/types.d.ts[0m:[93m4[0m:[93m16[0m
    [7m4[0m   export const inventory_items: any;
    [7m [0m [96m               ~~~~~~~~~~~~~~~[0m
    'inventory_items' is declared here.
[96msrc/modules/inventory/purchase-orders.service.ts[0m:[93m353[0m:[93m89[0m - [91merror[0m[90m TS2551: 
[0mProperty 'inventoryItems' does not exist on type 'typeof import("@paysurity/database")'. Did you mean 
'inventory_items'?

[7m353[0m           .where(and(eq(schema.inventoryItems.id, orderItem.inventoryItemId), 
eq(schema.inventoryItems.tenantId, tenantId))); // Ensure tenant isolation for inventory update
[7m   [0m [91m                                                                                        
~~~~~~~~~~~~~~[0m

  [96msrc/types.d.ts[0m:[93m4[0m:[93m16[0m
    [7m4[0m   export const inventory_items: any;
    [7m [0m [96m               ~~~~~~~~~~~~~~~[0m
    'inventory_items' is declared here.
[96msrc/modules/inventory/purchase-orders.service.ts[0m:[93m364[0m:[93m26[0m - [91merror[0m[90m TS2339: 
[0mProperty 'purchaseOrderItems' does not exist on type 'typeof import("@paysurity/database")'.

[7m364[0m         where: eq(schema.purchaseOrderItems.purchaseOrderId, purchaseOrderId),
[7m   [0m [91m                         ~~~~~~~~~~~~~~~~~~[0m
[96msrc/modules/inventory/purchase-orders.service.ts[0m:[93m384[0m:[93m26[0m - [91merror[0m[90m TS2339: 
[0mProperty 'purchaseOrders' does not exist on type 'typeof import("@paysurity/database")'.

[7m384[0m           .update(schema.purchaseOrders)
[7m   [0m [91m                         ~~~~~~~~~~~~~~[0m
[96msrc/modules/inventory/purchase-orders.service.ts[0m:[93m386[0m:[93m28[0m - [91merror[0m[90m TS2339: 
[0mProperty 'purchaseOrders' does not exist on type 'typeof import("@paysurity/database")'.

[7m386[0m           .where(eq(schema.purchaseOrders.id, purchaseOrderId))
[7m   [0m [91m                           ~~~~~~~~~~~~~~[0m
[96msrc/modules/inventory/purchase-orders.service.ts[0m:[93m391[0m:[93m32[0m - [91merror[0m[90m TS2339: 
[0mProperty 'purchaseOrders' does not exist on type 'typeof import("@paysurity/database")'.

[7m391[0m           where: and(eq(schema.purchaseOrders.id, purchaseOrderId), eq(schema.purchaseOrders.tenantId, 
tenantId)),
[7m   [0m [91m                               ~~~~~~~~~~~~~~[0m
[96msrc/modules/inventory/purchase-orders.service.ts[0m:[93m391[0m:[93m79[0m - [91merror[0m[90m TS2339: 
[0mProperty 'purchaseOrders' does not exist on type 'typeof import("@paysurity/database")'.

[7m391[0m           where: and(eq(schema.purchaseOrders.id, purchaseOrderId), eq(schema.purchaseOrders.tenantId, 
tenantId)),
[7m   [0m [91m                                                                              ~~~~~~~~~~~~~~[0m
[96msrc/modules/inventory/purchase-orders.service.ts[0m:[93m419[0m:[93m47[0m - [91merror[0m[90m TS2339: 
[0mProperty 'purchaseOrders' does not exist on type 'DrizzleTypeError<"Seems like the schema generic is missing - did 
you forget to add it to your DB type?"> | { [x: string]: RelationalQueryBuilder<ExtractTablesWithRelations<any>, { 
...; }>; }'.
  Property 'purchaseOrders' does not exist on type 'DrizzleTypeError<"Seems like the schema generic is missing - did 
you forget to add it to your DB type?">'.

[7m419[0m     const purchaseOrder = await this.db.query.purchaseOrders.findFirst({
[7m   [0m [91m                                              ~~~~~~~~~~~~~~[0m
[96msrc/modules/inventory/purchase-orders.service.ts[0m:[93m420[0m:[93m28[0m - [91merror[0m[90m TS2339: 
[0mProperty 'purchaseOrders' does not exist on type 'typeof import("@paysurity/database")'.

[7m420[0m       where: and(eq(schema.purchaseOrders.id, purchaseOrderId), eq(schema.purchaseOrders.tenantId, 
tenantId)),
[7m   [0m [91m                           ~~~~~~~~~~~~~~[0m
[96msrc/modules/inventory/purchase-orders.service.ts[0m:[93m420[0m:[93m75[0m - [91merror[0m[90m TS2339: 
[0mProperty 'purchaseOrders' does not exist on type 'typeof import("@paysurity/database")'.

[7m420[0m       where: and(eq(schema.purchaseOrders.id, purchaseOrderId), eq(schema.purchaseOrders.tenantId, 
tenantId)),
[7m   [0m [91m                                                                          ~~~~~~~~~~~~~~[0m
[96msrc/modules/inventory/purchase-orders.service.ts[0m:[93m432[0m:[93m22[0m - [91merror[0m[90m TS2339: 
[0mProperty 'purchaseOrders' does not exist on type 'typeof import("@paysurity/database")'.

[7m432[0m       .update(schema.purchaseOrders)
[7m   [0m [91m                     ~~~~~~~~~~~~~~[0m
[96msrc/modules/inventory/purchase-orders.service.ts[0m:[93m434[0m:[93m28[0m - [91merror[0m[90m TS2339: 
[0mProperty 'purchaseOrders' does not exist on type 'typeof import("@paysurity/database")'.

[7m434[0m       .where(and(eq(schema.purchaseOrders.id, purchaseOrderId), eq(schema.purchaseOrders.tenantId, 
tenantId)))
[7m   [0m [91m                           ~~~~~~~~~~~~~~[0m
[96msrc/modules/inventory/purchase-orders.service.ts[0m:[93m434[0m:[93m75[0m - [91merror[0m[90m TS2339: 
[0mProperty 'purchaseOrders' does not exist on type 'typeof import("@paysurity/database")'.

[7m434[0m       .where(and(eq(schema.purchaseOrders.id, purchaseOrderId), eq(schema.purchaseOrders.tenantId, 
tenantId)))
[7m   [0m [91m                                                                          ~~~~~~~~~~~~~~[0m
[96msrc/modules/inventory/purchase-orders.service.ts[0m:[93m452[0m:[93m46[0m - [91merror[0m[90m TS2339: 
[0mProperty 'vendors' does not exist on type 'DrizzleTypeError<"Seems like the schema generic is missing - did you 
forget to add it to your DB type?"> | { [x: string]: RelationalQueryBuilder<ExtractTablesWithRelations<any>, { ...; 
}>; }'.
  Property 'vendors' does not exist on type 'DrizzleTypeError<"Seems like the schema generic is missing - did you 
forget to add it to your DB type?">'.

[7m452[0m     const vendorExists = await this.db.query.vendors.findFirst({
[7m   [0m [91m                                             ~~~~~~~[0m
[96msrc/modules/inventory/purchase-orders.service.ts[0m:[93m453[0m:[93m28[0m - [91merror[0m[90m TS2339: 
[0mProperty 'vendors' does not exist on type 'typeof import("@paysurity/database")'.

[7m453[0m       where: and(eq(schema.vendors.id, vendorId), eq(schema.vendors.tenantId, tenantId)),
[7m   [0m [91m                           ~~~~~~~[0m
[96msrc/modules/inventory/purchase-orders.service.ts[0m:[93m453[0m:[93m61[0m - [91merror[0m[90m TS2339: 
[0mProperty 'vendors' does not exist on type 'typeof import("@paysurity/database")'.

[7m453[0m       where: and(eq(schema.vendors.id, vendorId), eq(schema.vendors.tenantId, tenantId)),
[7m   [0m [91m                                                            ~~~~~~~[0m
[96msrc/modules/inventory/purchase-orders.service.ts[0m:[93m460[0m:[93m26[0m - [91merror[0m[90m TS2339: 
[0mProperty 'purchaseOrders' does not exist on type 'DrizzleTypeError<"Seems like the schema generic is missing - did 
you forget to add it to your DB type?"> | { [x: string]: RelationalQueryBuilder<ExtractTablesWithRelations<any>, { 
...; }>; }'.
  Property 'purchaseOrders' does not exist on type 'DrizzleTypeError<"Seems like the schema generic is missing - did 
you forget to add it to your DB type?">'.

[7m460[0m     return this.db.query.purchaseOrders.findMany({
[7m   [0m [91m                         ~~~~~~~~~~~~~~[0m
[96msrc/modules/inventory/purchase-orders.service.ts[0m:[93m461[0m:[93m28[0m - [91merror[0m[90m TS2339: 
[0mProperty 'purchaseOrders' does not exist on type 'typeof import("@paysurity/database")'.

[7m461[0m       where: and(eq(schema.purchaseOrders.vendorId, vendorId), eq(schema.purchaseOrders.tenantId, 
tenantId)),
[7m   [0m [91m                           ~~~~~~~~~~~~~~[0m
[96msrc/modules/inventory/purchase-orders.service.ts[0m:[93m461[0m:[93m74[0m - [91merror[0m[90m TS2339: 
[0mProperty 'purchaseOrders' does not exist on type 'typeof import("@paysurity/database")'.

[7m461[0m       where: and(eq(schema.purchaseOrders.vendorId, vendorId), eq(schema.purchaseOrders.tenantId, 
tenantId)),
[7m   [0m [91m                                                                         ~~~~~~~~~~~~~~[0m
[96msrc/modules/inventory/purchase-orders.service.ts[0m:[93m479[0m:[93m30[0m - [91merror[0m[90m TS2339: 
[0mProperty 'purchaseOrders' does not exist on type 'typeof import("@paysurity/database")'.

[7m479[0m         where: and(eq(schema.purchaseOrders.id, id), eq(schema.purchaseOrders.tenantId, tenantId)),
[7m   [0m [91m                             ~~~~~~~~~~~~~~[0m
[96msrc/modules/inventory/purchase-orders.service.ts[0m:[93m479[0m:[93m64[0m - [91merror[0m[90m TS2339: 
[0mProperty 'purchaseOrders' does not exist on type 'typeof import("@paysurity/database")'.

[7m479[0m         where: and(eq(schema.purchaseOrders.id, id), eq(schema.purchaseOrders.tenantId, tenantId)),
[7m   [0m [91m                                                               ~~~~~~~~~~~~~~[0m
[96msrc/modules/inventory/purchase-orders.service.ts[0m:[93m499[0m:[93m30[0m - [91merror[0m[90m TS2339: 
[0mProperty 'purchaseOrderItems' does not exist on type 'typeof import("@paysurity/database")'.

[7m499[0m       await tx.delete(schema.purchaseOrderItems)
[7m   [0m [91m                             ~~~~~~~~~~~~~~~~~~[0m
[96msrc/modules/inventory/purchase-orders.service.ts[0m:[93m500[0m:[93m26[0m - [91merror[0m[90m TS2339: 
[0mProperty 'purchaseOrderItems' does not exist on type 'typeof import("@paysurity/database")'.

[7m500[0m         .where(eq(schema.purchaseOrderItems.purchaseOrderId, id));
[7m   [0m [91m                         ~~~~~~~~~~~~~~~~~~[0m
[96msrc/modules/inventory/purchase-orders.service.ts[0m:[93m503[0m:[93m53[0m - [91merror[0m[90m TS2339: 
[0mProperty 'purchaseOrders' does not exist on type 'typeof import("@paysurity/database")'.

[7m503[0m       const [deletedOrder] = await tx.delete(schema.purchaseOrders)
[7m   [0m [91m                                                    ~~~~~~~~~~~~~~[0m
[96msrc/modules/inventory/purchase-orders.service.ts[0m:[93m504[0m:[93m30[0m - [91merror[0m[90m TS2339: 
[0mProperty 'purchaseOrders' does not exist on type 'typeof import("@paysurity/database")'.

[7m504[0m         .where(and(eq(schema.purchaseOrders.id, id), eq(schema.purchaseOrders.tenantId, tenantId)))
[7m   [0m [91m                             ~~~~~~~~~~~~~~[0m
[96msrc/modules/inventory/purchase-orders.service.ts[0m:[93m504[0m:[93m64[0m - [91merror[0m[90m TS2339: 
[0mProperty 'purchaseOrders' does not exist on type 'typeof import("@paysurity/database")'.

[7m504[0m         .where(and(eq(schema.purchaseOrders.id, id), eq(schema.purchaseOrders.tenantId, tenantId)))
[7m   [0m [91m                                                               ~~~~~~~~~~~~~~[0m
[96msrc/modules/inventory/purchase-orders.service.ts[0m:[93m505[0m:[93m33[0m - [91merror[0m[90m TS2339: 
[0mProperty 'purchaseOrders' does not exist on type 'typeof import("@paysurity/database")'.

[7m505[0m         .returning({ id: schema.purchaseOrders.id });
[7m   [0m [91m                                ~~~~~~~~~~~~~~[0m
[96msrc/modules/kds/kds.controller.ts[0m:[93m37[0m:[93m3[0m - [91merror[0m[90m TS2305: [0mModule 
'"./kds.dto"' has no exported member 'UpdateOrderItemPriorityDto'.

[7m37[0m   UpdateOrderItemPriorityDto,
[7m  [0m [91m  ~~~~~~~~~~~~~~~~~~~~~~~~~~[0m
[96msrc/modules/kds/kds.controller.ts[0m:[93m38[0m:[93m3[0m - [91merror[0m[90m TS2305: [0mModule 
'"./kds.dto"' has no exported member 'CreateKdsOrderDto'.

[7m38[0m   CreateKdsOrderDto,
[7m  [0m [91m  ~~~~~~~~~~~~~~~~~[0m
[96msrc/modules/kds/kds.controller.ts[0m:[93m39[0m:[93m3[0m - [91merror[0m[90m TS2305: [0mModule 
'"./kds.dto"' has no exported member 'KdsOrderItemResponseDto'.

[7m39[0m   KdsOrderItemResponseDto,
[7m  [0m [91m  ~~~~~~~~~~~~~~~~~~~~~~~[0m
[96msrc/modules/kds/kds.controller.ts[0m:[93m40[0m:[93m3[0m - [91merror[0m[90m TS2305: [0mModule 
'"./kds.dto"' has no exported member 'KdsQueueResponseDto'.

[7m40[0m   KdsQueueResponseDto,
[7m  [0m [91m  ~~~~~~~~~~~~~~~~~~~[0m
[96msrc/modules/kds/kds.controller.ts[0m:[93m41[0m:[93m3[0m - [91merror[0m[90m TS2305: [0mModule 
'"./kds.dto"' has no exported member 'GetKdsQueueFilterDto'.

[7m41[0m   GetKdsQueueFilterDto, // Assuming this DTO is defined in kds.dto.ts
[7m  [0m [91m  ~~~~~~~~~~~~~~~~~~~~[0m
[96msrc/modules/kds/kds.controller.ts[0m:[93m67[0m:[93m28[0m - [91merror[0m[90m TS2339: [0mProperty 
'createKdsOrderItems' does not exist on type 'KdsService'.

[7m67[0m     return this.kdsService.createKdsOrderItems(tenantId, createKdsOrderDto);
[7m  [0m [91m                           ~~~~~~~~~~~~~~~~~~~[0m
[96msrc/modules/kds/kds.controller.ts[0m:[93m96[0m:[93m28[0m - [91merror[0m[90m TS2339: [0mProperty 
'getKdsQueue' does not exist on type 'KdsService'.

[7m96[0m     return this.kdsService.getKdsQueue(tenantId, filters);
[7m  [0m [91m                           ~~~~~~~~~~~[0m
[96msrc/modules/kds/kds.controller.ts[0m:[93m113[0m:[93m28[0m - [91merror[0m[90m TS2339: [0mProperty 
'updateOrderItemStatus' does not exist on type 'KdsService'.

[7m113[0m     return this.kdsService.updateOrderItemStatus(tenantId, itemId, updateStatusDto.status);
[7m   [0m [91m                           ~~~~~~~~~~~~~~~~~~~~~[0m
[96msrc/modules/kds/kds.controller.ts[0m:[93m135[0m:[93m28[0m - [91merror[0m[90m TS2339: [0mProperty 
'getTicketOrderItems' does not exist on type 'KdsService'.

[7m135[0m     return this.kdsService.getTicketOrderItems(tenantId, ticketId, filters);
[7m   [0m [91m                           ~~~~~~~~~~~~~~~~~~~[0m
[96msrc/modules/kds/kds.controller.ts[0m:[93m152[0m:[93m28[0m - [91merror[0m[90m TS2339: [0mProperty 
'reprioritizeOrderItem' does not exist on type 'KdsService'.

[7m152[0m     return this.kdsService.reprioritizeOrderItem(tenantId, itemId, reprioritizeDto.newPriority);
[7m   [0m [91m                           ~~~~~~~~~~~~~~~~~~~~~[0m
[96msrc/modules/loyalty/loyalty-earn.consumer.ts[0m:[93m43[0m:[93m31[0m - [91merror[0m[90m TS2339: 
[0mProperty 'earnPoints' does not exist on type 'LoyaltyService'.

[7m43[0m     await this.loyaltyService.earnPoints(
[7m  [0m [91m                              ~~~~~~~~~~[0m
[96msrc/modules/loyalty/loyalty.edge-cases.spec.ts[0m:[93m68[0m:[93m7[0m - [91merror[0m[90m TS2451: 
[0mCannot redeclare block-scoped variable 'mockAuthService'.

[7m68[0m const mockAuthService = {
[7m  [0m [91m      ~~~~~~~~~~~~~~~[0m

  [96msrc/modules/tables/tables.edge-cases.spec.ts[0m:[93m152[0m:[93m7[0m
    [7m152[0m const mockAuthService = new MockAuthService();
    [7m   [0m [96m      ~~~~~~~~~~~~~~~[0m
    'mockAuthService' was also declared here.
[96msrc/modules/mastercard/mastercard-send.adapter.ts[0m:[93m221[0m:[93m20[0m - [91merror[0m[90m TS2304: 
[0mCannot find name 'HeadersInit'.

[7m221[0m     const headers: HeadersInit = {
[7m   [0m [91m                   ~~~~~~~~~~~[0m
[96msrc/modules/mastercard/mastercard.controller.ts[0m:[93m65[0m:[93m24[0m - [91merror[0m[90m TS2339: 
[0mProperty 'instantMerchantPayout' does not exist on type 'MastercardService'.

[7m65[0m         return this.mc.instantMerchantPayout(body.recipientId, body.tenantId, body.amountCents, 
body.destinationToken);
[7m  [0m [91m                       ~~~~~~~~~~~~~~~~~~~~~[0m
[96msrc/modules/mastercard/mastercard.controller.ts[0m:[93m67[0m:[93m24[0m - [91merror[0m[90m TS2339: 
[0mProperty 'instantPayrollPayout' does not exist on type 'MastercardService'.

[7m67[0m         return this.mc.instantPayrollPayout(body.recipientId, body.tenantId, body.amountCents, 
body.destinationToken);
[7m  [0m [91m                       ~~~~~~~~~~~~~~~~~~~~[0m
[96msrc/modules/mastercard/mastercard.controller.ts[0m:[93m69[0m:[93m24[0m - [91merror[0m[90m TS2339: 
[0mProperty 'instantCommissionPayout' does not exist on type 'MastercardService'.

[7m69[0m         return this.mc.instantCommissionPayout(body.recipientId, body.tenantId, body.amountCents, 
body.destinationToken);
[7m  [0m [91m                       ~~~~~~~~~~~~~~~~~~~~~~~[0m
[96msrc/modules/mastercard/mastercard.controller.ts[0m:[93m78[0m:[93m20[0m - [91merror[0m[90m TS2339: 
[0mProperty 'getDisbursementStatus' does not exist on type 'MastercardService'.

[7m78[0m     return this.mc.getDisbursementStatus(id);
[7m  [0m [91m                   ~~~~~~~~~~~~~~~~~~~~~[0m
[96msrc/modules/mastercard/mastercard.controller.ts[0m:[93m88[0m:[93m20[0m - [91merror[0m[90m TS2339: 
[0mProperty 'checkPayoutEligibility' does not exist on type 'MastercardService'.

[7m88[0m     return this.mc.checkPayoutEligibility(body.destinationToken, body.amountCents);
[7m  [0m [91m                   ~~~~~~~~~~~~~~~~~~~~~~[0m
[96msrc/modules/mastercard/mastercard.service.ts[0m:[93m4[0m:[93m33[0m - [91merror[0m[90m TS2305: [0mModule 
'"./mastercard-send.adapter"' has no exported member 'DisbursementRequest'.

[7m4[0m import { MastercardSendAdapter, DisbursementRequest, DisbursementResult, TransactionStatusResult } from 
'./mastercard-send.adapter';
[7m [0m [91m                                ~~~~~~~~~~~~~~~~~~~[0m
[96msrc/modules/mastercard/mastercard.service.ts[0m:[93m4[0m:[93m54[0m - [91merror[0m[90m TS2305: [0mModule 
'"./mastercard-send.adapter"' has no exported member 'DisbursementResult'.

[7m4[0m import { MastercardSendAdapter, DisbursementRequest, DisbursementResult, TransactionStatusResult } from 
'./mastercard-send.adapter';
[7m [0m [91m                                                     ~~~~~~~~~~~~~~~~~~[0m
[96msrc/modules/mastercard/mastercard.service.ts[0m:[93m106[0m:[93m145[0m - [91merror[0m[90m TS2339: 
[0mProperty 'apiTransactionId' does not exist on type 'SendFundsResult'.

[7m106[0m       this.logger.log(`[MC Send] Fund disbursement successful for transactionId: 
${dto.merchantTransactionId} with API Transaction ID: ${result.apiTransactionId}`);
[7m   [0m [91m                                                                                                      
                                          ~~~~~~~~~~~~~~~~[0m
[96msrc/modules/merchant/dto/merchant.dto.ts[0m:[93m3[0m:[93m29[0m - [91merror[0m[90m TS2307: [0mCannot find 
module '@nestjs/mapped-types' or its corresponding type declarations.

[7m3[0m import { PartialType } from '@nestjs/mapped-types';
[7m [0m [91m                            ~~~~~~~~~~~~~~~~~~~~~~[0m
[96msrc/modules/merchant/inventory-sentry.service.ts[0m:[93m233[0m:[93m12[0m - [91merror[0m[90m TS2352: 
[0mConversion of type 'Record<string, unknown>[]' to type 'LowStockItem[]' may be a mistake because neither type 
sufficiently overlaps with the other. If this was intentional, convert the expression to 'unknown' first.
  Type 'Record<string, unknown>' is missing the following properties from type 'LowStockItem': id, tenant_id, name, 
category, and 4 more.

[7m233[0m     return result.rows as LowStockItem[];
[7m   [0m [91m           ~~~~~~~~~~~~~~~~~~~~~~~~~~~~~[0m
[96msrc/modules/merchant/merchant-onboarding.controller.ts[0m:[93m49[0m:[93m4[0m - [91merror[0m[90m TS2304: 
[0mCannot find name 'ApiProperty'.

[7m49[0m   @ApiProperty({ description: 'Legal business name', example: 'Acme Corp LLC' })
[7m  [0m [91m   ~~~~~~~~~~~[0m
[96msrc/modules/merchant/merchant-onboarding.controller.ts[0m:[93m54[0m:[93m4[0m - [91merror[0m[90m TS2304: 
[0mCannot find name 'ApiProperty'.

[7m54[0m   @ApiProperty({ description: 'Business registration number', example: '123456789' })
[7m  [0m [91m   ~~~~~~~~~~~[0m
[96msrc/modules/merchant/merchant-onboarding.controller.ts[0m:[93m59[0m:[93m4[0m - [91merror[0m[90m TS2304: 
[0mCannot find name 'ApiProperty'.

[7m59[0m   @ApiProperty({ description: 'Tax identification number', example: '987654321' })
[7m  [0m [91m   ~~~~~~~~~~~[0m
[96msrc/modules/merchant/merchant-onboarding.controller.ts[0m:[93m64[0m:[93m4[0m - [91merror[0m[90m TS2304: 
[0mCannot find name 'ApiProperty'.

[7m64[0m   @ApiProperty({ description: 'Business legal structure', example: 'LLC', enum: ['SOLE_PROPRIETORSHIP', 
'LLC', 'CORPORATION', 'PARTNERSHIP'] })
[7m  [0m [91m   ~~~~~~~~~~~[0m
[96msrc/modules/merchant/merchant-onboarding.controller.ts[0m:[93m70[0m:[93m4[0m - [91merror[0m[90m TS2304: 
[0mCannot find name 'ApiProperty'.

[7m70[0m   @ApiProperty({ description: 'Primary contact full name', example: 'John Doe' })
[7m  [0m [91m   ~~~~~~~~~~~[0m
[96msrc/modules/merchant/merchant-onboarding.controller.ts[0m:[93m75[0m:[93m4[0m - [91merror[0m[90m TS2304: 
[0mCannot find name 'ApiProperty'.

[7m75[0m   @ApiProperty({ description: 'Primary contact email', example: 'john.doe@example.com' })
[7m  [0m [91m   ~~~~~~~~~~~[0m
[96msrc/modules/merchant/merchant-onboarding.controller.ts[0m:[93m81[0m:[93m4[0m - [91merror[0m[90m TS2304: 
[0mCannot find name 'ApiProperty'.

[7m81[0m   @ApiProperty({ description: 'Address line 1', example: '123 Main St' })
[7m  [0m [91m   ~~~~~~~~~~~[0m
[96msrc/modules/merchant/merchant-onboarding.controller.ts[0m:[93m86[0m:[93m4[0m - [91merror[0m[90m TS2304: 
[0mCannot find name 'ApiProperty'.

[7m86[0m   @ApiProperty({ description: 'Address line 2', example: 'Suite 100', required: false })
[7m  [0m [91m   ~~~~~~~~~~~[0m
[96msrc/modules/merchant/merchant-onboarding.controller.ts[0m:[93m91[0m:[93m4[0m - [91merror[0m[90m TS2304: 
[0mCannot find name 'ApiProperty'.

[7m91[0m   @ApiProperty({ description: 'City', example: 'Anytown' })
[7m  [0m [91m   ~~~~~~~~~~~[0m
[96msrc/modules/merchant/merchant-onboarding.controller.ts[0m:[93m96[0m:[93m4[0m - [91merror[0m[90m TS2304: 
[0mCannot find name 'ApiProperty'.

[7m96[0m   @ApiProperty({ description: 'State/Province', example: 'CA' })
[7m  [0m [91m   ~~~~~~~~~~~[0m
[96msrc/modules/merchant/merchant-onboarding.controller.ts[0m:[93m101[0m:[93m4[0m - [91merror[0m[90m TS2304: 
[0mCannot find name 'ApiProperty'.

[7m101[0m   @ApiProperty({ description: 'Postal code', example: '90210' })
[7m   [0m [91m   ~~~~~~~~~~~[0m
[96msrc/modules/merchant/merchant-onboarding.controller.ts[0m:[93m106[0m:[93m4[0m - [91merror[0m[90m TS2304: 
[0mCannot find name 'ApiProperty'.

[7m106[0m   @ApiProperty({ description: 'Country code (ISO 3166-1 alpha-2)', example: 'US' })
[7m   [0m [91m   ~~~~~~~~~~~[0m
[96msrc/modules/merchant/merchant-onboarding.controller.ts[0m:[93m111[0m:[93m4[0m - [91merror[0m[90m TS2304: 
[0mCannot find name 'ApiProperty'.

[7m111[0m   @ApiProperty({ description: 'Array of document URLs (e.g., business license, ID)', type: [String], 
example: ['https://docs.paysurity.com/doc1.pdf'], required: false })
[7m   [0m [91m   ~~~~~~~~~~~[0m
[96msrc/modules/merchant/merchant-onboarding.controller.ts[0m:[93m119[0m:[93m4[0m - [91merror[0m[90m TS2304: 
[0mCannot find name 'ApiProperty'.

[7m119[0m   @ApiProperty({ description: 'Gateway provider name (e.g., Stripe, PayPal)', example: 'Stripe' })
[7m   [0m [91m   ~~~~~~~~~~~[0m
[96msrc/modules/merchant/merchant-onboarding.controller.ts[0m:[93m124[0m:[93m4[0m - [91merror[0m[90m TS2304: 
[0mCannot find name 'ApiProperty'.

[7m124[0m   @ApiProperty({ description: 'API Key for the payment gateway', example: 
'sk_test_xxxxxxxxxxxxxxxxxxxxxxxx' })
[7m   [0m [91m   ~~~~~~~~~~~[0m
[96msrc/modules/merchant/merchant-onboarding.controller.ts[0m:[93m129[0m:[93m4[0m - [91merror[0m[90m TS2304: 
[0mCannot find name 'ApiProperty'.

[7m129[0m   @ApiProperty({ description: 'Secret Key for the payment gateway (if applicable)', example: 
'rk_test_xxxxxxxxxxxxxxxxxxxxxxxx', required: false })
[7m   [0m [91m   ~~~~~~~~~~~[0m
[96msrc/modules/merchant/merchant-onboarding.controller.ts[0m:[93m134[0m:[93m4[0m - [91merror[0m[90m TS2304: 
[0mCannot find name 'ApiProperty'.

[7m134[0m   @ApiProperty({ description: 'Webhook Secret for the payment gateway (if applicable)', example: 
'whsec_xxxxxxxxxxxxxxxxxxxxxxxx', required: false })
[7m   [0m [91m   ~~~~~~~~~~~[0m
[96msrc/modules/merchant/merchant-onboarding.controller.ts[0m:[93m139[0m:[93m4[0m - [91merror[0m[90m TS2304: 
[0mCannot find name 'ApiProperty'.

[7m139[0m   @ApiProperty({ description: 'Environment (TEST or LIVE)', example: 'TEST', enum: ['TEST', 'LIVE'] })
[7m   [0m [91m   ~~~~~~~~~~~[0m
[96msrc/modules/merchant/merchant-onboarding.controller.ts[0m:[93m144[0m:[93m4[0m - [91merror[0m[90m TS2304: 
[0mCannot find name 'ApiProperty'.

[7m144[0m   @ApiProperty({ description: 'Webhook URL for receiving notifications from the gateway', example: 
'https://api.paysurity.com/webhooks/stripe', required: false })
[7m   [0m [91m   ~~~~~~~~~~~[0m
[96msrc/modules/merchant/merchant-onboarding.controller.ts[0m:[93m149[0m:[93m4[0m - [91merror[0m[90m TS2304: 
[0mCannot find name 'ApiProperty'.

[7m149[0m   @ApiProperty({ description: 'Additional configuration parameters as a JSON object', example: { 
'accountId': 'acct_12345' }, required: false })
[7m   [0m [91m   ~~~~~~~~~~~[0m
[96msrc/modules/merchant/merchant-onboarding.controller.ts[0m:[93m156[0m:[93m4[0m - [91merror[0m[90m TS2304: 
[0mCannot find name 'ApiProperty'.

[7m156[0m   @ApiProperty({ description: 'Email address of the user to invite', example: 'new.user@example.com' })
[7m   [0m [91m   ~~~~~~~~~~~[0m
[96msrc/modules/merchant/merchant-onboarding.controller.ts[0m:[93m161[0m:[93m4[0m - [91merror[0m[90m TS2304: 
[0mCannot find name 'ApiProperty'.

[7m161[0m   @ApiProperty({ description: 'Roles to assign to the invited user', enum: UserRole, isArray: true, 
example: [UserRole.MERCHANT_VIEWER] })
[7m   [0m [91m   ~~~~~~~~~~~[0m
[96msrc/modules/merchant/merchant-onboarding.controller.ts[0m:[93m161[0m:[93m120[0m - [91merror[0m[90m 
TS2339: [0mProperty 'MERCHANT_VIEWER' does not exist on type 'typeof UserRole'.

[7m161[0m   @ApiProperty({ description: 'Roles to assign to the invited user', enum: UserRole, isArray: true, 
example: [UserRole.MERCHANT_VIEWER] })
[7m   [0m [91m                                                                                                      
                 ~~~~~~~~~~~~~~~[0m
[96msrc/modules/merchant/merchant-onboarding.controller.ts[0m:[93m167[0m:[93m4[0m - [91merror[0m[90m TS2304: 
[0mCannot find name 'ApiProperty'.

[7m167[0m   @ApiProperty({ description: 'Optional message to include in the invitation email', example: 'Welcome to 
PaySurity!', required: false })
[7m   [0m [91m   ~~~~~~~~~~~[0m
[96msrc/modules/merchant/merchant-onboarding.controller.ts[0m:[93m177[0m:[93m11[0m - [91merror[0m[90m TS2430: 
[0mInterface 'RequestWithUser' incorrectly extends interface 'Request<ParamsDictionary, any, any, ParsedQs, 
Record<string, any>>'.
  Types of property 'user' are incompatible.
    Type '{ id: string; email: string; role: UserRole; tenantId?: string; }' is missing the following properties from 
type '{ [key: string]: unknown; userId: string; email: string; tenantId: string; roles: string[]; }': userId, roles

[7m177[0m interface RequestWithUser extends Request {
[7m   [0m [91m          ~~~~~~~~~~~~~~~[0m
[96msrc/modules/merchant/merchant-onboarding.controller.ts[0m:[93m233[0m:[93m49[0m - [91merror[0m[90m TS2339: 
[0mProperty 'submitKyc' does not exist on type 'MerchantOnboardingService'.

[7m233[0m     const result = await this.onboardingService.submitKyc(userId, submitKycDto);
[7m   [0m [91m                                                ~~~~~~~~~[0m
[96msrc/modules/merchant/merchant-onboarding.controller.ts[0m:[93m255[0m:[93m83[0m - [91merror[0m[90m TS2322: 
[0mType 'boolean' is not assignable to type 'string[]'.

[7m255[0m         kycDecisionDetails: { type: 'string', example: 'Documents under review.', required: false },
[7m   [0m [91m                                                                                  ~~~~~~~~[0m
[96msrc/modules/merchant/merchant-onboarding.controller.ts[0m:[93m272[0m:[93m49[0m - [91merror[0m[90m TS2339: 
[0mProperty 'getOnboardingStatus' does not exist on type 'MerchantOnboardingService'.

[7m272[0m     const status = await this.onboardingService.getOnboardingStatus(userId);
[7m   [0m [91m                                                ~~~~~~~~~~~~~~~~~~~[0m
[96msrc/modules/merchant/merchant-onboarding.controller.ts[0m:[93m312[0m:[93m49[0m - [91merror[0m[90m TS2339: 
[0mProperty 'submitGatewayConfig' does not exist on type 'MerchantOnboardingService'.

[7m312[0m     const result = await this.onboardingService.submitGatewayConfig(userId, tenantId, gatewayConfigDto);
[7m   [0m [91m                                                ~~~~~~~~~~~~~~~~~~~[0m
[96msrc/modules/merchant/merchant-onboarding.controller.ts[0m:[93m357[0m:[93m49[0m - [91merror[0m[90m TS2339: 
[0mProperty 'inviteUser' does not exist on type 'MerchantOnboardingService'.

[7m357[0m     const result = await this.onboardingService.inviteUser(userId, tenantId, inviteUserDto);
[7m   [0m [91m                                                ~~~~~~~~~~[0m
[96msrc/modules/merchant/merchant-onboarding.controller.ts[0m:[93m385[0m:[93m72[0m - [91merror[0m[90m TS2322: 
[0mType 'boolean' is not assignable to type 'string[]'.

[7m385[0m           link: { type: 'string', example: '/merchant-onboarding/kyc', required: false },
[7m   [0m [91m                                                                       ~~~~~~~~[0m
[96msrc/modules/merchant/merchant-onboarding.controller.ts[0m:[93m400[0m:[93m52[0m - [91merror[0m[90m TS2339: 
[0mProperty 'getOnboardingChecklist' does not exist on type 'MerchantOnboardingService'.

[7m400[0m     const checklist = await this.onboardingService.getOnboardingChecklist(userId);
[7m   [0m [91m                                                   ~~~~~~~~~~~~~~~~~~~~~~[0m
[96msrc/modules/merchant/merchant-onboarding.controller.ts[0m:[93m438[0m:[93m25[0m - [91merror[0m[90m TS2304: 
[0mCannot find name 'Param'.

[7m438[0m   async getApplication(@Param('id') id: string) {
[7m   [0m [91m                        ~~~~~[0m
[96msrc/modules/merchant/merchant-onboarding.controller.ts[0m:[93m448[0m:[93m6[0m - [91merror[0m[90m TS2304: 
[0mCannot find name 'Param'.

[7m448[0m     @Param('id') id: string,
[7m   [0m [91m     ~~~~~[0m
[96msrc/modules/merchant/merchant-onboarding.service.ts[0m:[93m131[0m:[93m36[0m - [91merror[0m[90m TS2339: 
[0mProperty 'recordAuditLog' does not exist on type 'AuditLogService'.

[7m131[0m         await this.auditLogService.recordAuditLog(
[7m   [0m [91m                                   ~~~~~~~~~~~~~~[0m
[96msrc/modules/merchant/merchant-onboarding.service.ts[0m:[93m262[0m:[93m34[0m - [91merror[0m[90m TS2339: 
[0mProperty 'recordAuditLog' does not exist on type 'AuditLogService'.

[7m262[0m       await this.auditLogService.recordAuditLog(
[7m   [0m [91m                                 ~~~~~~~~~~~~~~[0m
[96msrc/modules/merchant/merchant-onboarding.spec.ts[0m:[93m113[0m:[93m11[0m - [91merror[0m[90m TS2349: 
[0mThis expression is not callable.
  Type '{ default: SuperTestStatic; Test: typeof Test; agent: typeof TestAgent & ((app?: App, options?: AgentOptions) 
=> TestAgent<Test>); }' has no call signatures.

[7m113[0m     await request(app.getHttpServer())
[7m   [0m [91m          ~~~~~~~[0m

  [96msrc/modules/merchant/merchant-onboarding.spec.ts[0m:[93m16[0m:[93m1[0m
    [7m16[0m import * as request from 'supertest';
    [7m  [0m [96m~~~~~~~~~~~~~~~~~~~~~~~~~~~~~~~~~~~~~[0m
    Type originates at this import. A namespace-style import cannot be called or constructed, and will cause a failure 
at runtime. Consider using a default import or import require here instead.
[96msrc/modules/merchant/merchant-onboarding.spec.ts[0m:[93m137[0m:[93m12[0m - [91merror[0m[90m TS2349: 
[0mThis expression is not callable.
  Type '{ default: SuperTestStatic; Test: typeof Test; agent: typeof TestAgent & ((app?: App, options?: AgentOptions) 
=> TestAgent<Test>); }' has no call signatures.

[7m137[0m     return request(app.getHttpServer())
[7m   [0m [91m           ~~~~~~~[0m

  [96msrc/modules/merchant/merchant-onboarding.spec.ts[0m:[93m16[0m:[93m1[0m
    [7m16[0m import * as request from 'supertest';
    [7m  [0m [96m~~~~~~~~~~~~~~~~~~~~~~~~~~~~~~~~~~~~~[0m
    Type originates at this import. A namespace-style import cannot be called or constructed, and will cause a failure 
at runtime. Consider using a default import or import require here instead.
[96msrc/modules/merchant/merchant-onboarding.spec.ts[0m:[93m159[0m:[93m11[0m - [91merror[0m[90m TS2349: 
[0mThis expression is not callable.
  Type '{ default: SuperTestStatic; Test: typeof Test; agent: typeof TestAgent & ((app?: App, options?: AgentOptions) 
=> TestAgent<Test>); }' has no call signatures.

[7m159[0m     await request(app.getHttpServer())
[7m   [0m [91m          ~~~~~~~[0m

  [96msrc/modules/merchant/merchant-onboarding.spec.ts[0m:[93m16[0m:[93m1[0m
    [7m16[0m import * as request from 'supertest';
    [7m  [0m [96m~~~~~~~~~~~~~~~~~~~~~~~~~~~~~~~~~~~~~[0m
    Type originates at this import. A namespace-style import cannot be called or constructed, and will cause a failure 
at runtime. Consider using a default import or import require here instead.
[96msrc/modules/merchant/merchant-onboarding.spec.ts[0m:[93m175[0m:[93m11[0m - [91merror[0m[90m TS2349: 
[0mThis expression is not callable.
  Type '{ default: SuperTestStatic; Test: typeof Test; agent: typeof TestAgent & ((app?: App, options?: AgentOptions) 
=> TestAgent<Test>); }' has no call signatures.

[7m175[0m     await request(app.getHttpServer())
[7m   [0m [91m          ~~~~~~~[0m

  [96msrc/modules/merchant/merchant-onboarding.spec.ts[0m:[93m16[0m:[93m1[0m
    [7m16[0m import * as request from 'supertest';
    [7m  [0m [96m~~~~~~~~~~~~~~~~~~~~~~~~~~~~~~~~~~~~~[0m
    Type originates at this import. A namespace-style import cannot be called or constructed, and will cause a failure 
at runtime. Consider using a default import or import require here instead.
[96msrc/modules/merchant/merchant-onboarding.spec.ts[0m:[93m190[0m:[93m11[0m - [91merror[0m[90m TS2349: 
[0mThis expression is not callable.
  Type '{ default: SuperTestStatic; Test: typeof Test; agent: typeof TestAgent & ((app?: App, options?: AgentOptions) 
=> TestAgent<Test>); }' has no call signatures.

[7m190[0m     await request(app.getHttpServer())
[7m   [0m [91m          ~~~~~~~[0m

  [96msrc/modules/merchant/merchant-onboarding.spec.ts[0m:[93m16[0m:[93m1[0m
    [7m16[0m import * as request from 'supertest';
    [7m  [0m [96m~~~~~~~~~~~~~~~~~~~~~~~~~~~~~~~~~~~~~[0m
    Type originates at this import. A namespace-style import cannot be called or constructed, and will cause a failure 
at runtime. Consider using a default import or import require here instead.
[96msrc/modules/merchant/merchants.service.ts[0m:[93m28[0m:[93m35[0m - [91merror[0m[90m TS2339: [0mProperty 
'rows' does not exist on type 'unknown'.

[7m28[0m       const newMerchant = result?.rows?.[0] || result?.[0];
[7m  [0m [91m                                  ~~~~[0m
[96msrc/modules/merchant/merchants.service.ts[0m:[93m56[0m:[93m22[0m - [91merror[0m[90m TS2339: [0mProperty 
'rows' does not exist on type 'unknown'.

[7m56[0m       return result?.rows || result || [];
[7m  [0m [91m                     ~~~~[0m
[96msrc/modules/merchant/merchants.service.ts[0m:[93m69[0m:[93m32[0m - [91merror[0m[90m TS2339: [0mProperty 
'rows' does not exist on type 'unknown'.

[7m69[0m       const merchant = result?.rows?.[0] || result?.[0];
[7m  [0m [91m                               ~~~~[0m
[96msrc/modules/merchant/merchants.service.ts[0m:[93m117[0m:[93m39[0m - [91merror[0m[90m TS2339: [0mProperty 
'rows' does not exist on type 'unknown'.

[7m117[0m       const updatedMerchant = result?.rows?.[0] || result?.[0];
[7m   [0m [91m                                      ~~~~[0m
[96msrc/modules/merchant/merchants.service.ts[0m:[93m143[0m:[93m20[0m - [91merror[0m[90m TS2339: [0mProperty 
'rows' does not exist on type 'unknown'.

[7m143[0m       if (!result?.rows?.length && !result?.length) {
[7m   [0m [91m                   ~~~~[0m
[96msrc/modules/merchant/merchants.service.ts[0m:[93m143[0m:[93m45[0m - [91merror[0m[90m TS2339: [0mProperty 
'length' does not exist on type 'unknown'.

[7m143[0m       if (!result?.rows?.length && !result?.length) {
[7m   [0m [91m                                            ~~~~~~[0m
[96msrc/modules/merchant/price-update.service.ts[0m:[93m336[0m:[93m12[0m - [91merror[0m[90m TS2352: 
[0mConversion of type 'Record<string, unknown>[]' to type 'ItemChangeLogEntry[]' may be a mistake because neither 
type sufficiently overlaps with the other. If this was intentional, convert the expression to 'unknown' first.
  Type 'Record<string, unknown>' is missing the following properties from type 'ItemChangeLogEntry': id, item_id, 
tenant_id, item_name, and 10 more.

[7m336[0m     return result.rows as ItemChangeLogEntry[];
[7m   [0m [91m           ~~~~~~~~~~~~~~~~~~~~~~~~~~~~~~~~~~~[0m
[96msrc/modules/merchant/price-update.service.ts[0m:[93m375[0m:[93m12[0m - [91merror[0m[90m TS2352: 
[0mConversion of type 'Record<string, unknown>[]' to type 'ItemChangeLogEntry[]' may be a mistake because neither 
type sufficiently overlaps with the other. If this was intentional, convert the expression to 'unknown' first.
  Type 'Record<string, unknown>' is missing the following properties from type 'ItemChangeLogEntry': id, item_id, 
tenant_id, item_name, and 10 more.

[7m375[0m     return result.rows as ItemChangeLogEntry[];
[7m   [0m [91m           ~~~~~~~~~~~~~~~~~~~~~~~~~~~~~~~~~~~[0m
[96msrc/modules/microsite/microsite.module.ts[0m:[93m312[0m:[93m11[0m - [91merror[0m[90m TS2430: 
[0mInterface 'AuthenticatedRequest' incorrectly extends interface 'Request<ParamsDictionary, any, any, ParsedQs, 
Record<string, any>>'.
  Types of property 'user' are incompatible.
    Type '{ tenantId: string; userId: string; }' is missing the following properties from type '{ [key: string]: 
unknown; userId: string; email: string; tenantId: string; roles: string[]; }': email, roles

[7m312[0m interface AuthenticatedRequest extends Request {
[7m   [0m [91m          ~~~~~~~~~~~~~~~~~~~~[0m
[96msrc/modules/orders/orders.controller.ts[0m:[93m66[0m:[93m12[0m - [91merror[0m[90m TS1016: [0mA required 
parameter cannot follow an optional parameter.

[7m66[0m     @Req() req: any,
[7m  [0m [91m           ~~~[0m
[96msrc/modules/orders/orders.dto.ts[0m:[93m17[0m:[93m10[0m - [91merror[0m[90m TS2724: 
[0m'"@paysurity/database"' has no exported member named 'Order'. Did you mean 'orders'?

[7m17[0m import { Order } from '@paysurity/database' // fixed;
[7m  [0m [91m         ~~~~~[0m

  [96msrc/types.d.ts[0m:[93m17[0m:[93m16[0m
    [7m17[0m   export const orders: any;
    [7m  [0m [96m               ~~~~~~[0m
    'orders' is declared here.
[96msrc/modules/payment/adapters/ach.adapter.ts[0m:[93m95[0m:[93m34[0m - [91merror[0m[90m TS2339: 
[0mProperty 'padRight' does not exist on type 'AchAdapterService'.

[7m95[0m     let nachaString = `101${this.padRight('PAYSURITY DEST', 23)}...\n`;
[7m  [0m [91m                                 ~~~~~~~~[0m
[96msrc/modules/payment/payment.processor.ts[0m:[93m1[0m:[93m36[0m - [91merror[0m[90m TS2307: [0mCannot find 
module '@nestjs/bull' or its corresponding type declarations.

[7m1[0m import { Processor, Process } from '@nestjs/bull';
[7m [0m [91m                                   ~~~~~~~~~~~~~~[0m
[96msrc/modules/payment/payment.processor.ts[0m:[93m2[0m:[93m21[0m - [91merror[0m[90m TS2307: [0mCannot find 
module 'bull' or its corresponding type declarations.

[7m2[0m import { Job } from 'bull';
[7m [0m [91m                    ~~~~~~[0m
[96msrc/modules/payment/payment.spec.ts[0m:[93m159[0m:[93m28[0m - [91merror[0m[90m TS2349: [0mThis 
expression is not callable.
  Type '{ default: SuperTestStatic; Test: typeof Test; agent: typeof TestAgent & ((app?: App, options?: AgentOptions) 
=> TestAgent<Test>); }' has no call signatures.

[7m159[0m     const response = await request(app.getHttpServer())
[7m   [0m [91m                           ~~~~~~~[0m

  [96msrc/modules/payment/payment.spec.ts[0m:[93m83[0m:[93m1[0m
    [7m83[0m import * as request from 'supertest';
    [7m  [0m [96m~~~~~~~~~~~~~~~~~~~~~~~~~~~~~~~~~~~~~[0m
    Type originates at this import. A namespace-style import cannot be called or constructed, and will cause a failure 
at runtime. Consider using a default import or import require here instead.
[96msrc/modules/payment/payment.spec.ts[0m:[93m182[0m:[93m28[0m - [91merror[0m[90m TS2349: [0mThis 
expression is not callable.
  Type '{ default: SuperTestStatic; Test: typeof Test; agent: typeof TestAgent & ((app?: App, options?: AgentOptions) 
=> TestAgent<Test>); }' has no call signatures.

[7m182[0m     const response = await request(app.getHttpServer())
[7m   [0m [91m                           ~~~~~~~[0m

  [96msrc/modules/payment/payment.spec.ts[0m:[93m83[0m:[93m1[0m
    [7m83[0m import * as request from 'supertest';
    [7m  [0m [96m~~~~~~~~~~~~~~~~~~~~~~~~~~~~~~~~~~~~~[0m
    Type originates at this import. A namespace-style import cannot be called or constructed, and will cause a failure 
at runtime. Consider using a default import or import require here instead.
[96msrc/modules/payment/payment.spec.ts[0m:[93m201[0m:[93m28[0m - [91merror[0m[90m TS2349: [0mThis 
expression is not callable.
  Type '{ default: SuperTestStatic; Test: typeof Test; agent: typeof TestAgent & ((app?: App, options?: AgentOptions) 
=> TestAgent<Test>); }' has no call signatures.

[7m201[0m     const response = await request(app.getHttpServer())
[7m   [0m [91m                           ~~~~~~~[0m

  [96msrc/modules/payment/payment.spec.ts[0m:[93m83[0m:[93m1[0m
    [7m83[0m import * as request from 'supertest';
    [7m  [0m [96m~~~~~~~~~~~~~~~~~~~~~~~~~~~~~~~~~~~~~[0m
    Type originates at this import. A namespace-style import cannot be called or constructed, and will cause a failure 
at runtime. Consider using a default import or import require here instead.
[96msrc/modules/payroll/controllers/payroll-runs.controller.ts[0m:[93m14[0m:[93m10[0m - [91merror[0m[90m 
TS2305: [0mModule '"../../auth/decorators/auth-user.decorator"' has no exported member 'AuthUser'.

[7m14[0m import { AuthUser } from '../../auth/decorators/auth-user.decorator';
[7m  [0m [91m         ~~~~~~~~[0m
[96msrc/modules/payroll/controllers/payroll-runs.controller.ts[0m:[93m15[0m:[93m10[0m - [91merror[0m[90m 
TS2305: [0mModule '"../../auth/interfaces/user-context.interface"' has no exported member 'UserContext'.

[7m15[0m import { UserContext } from '../../auth/interfaces/user-context.interface';
[7m  [0m [91m         ~~~~~~~~~~~[0m
[96msrc/modules/payroll/controllers/payroll-runs.controller.ts[0m:[93m18[0m:[93m3[0m - [91merror[0m[90m 
TS2724: [0m'"../dto/payroll-run.dto"' has no exported member named 'CreatePayrollRunDto'. Did you mean 
'PayrollRunDto'?

[7m18[0m   CreatePayrollRunDto,
[7m  [0m [91m  ~~~~~~~~~~~~~~~~~~~[0m

  [96msrc/modules/payroll/dto/payroll-run.dto.ts[0m:[93m3[0m:[93m14[0m
    [7m3[0m export class PayrollRunDto {
    [7m [0m [96m             ~~~~~~~~~~~~~[0m
    'PayrollRunDto' is declared here.
[96msrc/modules/payroll/controllers/payroll-runs.controller.ts[0m:[93m19[0m:[93m3[0m - [91merror[0m[90m 
TS2724: [0m'"../dto/payroll-run.dto"' has no exported member named 'UpdatePayrollRunDto'. Did you mean 
'PayrollRunDto'?

[7m19[0m   UpdatePayrollRunDto,
[7m  [0m [91m  ~~~~~~~~~~~~~~~~~~~[0m

  [96msrc/modules/payroll/dto/payroll-run.dto.ts[0m:[93m3[0m:[93m14[0m
    [7m3[0m export class PayrollRunDto {
    [7m [0m [96m             ~~~~~~~~~~~~~[0m
    'PayrollRunDto' is declared here.
[96msrc/modules/payroll/controllers/payroll-runs.controller.ts[0m:[93m20[0m:[93m3[0m - [91merror[0m[90m 
TS2305: [0mModule '"../dto/payroll-run.dto"' has no exported member 'PayrollRunIdParamDto'.

[7m20[0m   PayrollRunIdParamDto
[7m  [0m [91m  ~~~~~~~~~~~~~~~~~~~~[0m
[96msrc/modules/payroll/controllers/payroll-runs.controller.ts[0m:[93m22[0m:[93m10[0m - [91merror[0m[90m 
TS2724: [0m'"../dto/payroll-run-query.dto"' has no exported member named 'GetPayrollRunsQueryDto'. Did you mean 
'PayrollRunQueryDto'?

[7m22[0m import { GetPayrollRunsQueryDto } from '../dto/payroll-run-query.dto';
[7m  [0m [91m         ~~~~~~~~~~~~~~~~~~~~~~[0m

  [96msrc/modules/payroll/dto/payroll-run-query.dto.ts[0m:[93m3[0m:[93m14[0m
    [7m3[0m export class PayrollRunQueryDto {
    [7m [0m [96m             ~~~~~~~~~~~~~~~~~~[0m
    'PayrollRunQueryDto' is declared here.
[96msrc/modules/payroll/controllers/payroll-runs.controller.ts[0m:[93m34[0m:[93m64[0m - [91merror[0m[90m 
TS2554: [0mExpected 1 arguments, but got 2.

[7m34[0m     return this.payrollRunsService.create(createPayrollRunDto, user);
[7m  [0m [91m                                                               ~~~~[0m
[96msrc/modules/payroll/controllers/payroll-runs.controller.ts[0m:[93m42[0m:[93m44[0m - [91merror[0m[90m 
TS2554: [0mExpected 0 arguments, but got 2.

[7m42[0m     return this.payrollRunsService.findAll(query, user);
[7m  [0m [91m                                           ~~~~~~~~~~~[0m
[96msrc/modules/payroll/controllers/payroll-runs.controller.ts[0m:[93m50[0m:[93m55[0m - [91merror[0m[90m 
TS2554: [0mExpected 1 arguments, but got 2.

[7m50[0m     return this.payrollRunsService.findOne(params.id, user);
[7m  [0m [91m                                                      ~~~~[0m
[96msrc/modules/payroll/controllers/payroll-runs.controller.ts[0m:[93m59[0m:[93m75[0m - [91merror[0m[90m 
TS2554: [0mExpected 2 arguments, but got 3.

[7m59[0m     return this.payrollRunsService.update(params.id, updatePayrollRunDto, user);
[7m  [0m [91m                                                                          ~~~~[0m
[96msrc/modules/payroll/controllers/payroll-runs.controller.ts[0m:[93m68[0m:[93m53[0m - [91merror[0m[90m 
TS2554: [0mExpected 1 arguments, but got 2.

[7m68[0m     await this.payrollRunsService.remove(params.id, user);
[7m  [0m [91m                                                    ~~~~[0m
[96msrc/modules/payroll/controllers/payroll-runs.controller.ts[0m:[93m77[0m:[93m36[0m - [91merror[0m[90m 
TS2339: [0mProperty 'submitPayrollRun' does not exist on type 'PayrollRunsService'.

[7m77[0m     return this.payrollRunsService.submitPayrollRun(params.id, user);
[7m  [0m [91m                                   ~~~~~~~~~~~~~~~~[0m
[96msrc/modules/payroll/services/payroll-runs.service.ts[0m:[93m2[0m:[93m10[0m - [91merror[0m[90m TS2305: 
[0mModule '"@paysurity/database"' has no exported member 'NodePgDatabase'.

[7m2[0m import { NodePgDatabase, payrollRuns } from '@paysurity/database';
[7m [0m [91m         ~~~~~~~~~~~~~~[0m
[96msrc/modules/payroll/services/payroll-runs.service.ts[0m:[93m2[0m:[93m26[0m - [91merror[0m[90m TS2305: 
[0mModule '"@paysurity/database"' has no exported member 'payrollRuns'.

[7m2[0m import { NodePgDatabase, payrollRuns } from '@paysurity/database';
[7m [0m [91m                         ~~~~~~~~~~~[0m
[96msrc/modules/pos-sync/pos-sync.controller.ts[0m:[93m387[0m:[93m11[0m - [91merror[0m[90m TS2430: 
[0mInterface 'CustomRequest' incorrectly extends interface 'Request<ParamsDictionary, any, any, ParsedQs, 
Record<string, any>>'.
  Types of property 'user' are incompatible.
    Type '{ tenantId: string; }' is missing the following properties from type '{ [key: string]: unknown; userId: 
string; email: string; tenantId: string; roles: string[]; }': userId, email, roles

[7m387[0m interface CustomRequest extends Request {
[7m   [0m [91m          ~~~~~~~~~~~~~[0m
[96msrc/modules/pos-sync/pos-sync.service.ts[0m:[93m78[0m:[93m77[0m - [91merror[0m[90m TS2551: [0mProperty 
'is_active' does not exist on type 'MenuItemDto'. Did you mean 'isActive'?

[7m78[0m                             (item.isActive !== undefined && existingPosItem.is_active !== item.isActive);
[7m  [0m [91m                                                                            ~~~~~~~~~[0m

  [96msrc/modules/pos-sync/pos-sync.service.ts[0m:[93m13[0m:[93m3[0m
    [7m13[0m   isActive?: boolean;
    [7m  [0m [96m  ~~~~~~~~[0m
    'isActive' is declared here.
[96msrc/modules/pos-sync/pos-sync.service.ts[0m:[93m85[0m:[93m98[0m - [91merror[0m[90m TS2339: [0mProperty 
'id' does not exist on type 'MenuItemDto'.

[7m85[0m             [item.price, item.description, item.imageUrl, item.isActive ?? true, existingPosItem.id, 
tenantId]
[7m  [0m [91m                                                                                                 ~~[0m
[96msrc/modules/pos-sync/pos-sync.service.ts[0m:[93m146[0m:[93m83[0m - [91merror[0m[90m TS2551: [0mProperty 
'is_active' does not exist on type 'MenuItemDto'. Did you mean 'isActive'?

[7m146[0m                             (item.isActive !== undefined && existingMicrositeItem.is_active !== 
item.isActive);
[7m   [0m [91m                                                                                  ~~~~~~~~~[0m

  [96msrc/modules/pos-sync/pos-sync.service.ts[0m:[93m13[0m:[93m3[0m
    [7m13[0m   isActive?: boolean;
    [7m  [0m [96m  ~~~~~~~~[0m
    'isActive' is declared here.
[96msrc/modules/pos-sync/pos-sync.service.ts[0m:[93m153[0m:[93m104[0m - [91merror[0m[90m TS2339: [0mProperty 
'id' does not exist on type 'MenuItemDto'.

[7m153[0m             [item.price, item.description, item.imageUrl, item.isActive ?? true, existingMicrositeItem.id, 
tenantId]
[7m   [0m [91m                                                                                                      
 ~~[0m
[96msrc/modules/price-engine/price-engine.controller.ts[0m:[93m18[0m:[93m11[0m - [91merror[0m[90m TS2430: 
[0mInterface 'AuthenticatedRequest' incorrectly extends interface 'Request<ParamsDictionary, any, any, ParsedQs, 
Record<string, any>>'.
  Types of property 'user' are incompatible.
    Type '{ tenantId: string; isAdmin?: boolean; }' is missing the following properties from type '{ [key: string]: 
unknown; userId: string; email: string; tenantId: string; roles: string[]; }': userId, email, roles

[7m18[0m interface AuthenticatedRequest extends Request {
[7m  [0m [91m          ~~~~~~~~~~~~~~~~~~~~[0m
[96msrc/modules/price-engine/price-engine.module.ts[0m:[93m242[0m:[93m11[0m - [91merror[0m[90m TS2430: 
[0mInterface 'CustomRequest' incorrectly extends interface 'Request<ParamsDictionary, any, any, ParsedQs, 
Record<string, any>>'.
  Types of property 'user' are incompatible.
    Type '{ tenantId?: string; isSuperAdmin?: boolean; }' is missing the following properties from type '{ [key: 
string]: unknown; userId: string; email: string; tenantId: string; roles: string[]; }': userId, email, roles

[7m242[0m interface CustomRequest extends Request {
[7m   [0m [91m          ~~~~~~~~~~~~~[0m
[96msrc/modules/price-engine/price-engine.service.ts[0m:[93m49[0m:[93m30[0m - [91merror[0m[90m TS2300: 
[0mDuplicate identifier 'BadRequestException'.

[7m49[0m import { Injectable, Inject, BadRequestException, ForbiddenException } from '@nestjs/common';
[7m  [0m [91m                             ~~~~~~~~~~~~~~~~~~~[0m
[96msrc/modules/price-engine/price-engine.service.ts[0m:[93m49[0m:[93m51[0m - [91merror[0m[90m TS2300: 
[0mDuplicate identifier 'ForbiddenException'.

[7m49[0m import { Injectable, Inject, BadRequestException, ForbiddenException } from '@nestjs/common';
[7m  [0m [91m                                                  ~~~~~~~~~~~~~~~~~~[0m
[96msrc/modules/price-engine/price-engine.service.ts[0m:[93m199[0m:[93m85[0m - [91merror[0m[90m TS2300: 
[0mDuplicate identifier 'BadRequestException'.

[7m199[0m import { Controller, Get, Post, Put, Body, Param, Query, Req, HttpCode, HttpStatus, BadRequestException, 
ForbiddenException } from '@nestjs/common';
[7m   [0m [91m                                                                                    
~~~~~~~~~~~~~~~~~~~[0m
[96msrc/modules/price-engine/price-engine.service.ts[0m:[93m199[0m:[93m106[0m - [91merror[0m[90m TS2300: 
[0mDuplicate identifier 'ForbiddenException'.

[7m199[0m import { Controller, Get, Post, Put, Body, Param, Query, Req, HttpCode, HttpStatus, BadRequestException, 
ForbiddenException } from '@nestjs/common';
[7m   [0m [91m                                                                                                      
   ~~~~~~~~~~~~~~~~~~[0m
[96msrc/modules/price-engine/price-engine.service.ts[0m:[93m204[0m:[93m11[0m - [91merror[0m[90m TS2430: 
[0mInterface 'CustomRequest' incorrectly extends interface 'Request<ParamsDictionary, any, any, ParsedQs, 
Record<string, any>>'.
  Types of property 'user' are incompatible.
    Type '{ tenantId?: string; isSuperAdmin?: boolean; }' is missing the following properties from type '{ [key: 
string]: unknown; userId: string; email: string; tenantId: string; roles: string[]; }': userId, email, roles

[7m204[0m interface CustomRequest extends Request {
[7m   [0m [91m          ~~~~~~~~~~~~~[0m
[96msrc/modules/products/products.service.ts[0m:[93m18[0m:[93m10[0m - [91merror[0m[90m TS2305: [0mModule 
'"drizzle-orm/postgres-js"' has no exported member 'NodePgDatabase'.

[7m18[0m import { NodePgDatabase } from 'drizzle-orm/postgres-js';
[7m  [0m [91m         ~~~~~~~~~~~~~~[0m
[96msrc/modules/products/products.service.ts[0m:[93m22[0m:[93m10[0m - [91merror[0m[90m TS2724: 
[0m'"@paysurity/database"' has no exported member named 'NewProduct'. Did you mean 'products'?

[7m22[0m import { NewProduct, Product } from '@paysurity/database';
[7m  [0m [91m         ~~~~~~~~~~[0m

  [96msrc/types.d.ts[0m:[93m3[0m:[93m16[0m
    [7m3[0m   export const products: any;
    [7m [0m [96m               ~~~~~~~~[0m
    'products' is declared here.
[96msrc/modules/products/products.service.ts[0m:[93m22[0m:[93m22[0m - [91merror[0m[90m TS2724: 
[0m'"@paysurity/database"' has no exported member named 'Product'. Did you mean 'products'?

[7m22[0m import { NewProduct, Product } from '@paysurity/database';
[7m  [0m [91m                     ~~~~~~~[0m

  [96msrc/types.d.ts[0m:[93m3[0m:[93m16[0m
    [7m3[0m   export const products: any;
    [7m [0m [96m               ~~~~~~~~[0m
    'products' is declared here.
[96msrc/modules/products/products.service.ts[0m:[93m51[0m:[93m34[0m - [91merror[0m[90m TS2551: [0mProperty 
'category' does not exist on type 'CreateProductDto'. Did you mean 'categoryId'?

[7m51[0m       category: createProductDto.category,
[7m  [0m [91m                                 ~~~~~~~~[0m

  [96msrc/modules/products/dto/products.dto.ts[0m:[93m48[0m:[93m3[0m
    [7m48[0m   categoryId?: string;
    [7m  [0m [96m  ~~~~~~~~~~[0m
    'categoryId' is declared here.
[96msrc/modules/products/products.service.ts[0m:[93m52[0m:[93m39[0m - [91merror[0m[90m TS2339: [0mProperty 
'nutritionInfo' does not exist on type 'CreateProductDto'.

[7m52[0m       nutritionInfo: createProductDto.nutritionInfo, // Drizzle handles jsonb directly
[7m  [0m [91m                                      ~~~~~~~~~~~~~[0m
[96msrc/modules/products/products.service.ts[0m:[93m53[0m:[93m35[0m - [91merror[0m[90m TS2339: [0mProperty 
'allergens' does not exist on type 'CreateProductDto'.

[7m53[0m       allergens: createProductDto.allergens,         // Drizzle handles jsonb directly
[7m  [0m [91m                                  ~~~~~~~~~[0m
[96msrc/modules/products/products.service.ts[0m:[93m54[0m:[93m43[0m - [91merror[0m[90m TS2339: [0mProperty 
'weightUnitPricing' does not exist on type 'CreateProductDto'.

[7m54[0m       weightUnitPricing: createProductDto.weightUnitPricing, // Drizzle handles jsonb directly
[7m  [0m [91m                                          ~~~~~~~~~~~~~~~~~[0m
[96msrc/modules/products/products.service.ts[0m:[93m55[0m:[93m42[0m - [91merror[0m[90m TS2339: [0mProperty 
'bulkPricingTiers' does not exist on type 'CreateProductDto'.

[7m55[0m       bulkPricingTiers: createProductDto.bulkPricingTiers,   // Drizzle handles jsonb directly
[7m  [0m [91m                                         ~~~~~~~~~~~~~~~~[0m
[96msrc/modules/products/products.service.ts[0m:[93m64[0m:[93m32[0m - [91merror[0m[90m TS2339: [0mProperty 
'logAudit' does not exist on type 'AuditLogService'.

[7m64[0m     await this.auditLogService.logAudit(tenantId, userId, 'products', createdProduct.id, 'CREATE', null, 
createdProduct);
[7m  [0m [91m                               ~~~~~~~~[0m
[96msrc/modules/products/products.service.ts[0m:[93m72[0m:[93m47[0m - [91merror[0m[90m TS2339: [0mProperty 
'pageSize' does not exist on type 'PaginationDto'.

[7m72[0m   async findAll(tenantId: string, { page = 1, pageSize = 10 }: PaginationDto): Promise<{ data: 
ProductResponseDto[]; total: number; page: number; pageSize: number }> {
[7m  [0m [91m                                              ~~~~~~~~[0m
[96msrc/modules/products/products.service.ts[0m:[93m135[0m:[93m34[0m - [91merror[0m[90m TS2551: [0mProperty 
'category' does not exist on type 'UpdateProductDto'. Did you mean 'categoryId'?

[7m135[0m       category: updateProductDto.category ?? existingProduct.category,
[7m   [0m [91m                                 ~~~~~~~~[0m
[96msrc/modules/products/products.service.ts[0m:[93m136[0m:[93m39[0m - [91merror[0m[90m TS2339: [0mProperty 
'nutritionInfo' does not exist on type 'UpdateProductDto'.

[7m136[0m       nutritionInfo: updateProductDto.nutritionInfo ?? existingProduct.nutritionInfo,
[7m   [0m [91m                                      ~~~~~~~~~~~~~[0m
[96msrc/modules/products/products.service.ts[0m:[93m137[0m:[93m35[0m - [91merror[0m[90m TS2339: [0mProperty 
'allergens' does not exist on type 'UpdateProductDto'.

[7m137[0m       allergens: updateProductDto.allergens ?? existingProduct.allergens,
[7m   [0m [91m                                  ~~~~~~~~~[0m
[96msrc/modules/products/products.service.ts[0m:[93m138[0m:[93m43[0m - [91merror[0m[90m TS2339: [0mProperty 
'weightUnitPricing' does not exist on type 'UpdateProductDto'.

[7m138[0m       weightUnitPricing: updateProductDto.weightUnitPricing ?? existingProduct.weightUnitPricing,
[7m   [0m [91m                                          ~~~~~~~~~~~~~~~~~[0m
[96msrc/modules/products/products.service.ts[0m:[93m139[0m:[93m42[0m - [91merror[0m[90m TS2339: [0mProperty 
'bulkPricingTiers' does not exist on type 'UpdateProductDto'.

[7m139[0m       bulkPricingTiers: updateProductDto.bulkPricingTiers ?? existingProduct.bulkPricingTiers,
[7m   [0m [91m                                         ~~~~~~~~~~~~~~~~[0m
[96msrc/modules/products/products.service.ts[0m:[93m153[0m:[93m32[0m - [91merror[0m[90m TS2339: [0mProperty 
'logAudit' does not exist on type 'AuditLogService'.

[7m153[0m     await this.auditLogService.logAudit(tenantId, userId, 'products', updatedProduct.id, 'UPDATE', 
existingProduct, updatedProduct);
[7m   [0m [91m                               ~~~~~~~~[0m
[96msrc/modules/products/products.service.ts[0m:[93m179[0m:[93m32[0m - [91merror[0m[90m TS2339: [0mProperty 
'logAudit' does not exist on type 'AuditLogService'.

[7m179[0m     await this.auditLogService.logAudit(tenantId, userId, 'products', id, 'DELETE', existingProduct, null);
[7m   [0m [91m                               ~~~~~~~~[0m
[96msrc/modules/products/products.spec.ts[0m:[93m222[0m:[93m28[0m - [91merror[0m[90m TS2349: [0mThis 
expression is not callable.
  Type '{ default: SuperTestStatic; Test: typeof Test; agent: typeof TestAgent & ((app?: App, options?: AgentOptions) 
=> TestAgent<Test>); }' has no call signatures.

[7m222[0m     const response = await request(app.getHttpServer())
[7m   [0m [91m                           ~~~~~~~[0m

  [96msrc/modules/products/products.spec.ts[0m:[93m15[0m:[93m1[0m
    [7m15[0m import * as request from 'supertest';
    [7m  [0m [96m~~~~~~~~~~~~~~~~~~~~~~~~~~~~~~~~~~~~~[0m
    Type originates at this import. A namespace-style import cannot be called or constructed, and will cause a failure 
at runtime. Consider using a default import or import require here instead.
[96msrc/modules/products/products.spec.ts[0m:[93m260[0m:[93m11[0m - [91merror[0m[90m TS2349: [0mThis 
expression is not callable.
  Type '{ default: SuperTestStatic; Test: typeof Test; agent: typeof TestAgent & ((app?: App, options?: AgentOptions) 
=> TestAgent<Test>); }' has no call signatures.

[7m260[0m     await request(app.getHttpServer())
[7m   [0m [91m          ~~~~~~~[0m

  [96msrc/modules/products/products.spec.ts[0m:[93m15[0m:[93m1[0m
    [7m15[0m import * as request from 'supertest';
    [7m  [0m [96m~~~~~~~~~~~~~~~~~~~~~~~~~~~~~~~~~~~~~[0m
    Type originates at this import. A namespace-style import cannot be called or constructed, and will cause a failure 
at runtime. Consider using a default import or import require here instead.
[96msrc/modules/products/products.spec.ts[0m:[93m266[0m:[93m11[0m - [91merror[0m[90m TS2349: [0mThis 
expression is not callable.
  Type '{ default: SuperTestStatic; Test: typeof Test; agent: typeof TestAgent & ((app?: App, options?: AgentOptions) 
=> TestAgent<Test>); }' has no call signatures.

[7m266[0m     await request(app.getHttpServer())
[7m   [0m [91m          ~~~~~~~[0m

  [96msrc/modules/products/products.spec.ts[0m:[93m15[0m:[93m1[0m
    [7m15[0m import * as request from 'supertest';
    [7m  [0m [96m~~~~~~~~~~~~~~~~~~~~~~~~~~~~~~~~~~~~~[0m
    Type originates at this import. A namespace-style import cannot be called or constructed, and will cause a failure 
at runtime. Consider using a default import or import require here instead.
[96msrc/modules/products/products.spec.ts[0m:[93m286[0m:[93m28[0m - [91merror[0m[90m TS2349: [0mThis 
expression is not callable.
  Type '{ default: SuperTestStatic; Test: typeof Test; agent: typeof TestAgent & ((app?: App, options?: AgentOptions) 
=> TestAgent<Test>); }' has no call signatures.

[7m286[0m     const response = await request(app.getHttpServer())
[7m   [0m [91m                           ~~~~~~~[0m

  [96msrc/modules/products/products.spec.ts[0m:[93m15[0m:[93m1[0m
    [7m15[0m import * as request from 'supertest';
    [7m  [0m [96m~~~~~~~~~~~~~~~~~~~~~~~~~~~~~~~~~~~~~[0m
    Type originates at this import. A namespace-style import cannot be called or constructed, and will cause a failure 
at runtime. Consider using a default import or import require here instead.
[96msrc/modules/products/products.spec.ts[0m:[93m304[0m:[93m28[0m - [91merror[0m[90m TS2349: [0mThis 
expression is not callable.
  Type '{ default: SuperTestStatic; Test: typeof Test; agent: typeof TestAgent & ((app?: App, options?: AgentOptions) 
=> TestAgent<Test>); }' has no call signatures.

[7m304[0m     const response = await request(app.getHttpServer())
[7m   [0m [91m                           ~~~~~~~[0m

  [96msrc/modules/products/products.spec.ts[0m:[93m15[0m:[93m1[0m
    [7m15[0m import * as request from 'supertest';
    [7m  [0m [96m~~~~~~~~~~~~~~~~~~~~~~~~~~~~~~~~~~~~~[0m
    Type originates at this import. A namespace-style import cannot be called or constructed, and will cause a failure 
at runtime. Consider using a default import or import require here instead.
[96msrc/modules/products/products.spec.ts[0m:[93m318[0m:[93m11[0m - [91merror[0m[90m TS2349: [0mThis 
expression is not callable.
  Type '{ default: SuperTestStatic; Test: typeof Test; agent: typeof TestAgent & ((app?: App, options?: AgentOptions) 
=> TestAgent<Test>); }' has no call signatures.

[7m318[0m     await request(app.getHttpServer())
[7m   [0m [91m          ~~~~~~~[0m

  [96msrc/modules/products/products.spec.ts[0m:[93m15[0m:[93m1[0m
    [7m15[0m import * as request from 'supertest';
    [7m  [0m [96m~~~~~~~~~~~~~~~~~~~~~~~~~~~~~~~~~~~~~[0m
    Type originates at this import. A namespace-style import cannot be called or constructed, and will cause a failure 
at runtime. Consider using a default import or import require here instead.
[96msrc/modules/products/products.spec.ts[0m:[93m323[0m:[93m11[0m - [91merror[0m[90m TS2349: [0mThis 
expression is not callable.
  Type '{ default: SuperTestStatic; Test: typeof Test; agent: typeof TestAgent & ((app?: App, options?: AgentOptions) 
=> TestAgent<Test>); }' has no call signatures.

[7m323[0m     await request(app.getHttpServer())
[7m   [0m [91m          ~~~~~~~[0m

  [96msrc/modules/products/products.spec.ts[0m:[93m15[0m:[93m1[0m
    [7m15[0m import * as request from 'supertest';
    [7m  [0m [96m~~~~~~~~~~~~~~~~~~~~~~~~~~~~~~~~~~~~~[0m
    Type originates at this import. A namespace-style import cannot be called or constructed, and will cause a failure 
at runtime. Consider using a default import or import require here instead.
[96msrc/modules/products/products.spec.ts[0m:[93m339[0m:[93m28[0m - [91merror[0m[90m TS2349: [0mThis 
expression is not callable.
  Type '{ default: SuperTestStatic; Test: typeof Test; agent: typeof TestAgent & ((app?: App, options?: AgentOptions) 
=> TestAgent<Test>); }' has no call signatures.

[7m339[0m     const response = await request(app.getHttpServer())
[7m   [0m [91m                           ~~~~~~~[0m

  [96msrc/modules/products/products.spec.ts[0m:[93m15[0m:[93m1[0m
    [7m15[0m import * as request from 'supertest';
    [7m  [0m [96m~~~~~~~~~~~~~~~~~~~~~~~~~~~~~~~~~~~~~[0m
    Type originates at this import. A namespace-style import cannot be called or constructed, and will cause a failure 
at runtime. Consider using a default import or import require here instead.
[96msrc/modules/products/products.spec.ts[0m:[93m365[0m:[93m11[0m - [91merror[0m[90m TS2349: [0mThis 
expression is not callable.
  Type '{ default: SuperTestStatic; Test: typeof Test; agent: typeof TestAgent & ((app?: App, options?: AgentOptions) 
=> TestAgent<Test>); }' has no call signatures.

[7m365[0m     await request(app.getHttpServer())
[7m   [0m [91m          ~~~~~~~[0m

  [96msrc/modules/products/products.spec.ts[0m:[93m15[0m:[93m1[0m
    [7m15[0m import * as request from 'supertest';
    [7m  [0m [96m~~~~~~~~~~~~~~~~~~~~~~~~~~~~~~~~~~~~~[0m
    Type originates at this import. A namespace-style import cannot be called or constructed, and will cause a failure 
at runtime. Consider using a default import or import require here instead.
[96msrc/modules/products/products.spec.ts[0m:[93m381[0m:[93m11[0m - [91merror[0m[90m TS2349: [0mThis 
expression is not callable.
  Type '{ default: SuperTestStatic; Test: typeof Test; agent: typeof TestAgent & ((app?: App, options?: AgentOptions) 
=> TestAgent<Test>); }' has no call signatures.

[7m381[0m     await request(app.getHttpServer())
[7m   [0m [91m          ~~~~~~~[0m

  [96msrc/modules/products/products.spec.ts[0m:[93m15[0m:[93m1[0m
    [7m15[0m import * as request from 'supertest';
    [7m  [0m [96m~~~~~~~~~~~~~~~~~~~~~~~~~~~~~~~~~~~~~[0m
    Type originates at this import. A namespace-style import cannot be called or constructed, and will cause a failure 
at runtime. Consider using a default import or import require here instead.
[96msrc/modules/products/products.spec.ts[0m:[93m397[0m:[93m11[0m - [91merror[0m[90m TS2349: [0mThis 
expression is not callable.
  Type '{ default: SuperTestStatic; Test: typeof Test; agent: typeof TestAgent & ((app?: App, options?: AgentOptions) 
=> TestAgent<Test>); }' has no call signatures.

[7m397[0m     await request(app.getHttpServer())
[7m   [0m [91m          ~~~~~~~[0m

  [96msrc/modules/products/products.spec.ts[0m:[93m15[0m:[93m1[0m
    [7m15[0m import * as request from 'supertest';
    [7m  [0m [96m~~~~~~~~~~~~~~~~~~~~~~~~~~~~~~~~~~~~~[0m
    Type originates at this import. A namespace-style import cannot be called or constructed, and will cause a failure 
at runtime. Consider using a default import or import require here instead.
[96msrc/modules/products/products.spec.ts[0m:[93m416[0m:[93m11[0m - [91merror[0m[90m TS2349: [0mThis 
expression is not callable.
  Type '{ default: SuperTestStatic; Test: typeof Test; agent: typeof TestAgent & ((app?: App, options?: AgentOptions) 
=> TestAgent<Test>); }' has no call signatures.

[7m416[0m     await request(app.getHttpServer())
[7m   [0m [91m          ~~~~~~~[0m

  [96msrc/modules/products/products.spec.ts[0m:[93m15[0m:[93m1[0m
    [7m15[0m import * as request from 'supertest';
    [7m  [0m [96m~~~~~~~~~~~~~~~~~~~~~~~~~~~~~~~~~~~~~[0m
    Type originates at this import. A namespace-style import cannot be called or constructed, and will cause a failure 
at runtime. Consider using a default import or import require here instead.
[96msrc/modules/products/products.spec.ts[0m:[93m435[0m:[93m28[0m - [91merror[0m[90m TS2349: [0mThis 
expression is not callable.
  Type '{ default: SuperTestStatic; Test: typeof Test; agent: typeof TestAgent & ((app?: App, options?: AgentOptions) 
=> TestAgent<Test>); }' has no call signatures.

[7m435[0m     const response = await request(app.getHttpServer())
[7m   [0m [91m                           ~~~~~~~[0m

  [96msrc/modules/products/products.spec.ts[0m:[93m15[0m:[93m1[0m
    [7m15[0m import * as request from 'supertest';
    [7m  [0m [96m~~~~~~~~~~~~~~~~~~~~~~~~~~~~~~~~~~~~~[0m
    Type originates at this import. A namespace-style import cannot be called or constructed, and will cause a failure 
at runtime. Consider using a default import or import require here instead.
[96msrc/modules/public/kyc.controller.ts[0m:[93m9[0m:[93m51[0m - [91merror[0m[90m TS2304: [0mCannot find 
name 'Req'.

[7m9[0m   async getDocument(@Param('uuid') uuid: string, @Req() req) {
[7m [0m [91m                                                  ~~~[0m
[96msrc/modules/public/kyc.controller.ts[0m:[93m11[0m:[93m28[0m - [91merror[0m[90m TS2304: [0mCannot find 
name 'db'.

[7m11[0m     const document = await db.getDocument(uuid);
[7m  [0m [91m                           ~~[0m
[96msrc/modules/public/kyc.controller.ts[0m:[93m17[0m:[93m34[0m - [91merror[0m[90m TS2304: [0mCannot find 
name 'Query'.

[7m17[0m   async handleMarketingRedirect(@Query('next') next: string, @Res() res) {
[7m  [0m [91m                                 ~~~~~[0m
[96msrc/modules/receipts/receipts.module.ts[0m:[93m3[0m:[93m36[0m - [91merror[0m[90m TS2306: [0mFile 'D:/xamp
p/htdocs/websites/PaySurity-Monorepo-master/PaySurity-Monorepo-main/apps/api/src/modules/receipts/receipts.controller.t
s' is not a module.

[7m3[0m import { ReceiptsController } from './receipts.controller';
[7m [0m [91m                                   ~~~~~~~~~~~~~~~~~~~~~~~[0m
[96msrc/modules/receipts/receipts.module.ts[0m:[93m22[0m:[93m16[0m - [91merror[0m[90m TS2304: [0mCannot find 
name 'PG_CONNECTION'.

[7m22[0m       inject: [PG_CONNECTION], // Inject the PostgreSQL connection pool
[7m  [0m [91m               ~~~~~~~~~~~~~[0m
[96msrc/modules/refund-workflow/refund-workflow.controller.ts[0m:[93m15[0m:[93m35[0m - [91merror[0m[90m 
TS2339: [0mProperty 'registerWalletToken' does not exist on type 'RefundWorkflowService'.

[7m15[0m     return { data: await this.rws.registerWalletToken(
[7m  [0m [91m                                  ~~~~~~~~~~~~~~~~~~~[0m
[96msrc/modules/refund-workflow/refund-workflow.controller.ts[0m:[93m25[0m:[93m35[0m - [91merror[0m[90m 
TS2339: [0mProperty 'processWalletPayment' does not exist on type 'RefundWorkflowService'.

[7m25[0m     return { data: await this.rws.processWalletPayment(body.tenantId, body.tokenId, body.amountCents, 
traceId || 'wallet-pay') };
[7m  [0m [91m                                  ~~~~~~~~~~~~~~~~~~~~[0m
[96msrc/modules/refund-workflow/refund-workflow.controller.ts[0m:[93m30[0m:[93m35[0m - [91merror[0m[90m 
TS2339: [0mProperty 'getWalletTokens' does not exist on type 'RefundWorkflowService'.

[7m30[0m     return { data: await this.rws.getWalletTokens(tenantId) };
[7m  [0m [91m                                  ~~~~~~~~~~~~~~~[0m
[96msrc/modules/refund-workflow/refund-workflow.controller.ts[0m:[93m41[0m:[93m61[0m - [91merror[0m[90m 
TS2554: [0mExpected 3 arguments, but got 7.

[7m41[0m       body.tenantId, body.paymentIntentId, body.refundType, body.amountCents, body.reason, body.items, 
traceId,
[7m  [0m [91m                                                            
~~~~~~~~~~~~~~~~~~~~~~~~~~~~~~~~~~~~~~~~~~~~~~~~~~[0m
[96msrc/modules/refund-workflow/refund-workflow.controller.ts[0m:[93m47[0m:[93m35[0m - [91merror[0m[90m 
TS2551: [0mProperty 'approveRefund' does not exist on type 'RefundWorkflowService'. Did you mean 'approveDenyRefund'?

[7m47[0m     return { data: await this.rws.approveRefund(id, body.approvedBy, traceId || 'refund-approve') };
[7m  [0m [91m                                  ~~~~~~~~~~~~~[0m

  [96msrc/modules/refund-workflow/refund-workflow.service.ts[0m:[93m214[0m:[93m9[0m
    [7m214[0m   async approveDenyRefund(
    [7m   [0m [96m        ~~~~~~~~~~~~~~~~~[0m
    'approveDenyRefund' is declared here.
[96msrc/modules/refund-workflow/refund-workflow.controller.ts[0m:[93m52[0m:[93m35[0m - [91merror[0m[90m 
TS2339: [0mProperty 'denyRefund' does not exist on type 'RefundWorkflowService'.

[7m52[0m     return { data: await this.rws.denyRefund(id, body.reason, traceId || 'refund-deny') };
[7m  [0m [91m                                  ~~~~~~~~~~[0m
[96msrc/modules/refund-workflow/refund-workflow.controller.ts[0m:[93m61[0m:[93m35[0m - [91merror[0m[90m 
TS2339: [0mProperty 'receiveRefundItem' does not exist on type 'RefundWorkflowService'.

[7m61[0m     return { data: await this.rws.receiveRefundItem(id, body.receivedBy, traceId || 'refund-receive-item') 
};
[7m  [0m [91m                                  ~~~~~~~~~~~~~~~~~[0m
[96msrc/modules/refund-workflow/refund-workflow.controller.ts[0m:[93m70[0m:[93m35[0m - [91merror[0m[90m 
TS2339: [0mProperty 'issueRefund' does not exist on type 'RefundWorkflowService'.

[7m70[0m     return { data: await this.rws.issueRefund(id, body.method, body.issuedBy, traceId || 'refund-issue') };
[7m  [0m [91m                                  ~~~~~~~~~~~[0m
[96msrc/modules/refund-workflow/refund-workflow.controller.ts[0m:[93m76[0m:[93m35[0m - [91merror[0m[90m 
TS2339: [0mProperty 'getRefund' does not exist on type 'RefundWorkflowService'.

[7m76[0m     return { data: await this.rws.getRefund(id, traceId || 'refund-get') };
[7m  [0m [91m                                  ~~~~~~~~~[0m
[96msrc/modules/refund-workflow/refund-workflow.service.ts[0m:[93m117[0m:[93m48[0m - [91merror[0m[90m TS2339: 
[0mProperty 'session' does not exist on type 'DrizzleTypeError<"Seems like the schema generic is missing - did you 
forget to add it to your DB type?"> | { [x: string]: RelationalQueryBuilder<ExtractTablesWithRelations<any>, { ...; 
}>; }'.
  Property 'session' does not exist on type 'DrizzleTypeError<"Seems like the schema generic is missing - did you 
forget to add it to your DB type?">'.

[7m117[0m     const existingRefund = await this.db.query.session(sql`
[7m   [0m [91m                                               ~~~~~~~[0m
[96msrc/modules/refund-workflow/refund-workflow.service.ts[0m:[93m126[0m:[93m54[0m - [91merror[0m[90m TS2339: 
[0mProperty 'session' does not exist on type 'DrizzleTypeError<"Seems like the schema generic is missing - did you 
forget to add it to your DB type?"> | { [x: string]: RelationalQueryBuilder<ExtractTablesWithRelations<any>, { ...; 
}>; }'.
  Property 'session' does not exist on type 'DrizzleTypeError<"Seems like the schema generic is missing - did you 
forget to add it to your DB type?">'.

[7m126[0m       const existingFullRefund = await this.db.query.session(sql`
[7m   [0m [91m                                                     ~~~~~~~[0m
[96msrc/modules/refund-workflow/refund-workflow.service.ts[0m:[93m137[0m:[93m47[0m - [91merror[0m[90m TS2339: 
[0mProperty 'session' does not exist on type 'DrizzleTypeError<"Seems like the schema generic is missing - did you 
forget to add it to your DB type?"> | { [x: string]: RelationalQueryBuilder<ExtractTablesWithRelations<any>, { ...; 
}>; }'.
  Property 'session' does not exist on type 'DrizzleTypeError<"Seems like the schema generic is missing - did you 
forget to add it to your DB type?">'.

[7m137[0m     const paymentIntent = await this.db.query.session(sql`
[7m   [0m [91m                                              ~~~~~~~[0m
[96msrc/modules/refund-workflow/refund-workflow.service.ts[0m:[93m155[0m:[93m53[0m - [91merror[0m[90m TS2339: 
[0mProperty 'session' does not exist on type 'DrizzleTypeError<"Seems like the schema generic is missing - did you 
forget to add it to your DB type?"> | { [x: string]: RelationalQueryBuilder<ExtractTablesWithRelations<any>, { ...; 
}>; }'.
  Property 'session' does not exist on type 'DrizzleTypeError<"Seems like the schema generic is missing - did you 
forget to add it to your DB type?">'.

[7m155[0m     const totalRefundedResult = await this.db.query.session(sql`
[7m   [0m [91m                                                    ~~~~~~~[0m
[96msrc/modules/refund-workflow/refund-workflow.service.ts[0m:[93m180[0m:[93m13[0m - [91merror[0m[90m TS2488: 
[0mType 'QueryResult<Record<string, unknown>>' must have a '[Symbol.iterator]()' method that returns an iterator.

[7m180[0m       const [newRefund] = await this.db.execute(sql`
[7m   [0m [91m            ~~~~~~~~~~~[0m
[96msrc/modules/refund-workflow/refund-workflow.service.ts[0m:[93m226[0m:[93m47[0m - [91merror[0m[90m TS2339: 
[0mProperty 'session' does not exist on type 'DrizzleTypeError<"Seems like the schema generic is missing - did you 
forget to add it to your DB type?"> | { [x: string]: RelationalQueryBuilder<ExtractTablesWithRelations<any>, { ...; 
}>; }'.
  Property 'session' does not exist on type 'DrizzleTypeError<"Seems like the schema generic is missing - did you 
forget to add it to your DB type?">'.

[7m226[0m     const refundRequest = await this.db.query.session(sql`
[7m   [0m [91m                                              ~~~~~~~[0m
[96msrc/modules/refund-workflow/refund-workflow.service.ts[0m:[93m243[0m:[93m13[0m - [91merror[0m[90m TS2488: 
[0mType 'QueryResult<Record<string, unknown>>' must have a '[Symbol.iterator]()' method that returns an iterator.

[7m243[0m       const [updatedRefund] = await this.db.execute(sql`
[7m   [0m [91m            ~~~~~~~~~~~~~~~[0m
[96msrc/modules/refund-workflow/refund-workflow.service.ts[0m:[93m258[0m:[93m13[0m - [91merror[0m[90m TS2488: 
[0mType 'QueryResult<Record<string, unknown>>' must have a '[Symbol.iterator]()' method that returns an iterator.

[7m258[0m       const [updatedRefund] = await this.db.execute(sql`
[7m   [0m [91m            ~~~~~~~~~~~~~~~[0m
[96msrc/modules/refund-workflow/refund-workflow.service.ts[0m:[93m289[0m:[93m47[0m - [91merror[0m[90m TS2339: 
[0mProperty 'session' does not exist on type 'DrizzleTypeError<"Seems like the schema generic is missing - did you 
forget to add it to your DB type?"> | { [x: string]: RelationalQueryBuilder<ExtractTablesWithRelations<any>, { ...; 
}>; }'.
  Property 'session' does not exist on type 'DrizzleTypeError<"Seems like the schema generic is missing - did you 
forget to add it to your DB type?">'.

[7m289[0m     const refundRequest = await this.db.query.session(sql`
[7m   [0m [91m                                              ~~~~~~~[0m
[96msrc/modules/refund-workflow/refund-workflow.service.ts[0m:[93m313[0m:[93m13[0m - [91merror[0m[90m TS2488: 
[0mType 'QueryResult<Record<string, unknown>>' must have a '[Symbol.iterator]()' method that returns an iterator.

[7m313[0m       const [processingRefund] = await this.db.execute(sql`
[7m   [0m [91m            ~~~~~~~~~~~~~~~~~~[0m
[96msrc/modules/refund-workflow/refund-workflow.service.ts[0m:[93m328[0m:[93m47[0m - [91merror[0m[90m TS2339: 
[0mProperty 'session' does not exist on type 'DrizzleTypeError<"Seems like the schema generic is missing - did you 
forget to add it to your DB type?"> | { [x: string]: RelationalQueryBuilder<ExtractTablesWithRelations<any>, { ...; 
}>; }'.
  Property 'session' does not exist on type 'DrizzleTypeError<"Seems like the schema generic is missing - did you 
forget to add it to your DB type?">'.

[7m328[0m     const paymentIntent = await this.db.query.session(sql`
[7m   [0m [91m                                              ~~~~~~~[0m
[96msrc/modules/refund-workflow/refund-workflow.service.ts[0m:[93m354[0m:[93m13[0m - [91merror[0m[90m TS2488: 
[0mType 'QueryResult<Record<string, unknown>>' must have a '[Symbol.iterator]()' method that returns an iterator.

[7m354[0m       const [failedRefund] = await this.db.execute(sql`
[7m   [0m [91m            ~~~~~~~~~~~~~~[0m
[96msrc/modules/refund-workflow/refund-workflow.service.ts[0m:[93m383[0m:[93m13[0m - [91merror[0m[90m TS2488: 
[0mType 'QueryResult<Record<string, unknown>>' must have a '[Symbol.iterator]()' method that returns an iterator.

[7m383[0m       const [finalRefund] = await this.db.execute(sql`
[7m   [0m [91m            ~~~~~~~~~~~~~[0m
[96msrc/modules/refund-workflow/refund-workflow.service.ts[0m:[93m397[0m:[93m30[0m - [91merror[0m[90m TS2339: 
[0mProperty 'emit' does not exist on type 'EventBusService'.

[7m397[0m         this.eventBusService.emit('refund.completed', {
[7m   [0m [91m                             ~~~~[0m
[96msrc/modules/refund-workflow/refund-workflow.service.ts[0m:[93m435[0m:[93m47[0m - [91merror[0m[90m TS2339: 
[0mProperty 'session' does not exist on type 'DrizzleTypeError<"Seems like the schema generic is missing - did you 
forget to add it to your DB type?"> | { [x: string]: RelationalQueryBuilder<ExtractTablesWithRelations<any>, { ...; 
}>; }'.
  Property 'session' does not exist on type 'DrizzleTypeError<"Seems like the schema generic is missing - did you 
forget to add it to your DB type?">'.

[7m435[0m     const refundRequest = await this.db.query.session(sql`
[7m   [0m [91m                                              ~~~~~~~[0m
[96msrc/modules/restaurant/analytics.service.ts[0m:[93m108[0m:[93m25[0m - [91merror[0m[90m TS2345: 
[0mArgument of type 'unknown' is not assignable to parameter of type 'string'.

[7m108[0m       return parseFloat(config.loyalty_rate);
[7m   [0m [91m                        ~~~~~~~~~~~~~~~~~~~[0m
[96msrc/modules/restaurant/analytics.service.ts[0m:[93m308[0m:[93m38[0m - [91merror[0m[90m TS2345: 
[0mArgument of type 'unknown' is not assignable to parameter of type 'string'.

[7m308[0m       const totalAmount = parseFloat(order.total_amount);
[7m   [0m [91m                                     ~~~~~~~~~~~~~~~~~~[0m
[96msrc/modules/retail/inventory.service.ts[0m:[93m143[0m:[93m12[0m - [91merror[0m[90m TS2352: [0mConversion 
of type 'Record<string, unknown>[]' to type 'ApparelItem[]' may be a mistake because neither type sufficiently 
overlaps with the other. If this was intentional, convert the expression to 'unknown' first.
  Type 'Record<string, unknown>' is missing the following properties from type 'ApparelItem': id, tenant_id, name, 
description, and 7 more.

[7m143[0m     return result.rows as ApparelItem[];
[7m   [0m [91m           ~~~~~~~~~~~~~~~~~~~~~~~~~~~~[0m
[96msrc/modules/retail/inventory.service.ts[0m:[93m192[0m:[93m12[0m - [91merror[0m[90m TS2352: [0mConversion 
of type 'Record<string, unknown>' to type 'ApparelItem' may be a mistake because neither type sufficiently overlaps 
with the other. If this was intentional, convert the expression to 'unknown' first.
  Type 'Record<string, unknown>' is missing the following properties from type 'ApparelItem': id, tenant_id, name, 
description, and 7 more.

[7m192[0m     return result.rows[0] as ApparelItem;
[7m   [0m [91m           ~~~~~~~~~~~~~~~~~~~~~~~~~~~~~[0m
[96msrc/modules/retail/retail.service.ts[0m:[93m71[0m:[93m77[0m - [91merror[0m[90m TS2363: [0mThe right-hand 
side of an arithmetic operation must be of type 'any', 'number', 'bigint' or an enum type.

[7m71[0m       const computedTaxCents = Math.round((subtotalCents - discountCents) * payloadTaxRate);
[7m  [0m [91m                                                                            ~~~~~~~~~~~~~~[0m
[96msrc/modules/returns/returns.dto.ts[0m:[93m15[0m:[93m29[0m - [91merror[0m[90m TS2307: [0mCannot find 
module '@nestjs/mapped-types' or its corresponding type declarations.

[7m15[0m import { PartialType } from '@nestjs/mapped-types';
[7m  [0m [91m                            ~~~~~~~~~~~~~~~~~~~~~~[0m
[96msrc/modules/returns/returns.service.ts[0m:[93m49[0m:[93m24[0m - [91merror[0m[90m TS2339: [0mProperty 
'returns' does not exist on type 'typeof import("@paysurity/database")'.

[7m49[0m         .insert(schema.returns)
[7m  [0m [91m                       ~~~~~~~[0m
[96msrc/modules/returns/returns.service.ts[0m:[93m52[0m:[93m42[0m - [91merror[0m[90m TS2339: [0mProperty 
'transactionId' does not exist on type 'CreateReturnDto'.

[7m52[0m           transactionId: createReturnDto.transactionId,
[7m  [0m [91m                                         ~~~~~~~~~~~~~[0m
[96msrc/modules/returns/returns.service.ts[0m:[93m53[0m:[93m41[0m - [91merror[0m[90m TS2339: [0mProperty 
'returnReason' does not exist on type 'CreateReturnDto'.

[7m53[0m           returnReason: createReturnDto.returnReason,
[7m  [0m [91m                                        ~~~~~~~~~~~~[0m
[96msrc/modules/returns/returns.service.ts[0m:[93m88[0m:[93m23[0m - [91merror[0m[90m TS2339: [0mProperty 
'transactionId' does not exist on type 'ReturnQueryDto'.

[7m88[0m       const { status, transactionId } = query;
[7m  [0m [91m                      ~~~~~~~~~~~~~[0m
[96msrc/modules/returns/returns.service.ts[0m:[93m92[0m:[93m21[0m - [91merror[0m[90m TS2339: [0mProperty 
'returns' does not exist on type 'typeof import("@paysurity/database")'.

[7m92[0m           eq(schema.returns.tenantId, tenantId),
[7m  [0m [91m                    ~~~~~~~[0m
[96msrc/modules/returns/returns.service.ts[0m:[93m93[0m:[93m30[0m - [91merror[0m[90m TS2339: [0mProperty 
'returns' does not exist on type 'typeof import("@paysurity/database")'.

[7m93[0m           status ? eq(schema.returns.status, status) : undefined,
[7m  [0m [91m                             ~~~~~~~[0m
[96msrc/modules/returns/returns.service.ts[0m:[93m95[0m:[93m25[0m - [91merror[0m[90m TS2339: [0mProperty 
'returns' does not exist on type 'typeof import("@paysurity/database")'.

[7m95[0m             ? eq(schema.returns.transactionId, transactionId) : undefined,
[7m  [0m [91m                        ~~~~~~~[0m
[96msrc/modules/returns/returns.service.ts[0m:[93m113[0m:[93m30[0m - [91merror[0m[90m TS2339: [0mProperty 
'returns' does not exist on type 'typeof import("@paysurity/database")'.

[7m113[0m         where: and(eq(schema.returns.id, id), eq(schema.returns.tenantId, tenantId)),
[7m   [0m [91m                             ~~~~~~~[0m
[96msrc/modules/returns/returns.service.ts[0m:[93m113[0m:[93m57[0m - [91merror[0m[90m TS2339: [0mProperty 
'returns' does not exist on type 'typeof import("@paysurity/database")'.

[7m113[0m         where: and(eq(schema.returns.id, id), eq(schema.returns.tenantId, tenantId)),
[7m   [0m [91m                                                        ~~~~~~~[0m
[96msrc/modules/returns/returns.service.ts[0m:[93m141[0m:[93m24[0m - [91merror[0m[90m TS2339: [0mProperty 
'returns' does not exist on type 'typeof import("@paysurity/database")'.

[7m141[0m         .update(schema.returns)
[7m   [0m [91m                       ~~~~~~~[0m
[96msrc/modules/returns/returns.service.ts[0m:[93m149[0m:[93m30[0m - [91merror[0m[90m TS2339: [0mProperty 
'returns' does not exist on type 'typeof import("@paysurity/database")'.

[7m149[0m         .where(and(eq(schema.returns.id, id), eq(schema.returns.tenantId, tenantId)))
[7m   [0m [91m                             ~~~~~~~[0m
[96msrc/modules/returns/returns.service.ts[0m:[93m149[0m:[93m57[0m - [91merror[0m[90m TS2339: [0mProperty 
'returns' does not exist on type 'typeof import("@paysurity/database")'.

[7m149[0m         .where(and(eq(schema.returns.id, id), eq(schema.returns.tenantId, tenantId)))
[7m   [0m [91m                                                        ~~~~~~~[0m
[96msrc/modules/returns/returns.service.ts[0m:[93m186[0m:[93m24[0m - [91merror[0m[90m TS2339: [0mProperty 
'returns' does not exist on type 'typeof import("@paysurity/database")'.

[7m186[0m         .delete(schema.returns)
[7m   [0m [91m                       ~~~~~~~[0m
[96msrc/modules/returns/returns.service.ts[0m:[93m187[0m:[93m30[0m - [91merror[0m[90m TS2339: [0mProperty 
'returns' does not exist on type 'typeof import("@paysurity/database")'.

[7m187[0m         .where(and(eq(schema.returns.id, id), eq(schema.returns.tenantId, tenantId)))
[7m   [0m [91m                             ~~~~~~~[0m
[96msrc/modules/returns/returns.service.ts[0m:[93m187[0m:[93m57[0m - [91merror[0m[90m TS2339: [0mProperty 
'returns' does not exist on type 'typeof import("@paysurity/database")'.

[7m187[0m         .where(and(eq(schema.returns.id, id), eq(schema.returns.tenantId, tenantId)))
[7m   [0m [91m                                                        ~~~~~~~[0m
[96msrc/modules/returns/returns.service.ts[0m:[93m188[0m:[93m33[0m - [91merror[0m[90m TS2339: [0mProperty 
'returns' does not exist on type 'typeof import("@paysurity/database")'.

[7m188[0m         .returning({ id: schema.returns.id });
[7m   [0m [91m                                ~~~~~~~[0m
[96msrc/modules/security/security-events.controller.ts[0m:[93m25[0m:[93m65[0m - [91merror[0m[90m TS2353: 
[0mObject literal may only specify known properties, and 'format' does not exist in type 'ApiQueryOptions'.

[7m25[0m   @ApiQuery({ name: 'startDate', required: false, type: String, format: 'date-time', description: 'Filter 
events from this ISO 8601 date.' })
[7m  [0m [91m                                                                ~~~~~~[0m
[96msrc/modules/security/security-events.controller.ts[0m:[93m26[0m:[93m63[0m - [91merror[0m[90m TS2353: 
[0mObject literal may only specify known properties, and 'format' does not exist in type 'ApiQueryOptions'.

[7m26[0m   @ApiQuery({ name: 'endDate', required: false, type: String, format: 'date-time', description: 'Filter 
events up to this ISO 8601 date.' })
[7m  [0m [91m                                                              ~~~~~~[0m
[96msrc/modules/security/security-events.controller.ts[0m:[93m28[0m:[93m39[0m - [91merror[0m[90m TS2339: 
[0mProperty 'findAll' does not exist on type 'SecurityEventsService'.

[7m28[0m     return this.securityEventsService.findAll(query);
[7m  [0m [91m                                      ~~~~~~~[0m
[96msrc/modules/security/security-events.controller.ts[0m:[93m36[0m:[93m39[0m - [91merror[0m[90m TS2339: 
[0mProperty 'findOne' does not exist on type 'SecurityEventsService'.

[7m36[0m     return this.securityEventsService.findOne(id);
[7m  [0m [91m                                      ~~~~~~~[0m
[96msrc/modules/security/security-events.controller.ts[0m:[93m49[0m:[93m39[0m - [91merror[0m[90m TS2339: 
[0mProperty 'updateStatus' does not exist on type 'SecurityEventsService'.

[7m49[0m     return this.securityEventsService.updateStatus(id, updateSecurityEventStatusDto.status);
[7m  [0m [91m                                      ~~~~~~~~~~~~[0m
[96msrc/modules/security/security-events.service.ts[0m:[93m44[0m:[93m52[0m - [91merror[0m[90m TS2339: 
[0mProperty 'securityEvents' does not exist on type 'typeof import("@paysurity/database")'.

[7m44[0m     const [newEvent] = await this.db.insert(schema.securityEvents).values({
[7m  [0m [91m                                                   ~~~~~~~~~~~~~~[0m
[96msrc/modules/security/security-events.service.ts[0m:[93m61[0m:[93m26[0m - [91merror[0m[90m TS2339: 
[0mProperty 'securityEvents' does not exist on type '{ readonly schema: 
RelationalQueryBuilder<ExtractTablesWithRelations<typeof import("@paysurity/database")>, { tsName: "schema"; dbName: 
any; columns: any; relations: Record<string, Relation<string>>; primaryKey: AnyColumn[]; }>; ... 16 more ...; readonly 
wallet_transactions: RelationalQueryBuilder<...>; }'.

[7m61[0m     return this.db.query.securityEvents.findMany({
[7m  [0m [91m                         ~~~~~~~~~~~~~~[0m
[96msrc/modules/security/security-events.service.ts[0m:[93m62[0m:[93m29[0m - [91merror[0m[90m TS2339: 
[0mProperty 'securityEvents' does not exist on type 'typeof import("@paysurity/database")'.

[7m62[0m       orderBy: [desc(schema.securityEvents.timestamp)],
[7m  [0m [91m                            ~~~~~~~~~~~~~~[0m
[96msrc/modules/security/security-events.service.ts[0m:[93m72[0m:[93m26[0m - [91merror[0m[90m TS2339: 
[0mProperty 'securityEvents' does not exist on type '{ readonly schema: 
RelationalQueryBuilder<ExtractTablesWithRelations<typeof import("@paysurity/database")>, { tsName: "schema"; dbName: 
any; columns: any; relations: Record<string, Relation<string>>; primaryKey: AnyColumn[]; }>; ... 16 more ...; readonly 
wallet_transactions: RelationalQueryBuilder<...>; }'.

[7m72[0m     return this.db.query.securityEvents.findFirst({
[7m  [0m [91m                         ~~~~~~~~~~~~~~[0m
[96msrc/modules/security/security-events.service.ts[0m:[93m73[0m:[93m24[0m - [91merror[0m[90m TS2339: 
[0mProperty 'securityEvents' does not exist on type 'typeof import("@paysurity/database")'.

[7m73[0m       where: eq(schema.securityEvents.id, id),
[7m  [0m [91m                       ~~~~~~~~~~~~~~[0m
[96msrc/modules/security/security-events.service.ts[0m:[93m83[0m:[93m26[0m - [91merror[0m[90m TS2339: 
[0mProperty 'securityEvents' does not exist on type '{ readonly schema: 
RelationalQueryBuilder<ExtractTablesWithRelations<typeof import("@paysurity/database")>, { tsName: "schema"; dbName: 
any; columns: any; relations: Record<string, Relation<string>>; primaryKey: AnyColumn[]; }>; ... 16 more ...; readonly 
wallet_transactions: RelationalQueryBuilder<...>; }'.

[7m83[0m     return this.db.query.securityEvents.findMany({
[7m  [0m [91m                         ~~~~~~~~~~~~~~[0m
[96msrc/modules/security/security-events.service.ts[0m:[93m84[0m:[93m24[0m - [91merror[0m[90m TS2339: 
[0mProperty 'securityEvents' does not exist on type 'typeof import("@paysurity/database")'.

[7m84[0m       where: eq(schema.securityEvents.userId, userId),
[7m  [0m [91m                       ~~~~~~~~~~~~~~[0m
[96msrc/modules/security/security-events.service.ts[0m:[93m85[0m:[93m29[0m - [91merror[0m[90m TS2339: 
[0mProperty 'securityEvents' does not exist on type 'typeof import("@paysurity/database")'.

[7m85[0m       orderBy: [desc(schema.securityEvents.timestamp)],
[7m  [0m [91m                            ~~~~~~~~~~~~~~[0m
[96msrc/modules/security/security-events.service.ts[0m:[93m95[0m:[93m26[0m - [91merror[0m[90m TS2339: 
[0mProperty 'securityEvents' does not exist on type '{ readonly schema: 
RelationalQueryBuilder<ExtractTablesWithRelations<typeof import("@paysurity/database")>, { tsName: "schema"; dbName: 
any; columns: any; relations: Record<string, Relation<string>>; primaryKey: AnyColumn[]; }>; ... 16 more ...; readonly 
wallet_transactions: RelationalQueryBuilder<...>; }'.

[7m95[0m     return this.db.query.securityEvents.findMany({
[7m  [0m [91m                         ~~~~~~~~~~~~~~[0m
[96msrc/modules/security/security-events.service.ts[0m:[93m96[0m:[93m24[0m - [91merror[0m[90m TS2339: 
[0mProperty 'securityEvents' does not exist on type 'typeof import("@paysurity/database")'.

[7m96[0m       where: eq(schema.securityEvents.eventType, eventType),
[7m  [0m [91m                       ~~~~~~~~~~~~~~[0m
[96msrc/modules/security/security-events.service.ts[0m:[93m97[0m:[93m29[0m - [91merror[0m[90m TS2339: 
[0mProperty 'securityEvents' does not exist on type 'typeof import("@paysurity/database")'.

[7m97[0m       orderBy: [desc(schema.securityEvents.timestamp)],
[7m  [0m [91m                            ~~~~~~~~~~~~~~[0m
[96msrc/modules/security/security-events.service.ts[0m:[93m109[0m:[93m56[0m - [91merror[0m[90m TS2339: 
[0mProperty 'securityEvents' does not exist on type 'typeof import("@paysurity/database")'.

[7m109[0m     const [updatedEvent] = await this.db.update(schema.securityEvents)
[7m   [0m [91m                                                       ~~~~~~~~~~~~~~[0m
[96msrc/modules/security/security-events.service.ts[0m:[93m114[0m:[93m24[0m - [91merror[0m[90m TS2339: 
[0mProperty 'securityEvents' does not exist on type 'typeof import("@paysurity/database")'.

[7m114[0m       .where(eq(schema.securityEvents.id, id))
[7m   [0m [91m                       ~~~~~~~~~~~~~~[0m
[96msrc/modules/security/security-events.service.ts[0m:[93m126[0m:[93m56[0m - [91merror[0m[90m TS2339: 
[0mProperty 'securityEvents' does not exist on type 'typeof import("@paysurity/database")'.

[7m126[0m     const [deletedEvent] = await this.db.delete(schema.securityEvents)
[7m   [0m [91m                                                       ~~~~~~~~~~~~~~[0m
[96msrc/modules/security/security-events.service.ts[0m:[93m127[0m:[93m24[0m - [91merror[0m[90m TS2339: 
[0mProperty 'securityEvents' does not exist on type 'typeof import("@paysurity/database")'.

[7m127[0m       .where(eq(schema.securityEvents.id, id))
[7m   [0m [91m                       ~~~~~~~~~~~~~~[0m
[96msrc/modules/services/log-aggregation.service.ts[0m:[93m3[0m:[93m21[0m - [91merror[0m[90m TS2305: 
[0mModule '"@paysurity/database"' has no exported member 'LogStatus'.

[7m3[0m import { auditLogs, LogStatus } from '@paysurity/database';
[7m [0m [91m                    ~~~~~~~~~[0m
[96msrc/modules/services/payroll-runs.service.ts[0m:[93m5[0m:[93m10[0m - [91merror[0m[90m TS2305: [0mModule 
'"@paysurity/database"' has no exported member 'payrollRunsTable'.

[7m5[0m import { payrollRunsTable, PayrollRun, NewPayrollRun } from '@paysurity/database';
[7m [0m [91m         ~~~~~~~~~~~~~~~~[0m
[96msrc/modules/services/payroll-runs.service.ts[0m:[93m5[0m:[93m28[0m - [91merror[0m[90m TS2305: [0mModule 
'"@paysurity/database"' has no exported member 'PayrollRun'.

[7m5[0m import { payrollRunsTable, PayrollRun, NewPayrollRun } from '@paysurity/database';
[7m [0m [91m                           ~~~~~~~~~~[0m
[96msrc/modules/services/payroll-runs.service.ts[0m:[93m5[0m:[93m40[0m - [91merror[0m[90m TS2305: [0mModule 
'"@paysurity/database"' has no exported member 'NewPayrollRun'.

[7m5[0m import { payrollRunsTable, PayrollRun, NewPayrollRun } from '@paysurity/database';
[7m [0m [91m                                       ~~~~~~~~~~~~~[0m
[96msrc/modules/settlement/settlement-batch.controller.ts[0m:[93m62[0m:[93m39[0m - [91merror[0m[90m TS2339: 
[0mProperty 'processBatch' does not exist on type 'SettlementBatchService'.

[7m62[0m     const result = await this.service.processBatch(id, tenantId);
[7m  [0m [91m                                      ~~~~~~~~~~~~[0m
[96msrc/modules/settlement/settlement-batch.controller.ts[0m:[93m71[0m:[93m39[0m - [91merror[0m[90m TS2339: 
[0mProperty 'getReport' does not exist on type 'SettlementBatchService'.

[7m71[0m     const report = await this.service.getReport(id, tenantId);
[7m  [0m [91m                                      ~~~~~~~~~[0m
[96msrc/modules/settlement/settlement.controller.ts[0m:[93m25[0m:[93m3[0m - [91merror[0m[90m TS2300: 
[0mDuplicate identifier 'Req'.

[7m25[0m   Req,
[7m  [0m [91m  ~~~[0m
[96msrc/modules/settlement/settlement.controller.ts[0m:[93m26[0m:[93m3[0m - [91merror[0m[90m TS2300: 
[0mDuplicate identifier 'Req'.

[7m26[0m   Req} from '@nestjs/common';
[7m  [0m [91m  ~~~[0m
[96msrc/modules/settlement/settlement.controller.ts[0m:[93m33[0m:[93m3[0m - [91merror[0m[90m TS2305: 
[0mModule '"./dto/settlement-batch.dto"' has no exported member 'SettlementReportDto'.

[7m33[0m   SettlementReportDto, // Assuming this DTO exists for the report endpoint
[7m  [0m [91m  ~~~~~~~~~~~~~~~~~~~[0m
[96msrc/modules/settlement/settlement.controller.ts[0m:[93m44[0m:[93m11[0m - [91merror[0m[90m TS2430: 
[0mInterface 'AuthenticatedRequest' incorrectly extends interface 'Request<ParamsDictionary, any, any, ParsedQs, 
Record<string, any>>'.
  Types of property 'user' are incompatible.
    Type 'AuthenticatedUser' is missing the following properties from type '{ [key: string]: unknown; userId: string; 
email: string; tenantId: string; roles: string[]; }': userId, email, roles

[7m44[0m interface AuthenticatedRequest extends Request {
[7m  [0m [91m          ~~~~~~~~~~~~~~~~~~~~[0m
[96msrc/modules/settlement/settlement.controller.ts[0m:[93m64[0m:[93m7[0m - [91merror[0m[90m TS2554: 
[0mExpected 1 arguments, but got 3.

[7m64[0m       userId,
[7m  [0m [91m      ~~~~~~~[0m
[7m65[0m       createSettlementBatchDto,
[7m  [0m [91m~~~~~~~~~~~~~~~~~~~~~~~~~~~~~~[0m
[96msrc/modules/settlement/settlement.controller.ts[0m:[93m76[0m:[93m60[0m - [91merror[0m[90m TS2554: 
[0mExpected 1 arguments, but got 2.

[7m76[0m     return this.settlementBatchesService.findAll(tenantId, filters);
[7m  [0m [91m                                                           ~~~~~~~[0m
[96msrc/modules/settlement/settlement.controller.ts[0m:[93m86[0m:[93m60[0m - [91merror[0m[90m TS2554: 
[0mExpected 1 arguments, but got 2.

[7m86[0m     return this.settlementBatchesService.findOne(tenantId, id);
[7m  [0m [91m                                                           ~~[0m
[96msrc/modules/settlement/settlement.controller.ts[0m:[93m101[0m:[93m7[0m - [91merror[0m[90m TS2554: 
[0mExpected 2 arguments, but got 4.

[7m101[0m       id,
[7m   [0m [91m      ~~~[0m
[7m102[0m       updateSettlementBatchDto,
[7m   [0m [91m~~~~~~~~~~~~~~~~~~~~~~~~~~~~~~[0m
[96msrc/modules/settlement/settlement.controller.ts[0m:[93m114[0m:[93m42[0m - [91merror[0m[90m TS2339: 
[0mProperty 'processBatch' does not exist on type 'SettlementBatchesService'.

[7m114[0m     return this.settlementBatchesService.processBatch(tenantId, userId, id);
[7m   [0m [91m                                         ~~~~~~~~~~~~[0m
[96msrc/modules/settlement/settlement.controller.ts[0m:[93m124[0m:[93m42[0m - [91merror[0m[90m TS2339: 
[0mProperty 'getReport' does not exist on type 'SettlementBatchesService'.

[7m124[0m     return this.settlementBatchesService.getReport(tenantId, id);
[7m   [0m [91m                                         ~~~~~~~~~[0m
[96msrc/modules/settlement/settlement.dto.ts[0m:[93m15[0m:[93m29[0m - [91merror[0m[90m TS2307: [0mCannot 
find module '@nestjs/mapped-types' or its corresponding type declarations.

[7m15[0m import { PartialType } from '@nestjs/mapped-types';
[7m  [0m [91m                            ~~~~~~~~~~~~~~~~~~~~~~[0m
[96msrc/modules/settlement/settlement.service.ts[0m:[93m18[0m:[93m33[0m - [91merror[0m[90m TS2307: [0mCannot 
find module '../audit/audit-log.service' or its corresponding type declarations.

[7m18[0m import { AuditLogService } from '../audit/audit-log.service';
[7m  [0m [91m                                ~~~~~~~~~~~~~~~~~~~~~~~~~~~~[0m
[96msrc/modules/settlement/settlement.service.ts[0m:[93m20[0m:[93m10[0m - [91merror[0m[90m TS2305: [0mModule 
'"./dto/settlement.dto"' has no exported member 'ProcessSettlementDto'.

[7m20[0m import { ProcessSettlementDto, SettlementStatus, SettlementType, SettlementReport } from 
'./dto/settlement.dto';
[7m  [0m [91m         ~~~~~~~~~~~~~~~~~~~~[0m
[96msrc/modules/settlement/settlement.service.ts[0m:[93m20[0m:[93m32[0m - [91merror[0m[90m TS2305: [0mModule 
'"./dto/settlement.dto"' has no exported member 'SettlementStatus'.

[7m20[0m import { ProcessSettlementDto, SettlementStatus, SettlementType, SettlementReport } from 
'./dto/settlement.dto';
[7m  [0m [91m                               ~~~~~~~~~~~~~~~~[0m
[96msrc/modules/settlement/settlement.service.ts[0m:[93m20[0m:[93m50[0m - [91merror[0m[90m TS2724: 
[0m'"./dto/settlement.dto"' has no exported member named 'SettlementType'. Did you mean 'SettlementDto'?

[7m20[0m import { ProcessSettlementDto, SettlementStatus, SettlementType, SettlementReport } from 
'./dto/settlement.dto';
[7m  [0m [91m                                                 ~~~~~~~~~~~~~~[0m

  [96msrc/modules/settlement/dto/settlement.dto.ts[0m:[93m3[0m:[93m14[0m
    [7m3[0m export class SettlementDto {
    [7m [0m [96m             ~~~~~~~~~~~~~[0m
    'SettlementDto' is declared here.
[96msrc/modules/settlement/settlement.service.ts[0m:[93m20[0m:[93m66[0m - [91merror[0m[90m TS2305: [0mModule 
'"./dto/settlement.dto"' has no exported member 'SettlementReport'.

[7m20[0m import { ProcessSettlementDto, SettlementStatus, SettlementType, SettlementReport } from 
'./dto/settlement.dto';
[7m  [0m [91m                                                                 ~~~~~~~~~~~~~~~~[0m
[96msrc/modules/settlement/settlement.service.ts[0m:[93m125[0m:[93m61[0m - [91merror[0m[90m TS2339: 
[0mProperty 'get' does not exist on type 'RequestContextService'.

[7m125[0m     const { tenantId, userId } = this.requestContextService.get();
[7m   [0m [91m                                                            ~~~[0m
[96msrc/modules/settlement/settlement.service.ts[0m:[93m144[0m:[93m7[0m - [91merror[0m[90m TS2740: [0mType 
'Record<string, unknown>' is missing the following properties from type 'Settlement': id, tenant_id, settlement_date, 
status, and 9 more.

[7m144[0m       existingSettlement = result.rows[0];
[7m   [0m [91m      ~~~~~~~~~~~~~~~~~~[0m
[96msrc/modules/settlement/settlement.service.ts[0m:[93m181[0m:[93m7[0m - [91merror[0m[90m TS2322: [0mType 
'Record<string, unknown>[]' is not assignable to type 'Transaction[]'.
  Type 'Record<string, unknown>' is missing the following properties from type 'Transaction': id, tenant_id, amount, 
currency, and 7 more.

[7m181[0m       transactionsToSettle = result.rows;
[7m   [0m [91m      ~~~~~~~~~~~~~~~~~~~~[0m
[96msrc/modules/settlement/settlement.service.ts[0m:[93m243[0m:[93m11[0m - [91merror[0m[90m TS2740: [0mType 
'Record<string, unknown>' is missing the following properties from type 'Settlement': id, tenant_id, settlement_date, 
status, and 9 more.

[7m243[0m           settlementRecord = updateResult.rows[0];
[7m   [0m [91m          ~~~~~~~~~~~~~~~~[0m
[96msrc/modules/settlement/settlement.service.ts[0m:[93m257[0m:[93m11[0m - [91merror[0m[90m TS2740: [0mType 
'Record<string, unknown>' is missing the following properties from type 'Settlement': id, tenant_id, settlement_date, 
status, and 9 more.

[7m257[0m           settlementRecord = insertResult.rows[0];
[7m   [0m [91m          ~~~~~~~~~~~~~~~~[0m
[96msrc/modules/settlement/settlement.service.ts[0m:[93m305[0m:[93m61[0m - [91merror[0m[90m TS2339: 
[0mProperty 'get' does not exist on type 'RequestContextService'.

[7m305[0m     const { tenantId, userId } = this.requestContextService.get();
[7m   [0m [91m                                                            ~~~[0m
[96msrc/modules/settlement/settlement.service.ts[0m:[93m329[0m:[93m7[0m - [91merror[0m[90m TS2740: [0mType 
'Record<string, unknown>' is missing the following properties from type 'Settlement': id, tenant_id, settlement_date, 
status, and 9 more.

[7m329[0m       return settlement;
[7m   [0m [91m      ~~~~~~[0m
[96msrc/modules/settlement/settlement.service.ts[0m:[93m347[0m:[93m61[0m - [91merror[0m[90m TS2339: 
[0mProperty 'get' does not exist on type 'RequestContextService'.

[7m347[0m     const { tenantId, userId } = this.requestContextService.get();
[7m   [0m [91m                                                            ~~~[0m
[96msrc/modules/settlement/settlement.service.ts[0m:[93m353[0m:[93m56[0m - [91merror[0m[90m TS2322: [0mType 
'SQL<unknown>' is not assignable to type '<TName extends string>(name: TName) => Placeholder<TName, any>'.
  Type 'SQL<unknown>' provides no match for the signature '<TName extends string>(name: TName): Placeholder<TName, 
any>'.

[7m353[0m     const conditions: Array<typeof sql.placeholder> = [sql`tenant_id = ${tenantId}`];
[7m   [0m [91m                                                       ~~~~~~~~~~~~~~~~~~~~~~~~~~~~[0m
[96msrc/modules/settlement/settlement.service.ts[0m:[93m355[0m:[93m23[0m - [91merror[0m[90m TS2345: 
[0mArgument of type 'SQL<unknown>' is not assignable to parameter of type '<TName extends string>(name: TName) => 
Placeholder<TName, any>'.
  Type 'SQL<unknown>' provides no match for the signature '<TName extends string>(name: TName): Placeholder<TName, 
any>'.

[7m355[0m       conditions.push(sql`settlement_date >= ${this.formatDateToISOString(startDate)}`);
[7m   [0m [91m                      ~~~~~~~~~~~~~~~~~~~~~~~~~~~~~~~~~~~~~~~~~~~~~~~~~~~~~~~~~~~~~~~~[0m
[96msrc/modules/settlement/settlement.service.ts[0m:[93m358[0m:[93m23[0m - [91merror[0m[90m TS2345: 
[0mArgument of type 'SQL<unknown>' is not assignable to parameter of type '<TName extends string>(name: TName) => 
Placeholder<TName, any>'.
  Type 'SQL<unknown>' provides no match for the signature '<TName extends string>(name: TName): Placeholder<TName, 
any>'.

[7m358[0m       conditions.push(sql`settlement_date <= ${this.formatDateToISOString(endDate)}`);
[7m   [0m [91m                      ~~~~~~~~~~~~~~~~~~~~~~~~~~~~~~~~~~~~~~~~~~~~~~~~~~~~~~~~~~~~~~[0m
[96msrc/modules/settlement/settlement.service.ts[0m:[93m373[0m:[93m7[0m - [91merror[0m[90m TS2322: [0mType 
'Record<string, unknown>[]' is not assignable to type 'Settlement[]'.
  Type 'Record<string, unknown>' is missing the following properties from type 'Settlement': id, tenant_id, 
settlement_date, status, and 9 more.

[7m373[0m       return result.rows;
[7m   [0m [91m      ~~~~~~[0m
[96msrc/modules/tables/dto/table.dto.ts[0m:[93m13[0m:[93m29[0m - [91merror[0m[90m TS2307: [0mCannot find 
module '@nestjs/mapped-types' or its corresponding type declarations.

[7m13[0m import { PartialType } from '@nestjs/mapped-types';
[7m  [0m [91m                            ~~~~~~~~~~~~~~~~~~~~~~[0m
[96msrc/modules/tables/tables.controller.ts[0m:[93m21[0m:[93m11[0m - [91merror[0m[90m TS2430: [0mInterface 
'AuthenticatedRequest' incorrectly extends interface 'Request<ParamsDictionary, any, any, ParsedQs, Record<string, 
any>>'.
  Types of property 'user' are incompatible.
    Property 'roles' is missing in type '{ tenantId: string; userId: string; email: string; }' but required in type '{ 
[key: string]: unknown; userId: string; email: string; tenantId: string; roles: string[]; }'.

[7m21[0m interface AuthenticatedRequest extends Request {
[7m  [0m [91m          ~~~~~~~~~~~~~~~~~~~~[0m

  [96msrc/modules/auth/auth.controller.ts[0m:[93m155[0m:[93m7[0m
    [7m155[0m       roles: string[];
    [7m   [0m [96m      ~~~~~[0m
    'roles' is declared here.
[96msrc/modules/tables/tables.controller.ts[0m:[93m236[0m:[93m31[0m - [91merror[0m[90m TS2339: [0mProperty 
'findAll' does not exist on type 'TablesService'.

[7m236[0m     return this.tablesService.findAll(tenantId, query);
[7m   [0m [91m                              ~~~~~~~[0m
[96msrc/modules/tables/tables.controller.ts[0m:[93m253[0m:[93m31[0m - [91merror[0m[90m TS2339: [0mProperty 
'create' does not exist on type 'TablesService'.

[7m253[0m     return this.tablesService.create(tenantId, createTableDto);
[7m   [0m [91m                              ~~~~~~[0m
[96msrc/modules/tables/tables.controller.ts[0m:[93m274[0m:[93m31[0m - [91merror[0m[90m TS2339: [0mProperty 
'updateStatus' does not exist on type 'TablesService'.

[7m274[0m     return this.tablesService.updateStatus(tenantId, id, updateTableStatusDto);
[7m   [0m [91m                              ~~~~~~~~~~~~[0m
[96msrc/modules/tables/tables.controller.ts[0m:[93m296[0m:[93m31[0m - [91merror[0m[90m TS2339: [0mProperty 
'assignOrder' does not exist on type 'TablesService'.

[7m296[0m     return this.tablesService.assignOrder(tenantId, id, assignOrderDto.orderId);
[7m   [0m [91m                              ~~~~~~~~~~~[0m
[96msrc/modules/tables/tables.controller.ts[0m:[93m315[0m:[93m31[0m - [91merror[0m[90m TS2554: [0mExpected 3 
arguments, but got 2.

[7m315[0m     return this.tablesService.mergeTables(tenantId, mergeTablesDto.tableIds);
[7m   [0m [91m                              ~~~~~~~~~~~[0m

  [96msrc/modules/tables/tables.service.ts[0m:[93m502[0m:[93m71[0m
    [7m502[0m   async mergeTables(mergeTablesDto: MergeTablesDto, tenantId: string, userId: string): 
Promise<TableSelect> {
    [7m   [0m [96m                                                                      ~~~~~~~~~~~~~~[0m
    An argument for 'userId' was not provided.
[96msrc/modules/tables/tables.controller.ts[0m:[93m333[0m:[93m31[0m - [91merror[0m[90m TS2554: [0mExpected 3 
arguments, but got 2.

[7m333[0m     return this.tablesService.splitTable(tenantId, splitTableBodyDto.tableId);
[7m   [0m [91m                              ~~~~~~~~~~[0m

  [96msrc/modules/tables/tables.service.ts[0m:[93m600[0m:[93m68[0m
    [7m600[0m   async splitTable(splitTableDto: SplitTableDto, tenantId: string, userId: string): Promise<{ 
primaryTable: TableSelect; reactivatedTables: TableSelect[] }> {
    [7m   [0m [96m                                                                   ~~~~~~~~~~~~~~[0m
    An argument for 'userId' was not provided.
[96msrc/modules/tables/tables.edge-cases.spec.ts[0m:[93m152[0m:[93m7[0m - [91merror[0m[90m TS2451: [0mCannot 
redeclare block-scoped variable 'mockAuthService'.

[7m152[0m const mockAuthService = new MockAuthService();
[7m   [0m [91m      ~~~~~~~~~~~~~~~[0m

  [96msrc/modules/loyalty/loyalty.edge-cases.spec.ts[0m:[93m68[0m:[93m7[0m
    [7m68[0m const mockAuthService = {
    [7m  [0m [96m      ~~~~~~~~~~~~~~~[0m
    'mockAuthService' was also declared here.
[96msrc/modules/tables/tables.edge-cases.spec.ts[0m:[93m277[0m:[93m63[0m - [91merror[0m[90m TS2345: 
[0mArgument of type '{ authorize: jest.Mock<Promise<void>, [UserContext, string[]], any>; }' is not assignable to 
parameter of type 'MockAuthService'.
  Type '{ authorize: Mock<Promise<void>, [UserContext, string[]], any>; }' is missing the following properties from 
type 'MockAuthService': userPermissions, grantPermissions, hasPermission, clear

[7m277[0m const tablesService = new TablesService(mockTablesRepository, mockAuthService);
[7m   [0m [91m                                                              ~~~~~~~~~~~~~~~[0m
[96msrc/modules/tables/tables.edge-cases.spec.ts[0m:[93m292[0m:[93m21[0m - [91merror[0m[90m TS2339: 
[0mProperty 'clear' does not exist on type '{ authorize: Mock<Promise<void>, [UserContext, string[]], any>; }'.

[7m292[0m     mockAuthService.clear();
[7m   [0m [91m                    ~~~~~[0m
[96msrc/modules/tables/tables.edge-cases.spec.ts[0m:[93m295[0m:[93m21[0m - [91merror[0m[90m TS2339: 
[0mProperty 'grantPermissions' does not exist on type '{ authorize: Mock<Promise<void>, [UserContext, string[]], 
any>; }'.

[7m295[0m     mockAuthService.grantPermissions(userIdAdminA, tenantIdA, ['manage_tables', 'view_tables']);
[7m   [0m [91m                    ~~~~~~~~~~~~~~~~[0m
[96msrc/modules/tables/tables.edge-cases.spec.ts[0m:[93m296[0m:[93m21[0m - [91merror[0m[90m TS2339: 
[0mProperty 'grantPermissions' does not exist on type '{ authorize: Mock<Promise<void>, [UserContext, string[]], 
any>; }'.

[7m296[0m     mockAuthService.grantPermissions(userIdViewerA, tenantIdA, ['view_tables']);
[7m   [0m [91m                    ~~~~~~~~~~~~~~~~[0m
[96msrc/modules/tables/tables.edge-cases.spec.ts[0m:[93m297[0m:[93m21[0m - [91merror[0m[90m TS2339: 
[0mProperty 'grantPermissions' does not exist on type '{ authorize: Mock<Promise<void>, [UserContext, string[]], 
any>; }'.

[7m297[0m     mockAuthService.grantPermissions(userIdAdminB, tenantIdB, ['manage_tables', 'view_tables']);
[7m   [0m [91m                    ~~~~~~~~~~~~~~~~[0m
[96msrc/modules/tables/tables.service.ts[0m:[93m18[0m:[93m88[0m - [91merror[0m[90m TS2305: [0mModule 
'"./dto/table.dto"' has no exported member 'AssignOrderToTableDto'.

[7m18[0m import { CreateTableDto, UpdateTableDto, TableQueryParamsDto, TableStatus, TableShape, 
AssignOrderToTableDto, MergeTablesDto, SplitTableDto } from './dto/table.dto';
[7m  [0m [91m                                                                                       
~~~~~~~~~~~~~~~~~~~~~[0m
[96msrc/modules/tables/tables.service.ts[0m:[93m18[0m:[93m111[0m - [91merror[0m[90m TS2305: [0mModule 
'"./dto/table.dto"' has no exported member 'MergeTablesDto'.

[7m18[0m import { CreateTableDto, UpdateTableDto, TableQueryParamsDto, TableStatus, TableShape, 
AssignOrderToTableDto, MergeTablesDto, SplitTableDto } from './dto/table.dto';
[7m  [0m [91m                                                                                                       
       ~~~~~~~~~~~~~~[0m
[96msrc/modules/tables/tables.service.ts[0m:[93m18[0m:[93m127[0m - [91merror[0m[90m TS2305: [0mModule 
'"./dto/table.dto"' has no exported member 'SplitTableDto'.

[7m18[0m import { CreateTableDto, UpdateTableDto, TableQueryParamsDto, TableStatus, TableShape, 
AssignOrderToTableDto, MergeTablesDto, SplitTableDto } from './dto/table.dto';
[7m  [0m [91m                                                                                                       
                       ~~~~~~~~~~~~~[0m
[96msrc/modules/tables/tables.service.ts[0m:[93m21[0m:[93m10[0m - [91merror[0m[90m TS2305: [0mModule 
'"@paysurity/database"' has no exported member 'locations'.

[7m21[0m import { locations, tables } from '@paysurity/database';
[7m  [0m [91m         ~~~~~~~~~[0m
[96msrc/modules/tables/tables.service.ts[0m:[93m21[0m:[93m21[0m - [91merror[0m[90m TS2305: [0mModule 
'"@paysurity/database"' has no exported member 'tables'.

[7m21[0m import { locations, tables } from '@paysurity/database';
[7m  [0m [91m                    ~~~~~~[0m
[96msrc/modules/tables/tables.service.ts[0m:[93m98[0m:[93m47[0m - [91merror[0m[90m TS2551: [0mProperty 
'locationId' does not exist on type 'CreateTableDto'. Did you mean 'location'?

[7m98[0m     await this.getLocationById(createTableDto.locationId, tenantId);
[7m  [0m [91m                                              ~~~~~~~~~~[0m

  [96msrc/modules/tables/dto/table.dto.ts[0m:[93m72[0m:[93m3[0m
    [7m72[0m   location: string; // e.g., "main_dining_hall", "patio", "private_room_1"
    [7m  [0m [96m  ~~~~~~~~[0m
    'location' is declared here.
[96msrc/modules/tables/tables.service.ts[0m:[93m102[0m:[93m34[0m - [91merror[0m[90m TS2551: [0mProperty 
'locationId' does not exist on type 'CreateTableDto'. Did you mean 'location'?

[7m102[0m       locationId: createTableDto.locationId,
[7m   [0m [91m                                 ~~~~~~~~~~[0m

  [96msrc/modules/tables/dto/table.dto.ts[0m:[93m72[0m:[93m3[0m
    [7m72[0m   location: string; // e.g., "main_dining_hall", "patio", "private_room_1"
    [7m  [0m [96m  ~~~~~~~~[0m
    'location' is declared here.
[96msrc/modules/tables/tables.service.ts[0m:[93m103[0m:[93m35[0m - [91merror[0m[90m TS2339: [0mProperty 
'tableNumber' does not exist on type 'CreateTableDto'.

[7m103[0m       tableNumber: createTableDto.tableNumber,
[7m   [0m [91m                                  ~~~~~~~~~~~[0m
[96msrc/modules/tables/tables.service.ts[0m:[93m107[0m:[93m36[0m - [91merror[0m[90m TS2339: [0mProperty 
'coordinatesX' does not exist on type 'CreateTableDto'.

[7m107[0m       coordinatesX: createTableDto.coordinatesX || 0,
[7m   [0m [91m                                   ~~~~~~~~~~~~[0m
[96msrc/modules/tables/tables.service.ts[0m:[93m108[0m:[93m36[0m - [91merror[0m[90m TS2339: [0mProperty 
'coordinatesY' does not exist on type 'CreateTableDto'.

[7m108[0m       coordinatesY: createTableDto.coordinatesY || 0,
[7m   [0m [91m                                   ~~~~~~~~~~~~[0m
[96msrc/modules/tables/tables.service.ts[0m:[93m109[0m:[93m29[0m - [91merror[0m[90m TS2339: [0mProperty 
'width' does not exist on type 'CreateTableDto'.

[7m109[0m       width: createTableDto.width || 1,
[7m   [0m [91m                            ~~~~~[0m
[96msrc/modules/tables/tables.service.ts[0m:[93m110[0m:[93m30[0m - [91merror[0m[90m TS2339: [0mProperty 
'height' does not exist on type 'CreateTableDto'.

[7m110[0m       height: createTableDto.height || 1,
[7m   [0m [91m                             ~~~~~~[0m
[96msrc/modules/tables/tables.service.ts[0m:[93m131[0m:[93m26[0m - [91merror[0m[90m TS2339: [0mProperty 
'logAudit' does not exist on type 'AuditLogService'.

[7m131[0m     this.auditLogService.logAudit({
[7m   [0m [91m                         ~~~~~~~~[0m
[96msrc/modules/tables/tables.service.ts[0m:[93m151[0m:[93m22[0m - [91merror[0m[90m TS2551: [0mProperty 
'locationId' does not exist on type 'TableQueryParamsDto'. Did you mean 'location'?

[7m151[0m     if (!queryParams.locationId) {
[7m   [0m [91m                     ~~~~~~~~~~[0m

  [96msrc/modules/tables/dto/table.dto.ts[0m:[93m132[0m:[93m3[0m
    [7m132[0m   location?: string;
    [7m   [0m [96m  ~~~~~~~~[0m
    'location' is declared here.
[96msrc/modules/tables/tables.service.ts[0m:[93m154[0m:[93m44[0m - [91merror[0m[90m TS2551: [0mProperty 
'locationId' does not exist on type 'TableQueryParamsDto'. Did you mean 'location'?

[7m154[0m     await this.getLocationById(queryParams.locationId, tenantId);
[7m   [0m [91m                                           ~~~~~~~~~~[0m

  [96msrc/modules/tables/dto/table.dto.ts[0m:[93m132[0m:[93m3[0m
    [7m132[0m   location?: string;
    [7m   [0m [96m  ~~~~~~~~[0m
    'location' is declared here.
[96msrc/modules/tables/tables.service.ts[0m:[93m158[0m:[93m41[0m - [91merror[0m[90m TS2551: [0mProperty 
'locationId' does not exist on type 'TableQueryParamsDto'. Did you mean 'location'?

[7m158[0m       eq(tables.locationId, queryParams.locationId),
[7m   [0m [91m                                        ~~~~~~~~~~[0m

  [96msrc/modules/tables/dto/table.dto.ts[0m:[93m132[0m:[93m3[0m
    [7m132[0m   location?: string;
    [7m   [0m [96m  ~~~~~~~~[0m
    'location' is declared here.
[96msrc/modules/tables/tables.service.ts[0m:[93m164[0m:[93m21[0m - [91merror[0m[90m TS2339: [0mProperty 
'tableNumber' does not exist on type 'TableQueryParamsDto'.

[7m164[0m     if (queryParams.tableNumber) {
[7m   [0m [91m                    ~~~~~~~~~~~[0m
[96msrc/modules/tables/tables.service.ts[0m:[93m165[0m:[93m69[0m - [91merror[0m[90m TS2339: [0mProperty 
'tableNumber' does not exist on type 'TableQueryParamsDto'.

[7m165[0m       whereConditions.push(like(tables.tableNumber, `%${queryParams.tableNumber}%`));
[7m   [0m [91m                                                                    ~~~~~~~~~~~[0m
[96msrc/modules/tables/tables.service.ts[0m:[93m167[0m:[93m21[0m - [91merror[0m[90m TS2339: [0mProperty 
'minCapacity' does not exist on type 'TableQueryParamsDto'.

[7m167[0m     if (queryParams.minCapacity) {
[7m   [0m [91m                    ~~~~~~~~~~~[0m
[96msrc/modules/tables/tables.service.ts[0m:[93m168[0m:[93m61[0m - [91merror[0m[90m TS2339: [0mProperty 
'minCapacity' does not exist on type 'TableQueryParamsDto'.

[7m168[0m       whereConditions.push(gte(tables.capacity, queryParams.minCapacity));
[7m   [0m [91m                                                            ~~~~~~~~~~~[0m
[96msrc/modules/tables/tables.service.ts[0m:[93m170[0m:[93m21[0m - [91merror[0m[90m TS2339: [0mProperty 
'maxCapacity' does not exist on type 'TableQueryParamsDto'.

[7m170[0m     if (queryParams.maxCapacity) {
[7m   [0m [91m                    ~~~~~~~~~~~[0m
[96msrc/modules/tables/tables.service.ts[0m:[93m171[0m:[93m61[0m - [91merror[0m[90m TS2339: [0mProperty 
'maxCapacity' does not exist on type 'TableQueryParamsDto'.

[7m171[0m       whereConditions.push(lte(tables.capacity, queryParams.maxCapacity));
[7m   [0m [91m                                                            ~~~~~~~~~~~[0m
[96msrc/modules/tables/tables.service.ts[0m:[93m173[0m:[93m21[0m - [91merror[0m[90m TS2339: [0mProperty 
'isMerged' does not exist on type 'TableQueryParamsDto'.

[7m173[0m     if (queryParams.isMerged !== undefined) {
[7m   [0m [91m                    ~~~~~~~~[0m
[96msrc/modules/tables/tables.service.ts[0m:[93m174[0m:[93m23[0m - [91merror[0m[90m TS2339: [0mProperty 
'isMerged' does not exist on type 'TableQueryParamsDto'.

[7m174[0m       if (queryParams.isMerged) {
[7m   [0m [91m                      ~~~~~~~~[0m
[96msrc/modules/tables/tables.service.ts[0m:[93m271[0m:[93m24[0m - [91merror[0m[90m TS2339: [0mProperty 
'tableNumber' does not exist on type 'UpdateTableDto'.

[7m271[0m     if (updateTableDto.tableNumber !== undefined) setValues.push(sql`${tables.tableNumber} = 
${updateTableDto.tableNumber}`);
[7m   [0m [91m                       ~~~~~~~~~~~[0m
[96msrc/modules/tables/tables.service.ts[0m:[93m271[0m:[93m111[0m - [91merror[0m[90m TS2339: [0mProperty 
'tableNumber' does not exist on type 'UpdateTableDto'.

[7m271[0m     if (updateTableDto.tableNumber !== undefined) setValues.push(sql`${tables.tableNumber} = 
${updateTableDto.tableNumber}`);
[7m   [0m [91m                                                                                                      
        ~~~~~~~~~~~[0m
[96msrc/modules/tables/tables.service.ts[0m:[93m272[0m:[93m24[0m - [91merror[0m[90m TS2339: [0mProperty 
'capacity' does not exist on type 'UpdateTableDto'.

[7m272[0m     if (updateTableDto.capacity !== undefined) setValues.push(sql`${tables.capacity} = 
${updateTableDto.capacity}`);
[7m   [0m [91m                       ~~~~~~~~[0m
[96msrc/modules/tables/tables.service.ts[0m:[93m272[0m:[93m105[0m - [91merror[0m[90m TS2339: [0mProperty 
'capacity' does not exist on type 'UpdateTableDto'.

[7m272[0m     if (updateTableDto.capacity !== undefined) setValues.push(sql`${tables.capacity} = 
${updateTableDto.capacity}`);
[7m   [0m [91m                                                                                                      
  ~~~~~~~~[0m
[96msrc/modules/tables/tables.service.ts[0m:[93m274[0m:[93m24[0m - [91merror[0m[90m TS2339: [0mProperty 
'status' does not exist on type 'UpdateTableDto'.

[7m274[0m     if (updateTableDto.status !== undefined && updateTableDto.status !== existingTable.status) {
[7m   [0m [91m                       ~~~~~~[0m
[96msrc/modules/tables/tables.service.ts[0m:[93m274[0m:[93m63[0m - [91merror[0m[90m TS2339: [0mProperty 
'status' does not exist on type 'UpdateTableDto'.

[7m274[0m     if (updateTableDto.status !== undefined && updateTableDto.status !== existingTable.status) {
[7m   [0m [91m                                                              ~~~~~~[0m
[96msrc/modules/tables/tables.service.ts[0m:[93m275[0m:[93m62[0m - [91merror[0m[90m TS2339: [0mProperty 
'status' does not exist on type 'UpdateTableDto'.

[7m275[0m       setValues.push(sql`${tables.status} = ${updateTableDto.status}`);
[7m   [0m [91m                                                             ~~~~~~[0m
[96msrc/modules/tables/tables.service.ts[0m:[93m277[0m:[93m24[0m - [91merror[0m[90m TS2339: [0mProperty 
'shape' does not exist on type 'UpdateTableDto'.

[7m277[0m     if (updateTableDto.shape !== undefined) setValues.push(sql`${tables.shape} = ${updateTableDto.shape}`);
[7m   [0m [91m                       ~~~~~[0m
[96msrc/modules/tables/tables.service.ts[0m:[93m277[0m:[93m99[0m - [91merror[0m[90m TS2339: [0mProperty 
'shape' does not exist on type 'UpdateTableDto'.

[7m277[0m     if (updateTableDto.shape !== undefined) setValues.push(sql`${tables.shape} = ${updateTableDto.shape}`);
[7m   [0m [91m                                                                                                  
~~~~~[0m
[96msrc/modules/tables/tables.service.ts[0m:[93m278[0m:[93m24[0m - [91merror[0m[90m TS2339: [0mProperty 
'coordinatesX' does not exist on type 'UpdateTableDto'.

[7m278[0m     if (updateTableDto.coordinatesX !== undefined) setValues.push(sql`${tables.coordinatesX} = 
${updateTableDto.coordinatesX}`);
[7m   [0m [91m                       ~~~~~~~~~~~~[0m
[96msrc/modules/tables/tables.service.ts[0m:[93m278[0m:[93m113[0m - [91merror[0m[90m TS2339: [0mProperty 
'coordinatesX' does not exist on type 'UpdateTableDto'.

[7m278[0m     if (updateTableDto.coordinatesX !== undefined) setValues.push(sql`${tables.coordinatesX} = 
${updateTableDto.coordinatesX}`);
[7m   [0m [91m                                                                                                      
          ~~~~~~~~~~~~[0m
[96msrc/modules/tables/tables.service.ts[0m:[93m279[0m:[93m24[0m - [91merror[0m[90m TS2339: [0mProperty 
'coordinatesY' does not exist on type 'UpdateTableDto'.

[7m279[0m     if (updateTableDto.coordinatesY !== undefined) setValues.push(sql`${tables.coordinatesY} = 
${updateTableDto.coordinatesY}`);
[7m   [0m [91m                       ~~~~~~~~~~~~[0m
[96msrc/modules/tables/tables.service.ts[0m:[93m279[0m:[93m113[0m - [91merror[0m[90m TS2339: [0mProperty 
'coordinatesY' does not exist on type 'UpdateTableDto'.

[7m279[0m     if (updateTableDto.coordinatesY !== undefined) setValues.push(sql`${tables.coordinatesY} = 
${updateTableDto.coordinatesY}`);
[7m   [0m [91m                                                                                                      
          ~~~~~~~~~~~~[0m
[96msrc/modules/tables/tables.service.ts[0m:[93m280[0m:[93m24[0m - [91merror[0m[90m TS2339: [0mProperty 
'width' does not exist on type 'UpdateTableDto'.

[7m280[0m     if (updateTableDto.width !== undefined) setValues.push(sql`${tables.width} = ${updateTableDto.width}`);
[7m   [0m [91m                       ~~~~~[0m
[96msrc/modules/tables/tables.service.ts[0m:[93m280[0m:[93m99[0m - [91merror[0m[90m TS2339: [0mProperty 
'width' does not exist on type 'UpdateTableDto'.

[7m280[0m     if (updateTableDto.width !== undefined) setValues.push(sql`${tables.width} = ${updateTableDto.width}`);
[7m   [0m [91m                                                                                                  
~~~~~[0m
[96msrc/modules/tables/tables.service.ts[0m:[93m281[0m:[93m24[0m - [91merror[0m[90m TS2339: [0mProperty 
'height' does not exist on type 'UpdateTableDto'.

[7m281[0m     if (updateTableDto.height !== undefined) setValues.push(sql`${tables.height} = 
${updateTableDto.height}`);
[7m   [0m [91m                       ~~~~~~[0m
[96msrc/modules/tables/tables.service.ts[0m:[93m281[0m:[93m101[0m - [91merror[0m[90m TS2339: [0mProperty 
'height' does not exist on type 'UpdateTableDto'.

[7m281[0m     if (updateTableDto.height !== undefined) setValues.push(sql`${tables.height} = 
${updateTableDto.height}`);
[7m   [0m [91m                                                                                                    
~~~~~~[0m
[96msrc/modules/tables/tables.service.ts[0m:[93m284[0m:[93m50[0m - [91merror[0m[90m TS2339: [0mProperty 
'status' does not exist on type 'UpdateTableDto'.

[7m284[0m     if (setValues.length === 1 && updateTableDto.status === undefined) { // Only updatedAt changed means 
no actual user-data change
[7m   [0m [91m                                                 ~~~~~~[0m
[96msrc/modules/tables/tables.service.ts[0m:[93m298[0m:[93m26[0m - [91merror[0m[90m TS2339: [0mProperty 
'logAudit' does not exist on type 'AuditLogService'.

[7m298[0m     this.auditLogService.logAudit({
[7m   [0m [91m                         ~~~~~~~~[0m
[96msrc/modules/tables/tables.service.ts[0m:[93m310[0m:[93m24[0m - [91merror[0m[90m TS2339: [0mProperty 
'status' does not exist on type 'UpdateTableDto'.

[7m310[0m     if (updateTableDto.status && updateTableDto.status !== existingTable.status) {
[7m   [0m [91m                       ~~~~~~[0m
[96msrc/modules/tables/tables.service.ts[0m:[93m310[0m:[93m49[0m - [91merror[0m[90m TS2339: [0mProperty 
'status' does not exist on type 'UpdateTableDto'.

[7m310[0m     if (updateTableDto.status && updateTableDto.status !== existingTable.status) {
[7m   [0m [91m                                                ~~~~~~[0m
[96msrc/modules/tables/tables.service.ts[0m:[93m359[0m:[93m26[0m - [91merror[0m[90m TS2339: [0mProperty 
'logAudit' does not exist on type 'AuditLogService'.

[7m359[0m     this.auditLogService.logAudit({
[7m   [0m [91m                         ~~~~~~~~[0m
[96msrc/modules/tables/tables.service.ts[0m:[93m396[0m:[93m95[0m - [91merror[0m[90m TS2339: [0mProperty 
'CLEANING' does not exist on type 'typeof TableStatus'.

[7m396[0m     if (existingTable.status === TableStatus.OCCUPIED || existingTable.status === TableStatus.CLEANING) {
[7m   [0m [91m                                                                                              
~~~~~~~~[0m
[96msrc/modules/tables/tables.service.ts[0m:[93m413[0m:[93m26[0m - [91merror[0m[90m TS2339: [0mProperty 
'logAudit' does not exist on type 'AuditLogService'.

[7m413[0m     this.auditLogService.logAudit({
[7m   [0m [91m                         ~~~~~~~~[0m
[96msrc/modules/tables/tables.service.ts[0m:[93m469[0m:[93m26[0m - [91merror[0m[90m TS2339: [0mProperty 
'logAudit' does not exist on type 'AuditLogService'.

[7m469[0m     this.auditLogService.logAudit({
[7m   [0m [91m                         ~~~~~~~~[0m
[96msrc/modules/tables/tables.service.ts[0m:[93m525[0m:[93m46[0m - [91merror[0m[90m TS2339: [0mProperty 
'MERGED' does not exist on type 'typeof TableStatus'.

[7m525[0m       if (sourceTable.status === TableStatus.MERGED) {
[7m   [0m [91m                                             ~~~~~~[0m
[96msrc/modules/tables/tables.service.ts[0m:[93m539[0m:[93m42[0m - [91merror[0m[90m TS2339: [0mProperty 
'MERGED' does not exist on type 'typeof TableStatus'.

[7m539[0m         ${tables.status} = ${TableStatus.MERGED}, -- Mark target as merged if it wasn't already, to 
signify it manages other tables
[7m   [0m [91m                                         ~~~~~~[0m
[96msrc/modules/tables/tables.service.ts[0m:[93m553[0m:[93m44[0m - [91merror[0m[90m TS2339: [0mProperty 
'MERGED' does not exist on type 'typeof TableStatus'.

[7m553[0m           ${tables.status} = ${TableStatus.MERGED},
[7m   [0m [91m                                           ~~~~~~[0m
[96msrc/modules/tables/tables.service.ts[0m:[93m566[0m:[93m26[0m - [91merror[0m[90m TS2339: [0mProperty 
'logAudit' does not exist on type 'AuditLogService'.

[7m566[0m     this.auditLogService.logAudit({
[7m   [0m [91m                         ~~~~~~~~[0m
[96msrc/modules/tables/tables.service.ts[0m:[93m645[0m:[93m26[0m - [91merror[0m[90m TS2339: [0mProperty 
'logAudit' does not exist on type 'AuditLogService'.

[7m645[0m     this.auditLogService.logAudit({
[7m   [0m [91m                         ~~~~~~~~[0m
[96msrc/modules/tables/tables.service.ts[0m:[93m695[0m:[93m144[0m - [91merror[0m[90m TS2339: [0mProperty 
'CLEANING' does not exist on type 'typeof TableStatus'.

[7m695[0m     if (existingTable.status === TableStatus.OCCUPIED || existingTable.status === TableStatus.RESERVED || 
existingTable.status === TableStatus.CLEANING) {
[7m   [0m [91m                                                                                                      
                                         ~~~~~~~~[0m
[96msrc/modules/tables/tables.service.ts[0m:[93m707[0m:[93m26[0m - [91merror[0m[90m TS2339: [0mProperty 
'logAudit' does not exist on type 'AuditLogService'.

[7m707[0m     this.auditLogService.logAudit({
[7m   [0m [91m                         ~~~~~~~~[0m
[96msrc/modules/tax/tax-nexus.controller.ts[0m:[93m89[0m:[93m24[0m - [91merror[0m[90m TS1329: [0m'Request' 
accepts too few arguments to be used as a decorator here. Did you mean to call it first and write '@Request()'?

[7m89[0m   async listStateNexus(@Request req): Promise<StateNexusResponse[]> {
[7m  [0m [91m                       ~~~~~~~~[0m
[96msrc/modules/tax/tax-nexus.controller.ts[0m:[93m113[0m:[93m23[0m - [91merror[0m[90m TS1329: [0m'Request' 
accepts too few arguments to be used as a decorator here. Did you mean to call it first and write '@Request()'?

[7m113[0m   async addStateNexus(@Request req, @Body() addStateNexusDto: AddStateNexusDto): 
Promise<AddStateNexusResponse> {
[7m   [0m [91m                      ~~~~~~~~[0m
[96msrc/modules/tax/tax-nexus.controller.ts[0m:[93m162[0m:[93m22[0m - [91merror[0m[90m TS1329: [0m'Request' 
accepts too few arguments to be used as a decorator here. Did you mean to call it first and write '@Request()'?

[7m162[0m   async calculateTax(@Request req, @Body() calculateTaxDto: CalculateTaxDto): 
Promise<TaxCalculationResponse> {
[7m   [0m [91m                     ~~~~~~~~[0m
[96msrc/modules/tax/tax-nexus.controller.ts[0m:[93m240[0m:[93m29[0m - [91merror[0m[90m TS1329: [0m'Request' 
accepts too few arguments to be used as a decorator here. Did you mean to call it first and write '@Request()'?

[7m240[0m   async getMonthlyTaxReport(@Request req, @Query('month') month: string): 
Promise<MonthlyTaxReportResponse> {
[7m   [0m [91m                            ~~~~~~~~[0m
[96msrc/modules/tax/tax.controller.ts[0m:[93m41[0m:[93m104[0m - [91merror[0m[90m TS2339: [0mProperty 
'taxYear' does not exist on type 'GetTaxSummaryReportDto'.

[7m41[0m     this.logger.log(`Received request for tax summary report for tenantId: ${tenantId}, taxYear: 
${dto.taxYear}, employeeId: ${dto.employeeId || 'all'}`);
[7m  [0m [91m                                                                                                       
~~~~~~~[0m
[96msrc/modules/tax/tax.controller.ts[0m:[93m41[0m:[93m132[0m - [91merror[0m[90m TS2339: [0mProperty 
'employeeId' does not exist on type 'GetTaxSummaryReportDto'.

[7m41[0m     this.logger.log(`Received request for tax summary report for tenantId: ${tenantId}, taxYear: 
${dto.taxYear}, employeeId: ${dto.employeeId || 'all'}`);
[7m  [0m [91m                                                                                                       
                            ~~~~~~~~~~[0m
[96msrc/modules/tax/tax.controller.ts[0m:[93m42[0m:[93m28[0m - [91merror[0m[90m TS2339: [0mProperty 
'getTaxSummaryReport' does not exist on type 'TaxService'.

[7m42[0m     return this.taxService.getTaxSummaryReport(tenantId, dto);
[7m  [0m [91m                           ~~~~~~~~~~~~~~~~~~~[0m
[96msrc/modules/tax/tax.edge-cases.spec.ts[0m:[93m79[0m:[93m7[0m - [91merror[0m[90m TS2300: [0mDuplicate 
identifier 'TaxService'.

[7m79[0m class TaxService {
[7m  [0m [91m      ~~~~~~~~~~[0m

  [96msrc/modules/ecom/cart.service.ts[0m:[93m88[0m:[93m7[0m
    [7m88[0m class TaxService {
    [7m  [0m [96m      ~~~~~~~~~~[0m
    'TaxService' was also declared here.
[96msrc/modules/tax/tax.edge-cases.spec.ts[0m:[93m150[0m:[93m37[0m - [91merror[0m[90m TS2554: [0mExpected 0 
arguments, but got 3.

[7m150[0m         taxService = new TaxService(taxJarClientInstance, dbServiceInstance, loggerInstance);
[7m   [0m [91m                                    ~~~~~~~~~~~~~~~~~~~~~~~~~~~~~~~~~~~~~~~~~~~~~~~~~~~~~~~[0m
[96msrc/modules/tax/tax.edge-cases.spec.ts[0m:[93m152[0m:[93m46[0m - [91merror[0m[90m TS2322: [0mType 
'Promise<TaxCalculationResponse>' is not assignable to type 'Promise<TaxCalculationResult>'.
  Type 'TaxCalculationResponse' is missing the following properties from type 'TaxCalculationResult': taxAmount, 
totalWithTax, currency

[7m152[0m         taxService.calculateTaxes = (req) => taxJarClientInstance.calculateTaxes(req!).then(async (res) => 
{
[7m   [0m [91m                                             
~~~~~~~~~~~~~~~~~~~~~~~~~~~~~~~~~~~~~~~~~~~~~~~~~~~~~~~~~~~~~~~[0m
[7m153[0m             await dbServiceInstance.saveTaxCalculation(req!.tenantId, req!, res);
[7m   [0m [91m~~~~~~~~~~~~~~~~~~~~~~~~~~~~~~~~~~~~~~~~~~~~~~~~~~~~~~~~~~~~~~~~~~~~~~~~~~~~~~~~~[0m
[7m...[0m 
[7m157[0m             throw e;
[7m   [0m [91m~~~~~~~~~~~~~~~~~~~~[0m
[7m158[0m         });
[7m   [0m [91m~~~~~~~~~~[0m

  [96msrc/modules/ecom/cart.service.ts[0m:[93m89[0m:[93m9[0m
    [7m89[0m   async calculateTaxes(
    [7m  [0m [96m        ~~~~~~~~~~~~~~[0m
    The expected type comes from the return type of this signature.
[96msrc/modules/tax/tax.edge-cases.spec.ts[0m:[93m152[0m:[93m82[0m - [91merror[0m[90m TS2345: [0mArgument of 
type 'string' is not assignable to parameter of type 'TaxCalculationRequest'.

[7m152[0m         taxService.calculateTaxes = (req) => taxJarClientInstance.calculateTaxes(req!).then(async (res) => 
{
[7m   [0m [91m                                                                                 ~~~~[0m
[96msrc/modules/tax/tax.edge-cases.spec.ts[0m:[93m153[0m:[93m61[0m - [91merror[0m[90m TS2339: [0mProperty 
'tenantId' does not exist on type 'string'.

[7m153[0m             await dbServiceInstance.saveTaxCalculation(req!.tenantId, req!, res);
[7m   [0m [91m                                                            ~~~~~~~~[0m
[96msrc/modules/tax/tax.edge-cases.spec.ts[0m:[93m153[0m:[93m71[0m - [91merror[0m[90m TS2345: [0mArgument of 
type 'string' is not assignable to parameter of type 'TaxCalculationRequest'.

[7m153[0m             await dbServiceInstance.saveTaxCalculation(req!.tenantId, req!, res);
[7m   [0m [91m                                                                      ~~~~[0m
[96msrc/modules/tax/tax.edge-cases.spec.ts[0m:[93m156[0m:[93m76[0m - [91merror[0m[90m TS2339: [0mProperty 
'tenantId' does not exist on type 'string'.

[7m156[0m             loggerInstance.error(`Tax calculation failed for tenant ${req?.tenantId}`, e);
[7m   [0m [91m                                                                           ~~~~~~~~[0m
[96msrc/modules/tax/tax.edge-cases.spec.ts[0m:[93m159[0m:[93m20[0m - [91merror[0m[90m TS2339: [0mProperty 
'getTaxRates' does not exist on type 'TaxService'.

[7m159[0m         taxService.getTaxRates = (req) => taxJarClientInstance.getTaxRates(req).catch((e) => {
[7m   [0m [91m                   ~~~~~~~~~~~[0m
[96msrc/modules/tax/tax.edge-cases.spec.ts[0m:[93m191[0m:[93m37[0m - [91merror[0m[90m TS2554: [0mExpected 
3-4 arguments, but got 1.

[7m191[0m             await expect(taxService.calculateTaxes(null as any)).rejects.toThrow();
[7m   [0m [91m                                    ~~~~~~~~~~~~~~[0m

  [96msrc/modules/ecom/cart.service.ts[0m:[93m91[0m:[93m5[0m
    [7m91[0m     totalAmount: number,
    [7m  [0m [96m    ~~~~~~~~~~~~~~~~~~~[0m
    An argument for 'totalAmount' was not provided.
[96msrc/modules/tax/tax.edge-cases.spec.ts[0m:[93m192[0m:[93m37[0m - [91merror[0m[90m TS2554: [0mExpected 
3-4 arguments, but got 1.

[7m192[0m             await expect(taxService.calculateTaxes(undefined as any)).rejects.toThrow();
[7m   [0m [91m                                    ~~~~~~~~~~~~~~[0m

  [96msrc/modules/ecom/cart.service.ts[0m:[93m91[0m:[93m5[0m
    [7m91[0m     totalAmount: number,
    [7m  [0m [96m    ~~~~~~~~~~~~~~~~~~~[0m
    An argument for 'totalAmount' was not provided.
[96msrc/modules/tax/tax.edge-cases.spec.ts[0m:[93m208[0m:[93m45[0m - [91merror[0m[90m TS2554: [0mExpected 
3-4 arguments, but got 1.

[7m208[0m             const result = await taxService.calculateTaxes(request);
[7m   [0m [91m                                            ~~~~~~~~~~~~~~[0m

  [96msrc/modules/ecom/cart.service.ts[0m:[93m91[0m:[93m5[0m
    [7m91[0m     totalAmount: number,
    [7m  [0m [96m    ~~~~~~~~~~~~~~~~~~~[0m
    An argument for 'totalAmount' was not provided.
[96msrc/modules/tax/tax.edge-cases.spec.ts[0m:[93m209[0m:[93m27[0m - [91merror[0m[90m TS2339: [0mProperty 
'amountToCollect' does not exist on type 'TaxCalculationResult'.

[7m209[0m             expect(result.amountToCollect).toBe(0);
[7m   [0m [91m                          ~~~~~~~~~~~~~~~[0m
[96msrc/modules/tax/tax.edge-cases.spec.ts[0m:[93m210[0m:[93m27[0m - [91merror[0m[90m TS2339: [0mProperty 
'lineItemTaxes' does not exist on type 'TaxCalculationResult'.

[7m210[0m             expect(result.lineItemTaxes).toEqual([]);
[7m   [0m [91m                          ~~~~~~~~~~~~~[0m
[96msrc/modules/tax/tax.edge-cases.spec.ts[0m:[93m221[0m:[93m37[0m - [91merror[0m[90m TS2554: [0mExpected 
3-4 arguments, but got 1.

[7m221[0m             await expect(taxService.calculateTaxes(requestWithNullStreet)).rejects.toThrow('TaxJar: Street 
address cannot be null');
[7m   [0m [91m                                    ~~~~~~~~~~~~~~[0m

  [96msrc/modules/ecom/cart.service.ts[0m:[93m91[0m:[93m5[0m
    [7m91[0m     totalAmount: number,
    [7m  [0m [96m    ~~~~~~~~~~~~~~~~~~~[0m
    An argument for 'totalAmount' was not provided.
[96msrc/modules/tax/tax.edge-cases.spec.ts[0m:[93m229[0m:[93m37[0m - [91merror[0m[90m TS2554: [0mExpected 
3-4 arguments, but got 1.

[7m229[0m             await expect(taxService.calculateTaxes(requestWithEmptyAddress)).rejects.toThrow('TaxJar: 
Invalid address provided (empty fields)');
[7m   [0m [91m                                    ~~~~~~~~~~~~~~[0m

  [96msrc/modules/ecom/cart.service.ts[0m:[93m91[0m:[93m5[0m
    [7m91[0m     totalAmount: number,
    [7m  [0m [96m    ~~~~~~~~~~~~~~~~~~~[0m
    An argument for 'totalAmount' was not provided.
[96msrc/modules/tax/tax.edge-cases.spec.ts[0m:[93m235[0m:[93m37[0m - [91merror[0m[90m TS2554: [0mExpected 
3-4 arguments, but got 1.

[7m235[0m             await expect(taxService.calculateTaxes(request)).rejects.toThrow(/tenantId/i);
[7m   [0m [91m                                    ~~~~~~~~~~~~~~[0m

  [96msrc/modules/ecom/cart.service.ts[0m:[93m91[0m:[93m5[0m
    [7m91[0m     totalAmount: number,
    [7m  [0m [96m    ~~~~~~~~~~~~~~~~~~~[0m
    An argument for 'totalAmount' was not provided.
[96msrc/modules/tax/tax.edge-cases.spec.ts[0m:[93m243[0m:[93m37[0m - [91merror[0m[90m TS2339: [0mProperty 
'getTaxRates' does not exist on type 'TaxService'.

[7m243[0m             await expect(taxService.getTaxRates(request)).rejects.toThrow('TaxJar: Zip code cannot be 
empty');
[7m   [0m [91m                                    ~~~~~~~~~~~[0m
[96msrc/modules/tax/tax.edge-cases.spec.ts[0m:[93m258[0m:[93m45[0m - [91merror[0m[90m TS2339: [0mProperty 
'getTaxRates' does not exist on type 'TaxService'.

[7m258[0m             const result = await taxService.getTaxRates(request);
[7m   [0m [91m                                            ~~~~~~~~~~~[0m
[96msrc/modules/tax/tax.edge-cases.spec.ts[0m:[93m299[0m:[93m45[0m - [91merror[0m[90m TS2554: [0mExpected 
3-4 arguments, but got 1.

[7m299[0m             const result = await taxService.calculateTaxes(request);
[7m   [0m [91m                                            ~~~~~~~~~~~~~~[0m

  [96msrc/modules/ecom/cart.service.ts[0m:[93m91[0m:[93m5[0m
    [7m91[0m     totalAmount: number,
    [7m  [0m [96m    ~~~~~~~~~~~~~~~~~~~[0m
    An argument for 'totalAmount' was not provided.
[96msrc/modules/tax/tax.edge-cases.spec.ts[0m:[93m300[0m:[93m27[0m - [91merror[0m[90m TS2339: [0mProperty 
'amountToCollect' does not exist on type 'TaxCalculationResult'.

[7m300[0m             expect(result.amountToCollect).toBeCloseTo(expectedTotalTax);
[7m   [0m [91m                          ~~~~~~~~~~~~~~~[0m
[96msrc/modules/tax/tax.edge-cases.spec.ts[0m:[93m330[0m:[93m50[0m - [91merror[0m[90m TS2554: [0mExpected 
3-4 arguments, but got 1.

[7m330[0m             const smallResult = await taxService.calculateTaxes(smallValueRequest);
[7m   [0m [91m                                                 ~~~~~~~~~~~~~~[0m

  [96msrc/modules/ecom/cart.service.ts[0m:[93m91[0m:[93m5[0m
    [7m91[0m     totalAmount: number,
    [7m  [0m [96m    ~~~~~~~~~~~~~~~~~~~[0m
    An argument for 'totalAmount' was not provided.
[96msrc/modules/tax/tax.edge-cases.spec.ts[0m:[93m331[0m:[93m32[0m - [91merror[0m[90m TS2339: [0mProperty 
'amountToCollect' does not exist on type 'TaxCalculationResult'.

[7m331[0m             expect(smallResult.amountToCollect).toBeCloseTo(0.000001 * 0.05);
[7m   [0m [91m                               ~~~~~~~~~~~~~~~[0m
[96msrc/modules/tax/tax.edge-cases.spec.ts[0m:[93m337[0m:[93m50[0m - [91merror[0m[90m TS2554: [0mExpected 
3-4 arguments, but got 1.

[7m337[0m             const largeResult = await taxService.calculateTaxes(largeValueRequest);
[7m   [0m [91m                                                 ~~~~~~~~~~~~~~[0m

  [96msrc/modules/ecom/cart.service.ts[0m:[93m91[0m:[93m5[0m
    [7m91[0m     totalAmount: number,
    [7m  [0m [96m    ~~~~~~~~~~~~~~~~~~~[0m
    An argument for 'totalAmount' was not provided.
[96msrc/modules/tax/tax.edge-cases.spec.ts[0m:[93m338[0m:[93m32[0m - [91merror[0m[90m TS2339: [0mProperty 
'amountToCollect' does not exist on type 'TaxCalculationResult'.

[7m338[0m             expect(largeResult.amountToCollect).toBeCloseTo(1_000_000_000 * 10_000_000.00 * 0.05);
[7m   [0m [91m                               ~~~~~~~~~~~~~~~[0m
[96msrc/modules/tax/tax.edge-cases.spec.ts[0m:[93m354[0m:[93m30[0m - [91merror[0m[90m TS2554: [0mExpected 
3-4 arguments, but got 1.

[7m354[0m             await taxService.calculateTaxes(request);
[7m   [0m [91m                             ~~~~~~~~~~~~~~[0m

  [96msrc/modules/ecom/cart.service.ts[0m:[93m91[0m:[93m5[0m
    [7m91[0m     totalAmount: number,
    [7m  [0m [96m    ~~~~~~~~~~~~~~~~~~~[0m
    An argument for 'totalAmount' was not provided.
[96msrc/modules/tax/tax.edge-cases.spec.ts[0m:[93m364[0m:[93m37[0m - [91merror[0m[90m TS2339: [0mProperty 
'getTaxRates' does not exist on type 'TaxService'.

[7m364[0m             await expect(taxService.getTaxRates(zeroZipRequest)).rejects.toThrow('TaxJar: Invalid zip code 
00000');
[7m   [0m [91m                                    ~~~~~~~~~~~[0m
[96msrc/modules/tax/tax.edge-cases.spec.ts[0m:[93m377[0m:[93m45[0m - [91merror[0m[90m TS2339: [0mProperty 
'getTaxRates' does not exist on type 'TaxService'.

[7m377[0m             const result = await taxService.getTaxRates(validButUnusualZipRequest);
[7m   [0m [91m                                            ~~~~~~~~~~~[0m
[96msrc/modules/tax/tax.edge-cases.spec.ts[0m:[93m401[0m:[93m46[0m - [91merror[0m[90m TS2554: [0mExpected 
3-4 arguments, but got 1.

[7m401[0m             const result1 = await taxService.calculateTaxes(tenant1Request);
[7m   [0m [91m                                             ~~~~~~~~~~~~~~[0m

  [96msrc/modules/ecom/cart.service.ts[0m:[93m91[0m:[93m5[0m
    [7m91[0m     totalAmount: number,
    [7m  [0m [96m    ~~~~~~~~~~~~~~~~~~~[0m
    An argument for 'totalAmount' was not provided.
[96msrc/modules/tax/tax.edge-cases.spec.ts[0m:[93m402[0m:[93m46[0m - [91merror[0m[90m TS2554: [0mExpected 
3-4 arguments, but got 1.

[7m402[0m             const result2 = await taxService.calculateTaxes(tenant2Request);
[7m   [0m [91m                                             ~~~~~~~~~~~~~~[0m

  [96msrc/modules/ecom/cart.service.ts[0m:[93m91[0m:[93m5[0m
    [7m91[0m     totalAmount: number,
    [7m  [0m [96m    ~~~~~~~~~~~~~~~~~~~[0m
    An argument for 'totalAmount' was not provided.
[96msrc/modules/tax/tax.edge-cases.spec.ts[0m:[93m404[0m:[93m28[0m - [91merror[0m[90m TS2339: [0mProperty 
'amountToCollect' does not exist on type 'TaxCalculationResult'.

[7m404[0m             expect(result1.amountToCollect).toBe(10.00);
[7m   [0m [91m                           ~~~~~~~~~~~~~~~[0m
[96msrc/modules/tax/tax.edge-cases.spec.ts[0m:[93m405[0m:[93m28[0m - [91merror[0m[90m TS2339: [0mProperty 
'amountToCollect' does not exist on type 'TaxCalculationResult'.

[7m405[0m             expect(result2.amountToCollect).toBe(12.00);
[7m   [0m [91m                           ~~~~~~~~~~~~~~~[0m
[96msrc/modules/tax/tax.edge-cases.spec.ts[0m:[93m439[0m:[93m50[0m - [91merror[0m[90m TS2322: [0mType 
'Promise<TaxCalculationResponse>' is not assignable to type 'Promise<TaxCalculationResult>'.
  Type 'TaxCalculationResponse' is missing the following properties from type 'TaxCalculationResult': taxAmount, 
totalWithTax, currency

[7m439[0m             taxService.calculateTaxes = (req) => tenantSpecificClientMock.calculateTaxes(req!).then(async 
(res) => {
[7m   [0m [91m                                                 
~~~~~~~~~~~~~~~~~~~~~~~~~~~~~~~~~~~~~~~~~~~~~~~~~~~~~~~~~~~~~~~~~~~[0m
[7m440[0m                 await dbServiceInstance.saveTaxCalculation(req!.tenantId, req!, res);
[7m   [0m [91m~~~~~~~~~~~~~~~~~~~~~~~~~~~~~~~~~~~~~~~~~~~~~~~~~~~~~~~~~~~~~~~~~~~~~~~~~~~~~~~~~~~~~[0m
[7m441[0m                 return res;
[7m   [0m [91m~~~~~~~~~~~~~~~~~~~~~~~~~~~[0m
[7m442[0m             }).catch((e) => { loggerInstance.error(`Tax calculation failed for tenant ${req?.tenantId}`, 
e); throw e; });
[7m   [0m [91m~~~~~~~~~~~~~~~~~~~~~~~~~~~~~~~~~~~~~~~~~~~~~~~~~~~~~~~~~~~~~~~~~~~~~~~~~~~~~~~~~~~~~~~~~~~~~~~~~~~~~~
~~~~~~~~~~~~~~~~~~[0m

  [96msrc/modules/ecom/cart.service.ts[0m:[93m89[0m:[93m9[0m
    [7m89[0m   async calculateTaxes(
    [7m  [0m [96m        ~~~~~~~~~~~~~~[0m
    The expected type comes from the return type of this signature.
[96msrc/modules/tax/tax.edge-cases.spec.ts[0m:[93m439[0m:[93m90[0m - [91merror[0m[90m TS2345: [0mArgument of 
type 'string' is not assignable to parameter of type 'TaxCalculationRequest'.

[7m439[0m             taxService.calculateTaxes = (req) => tenantSpecificClientMock.calculateTaxes(req!).then(async 
(res) => {
[7m   [0m [91m                                                                                         ~~~~[0m
[96msrc/modules/tax/tax.edge-cases.spec.ts[0m:[93m440[0m:[93m65[0m - [91merror[0m[90m TS2339: [0mProperty 
'tenantId' does not exist on type 'string'.

[7m440[0m                 await dbServiceInstance.saveTaxCalculation(req!.tenantId, req!, res);
[7m   [0m [91m                                                                ~~~~~~~~[0m
[96msrc/modules/tax/tax.edge-cases.spec.ts[0m:[93m440[0m:[93m75[0m - [91merror[0m[90m TS2345: [0mArgument of 
type 'string' is not assignable to parameter of type 'TaxCalculationRequest'.

[7m440[0m                 await dbServiceInstance.saveTaxCalculation(req!.tenantId, req!, res);
[7m   [0m [91m                                                                          ~~~~[0m
[96msrc/modules/tax/tax.edge-cases.spec.ts[0m:[93m442[0m:[93m94[0m - [91merror[0m[90m TS2339: [0mProperty 
'tenantId' does not exist on type 'string'.

[7m442[0m             }).catch((e) => { loggerInstance.error(`Tax calculation failed for tenant ${req?.tenantId}`, 
e); throw e; });
[7m   [0m [91m                                                                                             
~~~~~~~~[0m
[96msrc/modules/tax/tax.edge-cases.spec.ts[0m:[93m453[0m:[93m45[0m - [91merror[0m[90m TS2554: [0mExpected 
3-4 arguments, but got 1.

[7m453[0m             const result = await taxService.calculateTaxes(request);
[7m   [0m [91m                                            ~~~~~~~~~~~~~~[0m

  [96msrc/modules/ecom/cart.service.ts[0m:[93m91[0m:[93m5[0m
    [7m91[0m     totalAmount: number,
    [7m  [0m [96m    ~~~~~~~~~~~~~~~~~~~[0m
    An argument for 'totalAmount' was not provided.
[96msrc/modules/tax/tax.edge-cases.spec.ts[0m:[93m454[0m:[93m27[0m - [91merror[0m[90m TS2339: [0mProperty 
'amountToCollect' does not exist on type 'TaxCalculationResult'.

[7m454[0m             expect(result.amountToCollect).toBe(15.00);
[7m   [0m [91m                          ~~~~~~~~~~~~~~~[0m
[96msrc/modules/tax/tax.edge-cases.spec.ts[0m:[93m491[0m:[93m61[0m - [91merror[0m[90m TS2554: [0mExpected 
3-4 arguments, but got 1.

[7m491[0m             const promises = requests.map(req => taxService.calculateTaxes(req));
[7m   [0m [91m                                                            ~~~~~~~~~~~~~~[0m

  [96msrc/modules/ecom/cart.service.ts[0m:[93m91[0m:[93m5[0m
    [7m91[0m     totalAmount: number,
    [7m  [0m [96m    ~~~~~~~~~~~~~~~~~~~[0m
    An argument for 'totalAmount' was not provided.
[96msrc/modules/tax/tax.edge-cases.spec.ts[0m:[93m496[0m:[93m31[0m - [91merror[0m[90m TS2339: [0mProperty 
'amountToCollect' does not exist on type 'TaxCalculationResult'.

[7m496[0m                 expect(result.amountToCollect).toBeCloseTo(expectedTax);
[7m   [0m [91m                              ~~~~~~~~~~~~~~~[0m
[96msrc/modules/tax/tax.edge-cases.spec.ts[0m:[93m497[0m:[93m31[0m - [91merror[0m[90m TS2339: [0mProperty 
'lineItemTaxes' does not exist on type 'TaxCalculationResult'.

[7m497[0m                 expect(result.lineItemTaxes[0].taxCollected).toBeCloseTo(expectedTax);
[7m   [0m [91m                              ~~~~~~~~~~~~~[0m
[96msrc/modules/tax/tax.edge-cases.spec.ts[0m:[93m522[0m:[93m61[0m - [91merror[0m[90m TS2554: [0mExpected 
3-4 arguments, but got 1.

[7m522[0m             const promises = requests.map(req => taxService.calculateTaxes(req).catch(e => e)); // Catch 
errors to allow Promise.all to resolve
[7m   [0m [91m                                                            ~~~~~~~~~~~~~~[0m

  [96msrc/modules/ecom/cart.service.ts[0m:[93m91[0m:[93m5[0m
    [7m91[0m     totalAmount: number,
    [7m  [0m [96m    ~~~~~~~~~~~~~~~~~~~[0m
    An argument for 'totalAmount' was not provided.
[96msrc/modules/tax/tax.edge-cases.spec.ts[0m:[93m551[0m:[93m37[0m - [91merror[0m[90m TS2554: [0mExpected 
3-4 arguments, but got 1.

[7m551[0m             await expect(taxService.calculateTaxes(defaultCalculationRequest)).rejects.toThrow('TaxJar: 
401 Unauthorized - Invalid API Key');
[7m   [0m [91m                                    ~~~~~~~~~~~~~~[0m

  [96msrc/modules/ecom/cart.service.ts[0m:[93m91[0m:[93m5[0m
    [7m91[0m     totalAmount: number,
    [7m  [0m [96m    ~~~~~~~~~~~~~~~~~~~[0m
    An argument for 'totalAmount' was not provided.
[96msrc/modules/tax/tax.edge-cases.spec.ts[0m:[93m557[0m:[93m37[0m - [91merror[0m[90m TS2554: [0mExpected 
3-4 arguments, but got 1.

[7m557[0m             await expect(taxService.calculateTaxes(defaultCalculationRequest)).rejects.toThrow('TaxJar: 
403 Forbidden - Insufficient permissions for endpoint');
[7m   [0m [91m                                    ~~~~~~~~~~~~~~[0m

  [96msrc/modules/ecom/cart.service.ts[0m:[93m91[0m:[93m5[0m
    [7m91[0m     totalAmount: number,
    [7m  [0m [96m    ~~~~~~~~~~~~~~~~~~~[0m
    An argument for 'totalAmount' was not provided.
[96msrc/modules/tax/tax.edge-cases.spec.ts[0m:[93m565[0m:[93m37[0m - [91merror[0m[90m TS2554: [0mExpected 
3-4 arguments, but got 1.

[7m565[0m             await 
expect(taxService.calculateTaxes(defaultCalculationRequest)).rejects.toThrow('InternalServiceError: Failed to retrieve 
TaxJar credentials for tenant');
[7m   [0m [91m                                    ~~~~~~~~~~~~~~[0m

  [96msrc/modules/ecom/cart.service.ts[0m:[93m91[0m:[93m5[0m
    [7m91[0m     totalAmount: number,
    [7m  [0m [96m    ~~~~~~~~~~~~~~~~~~~[0m
    An argument for 'totalAmount' was not provided.
[96msrc/modules/tax/tax.edge-cases.spec.ts[0m:[93m589[0m:[93m37[0m - [91merror[0m[90m TS2554: [0mExpected 
3-4 arguments, but got 1.

[7m589[0m             await 
expect(taxService.calculateTaxes(defaultCalculationRequest)).rejects.toThrow('DatabaseError: Duplicate entry for key 
`order_id_tenant_id_unique`');
[7m   [0m [91m                                    ~~~~~~~~~~~~~~[0m

  [96msrc/modules/ecom/cart.service.ts[0m:[93m91[0m:[93m5[0m
    [7m91[0m     totalAmount: number,
    [7m  [0m [96m    ~~~~~~~~~~~~~~~~~~~[0m
    An argument for 'totalAmount' was not provided.
[96msrc/modules/tax/tax.edge-cases.spec.ts[0m:[93m616[0m:[93m37[0m - [91merror[0m[90m TS2554: [0mExpected 
3-4 arguments, but got 1.

[7m616[0m             await 
expect(taxService.calculateTaxes(defaultCalculationRequest)).rejects.toThrow('DatabaseError: NULL value in column 
"required_field_id" violates not-null constraint');
[7m   [0m [91m                                    ~~~~~~~~~~~~~~[0m

  [96msrc/modules/ecom/cart.service.ts[0m:[93m91[0m:[93m5[0m
    [7m91[0m     totalAmount: number,
    [7m  [0m [96m    ~~~~~~~~~~~~~~~~~~~[0m
    An argument for 'totalAmount' was not provided.
[96msrc/modules/tax/tax.edge-cases.spec.ts[0m:[93m639[0m:[93m37[0m - [91merror[0m[90m TS2554: [0mExpected 
3-4 arguments, but got 1.

[7m639[0m             await 
expect(taxService.calculateTaxes(defaultCalculationRequest)).rejects.toThrow('DatabaseError: insert or update on table 
"tax_calculations" violates foreign key constraint "fk_order_id"');
[7m   [0m [91m                                    ~~~~~~~~~~~~~~[0m

  [96msrc/modules/ecom/cart.service.ts[0m:[93m91[0m:[93m5[0m
    [7m91[0m     totalAmount: number,
    [7m  [0m [96m    ~~~~~~~~~~~~~~~~~~~[0m
    An argument for 'totalAmount' was not provided.
[96msrc/modules/tax/tax.edge-cases.spec.ts[0m:[93m661[0m:[93m37[0m - [91merror[0m[90m TS2554: [0mExpected 
3-4 arguments, but got 1.

[7m661[0m             await 
expect(taxService.calculateTaxes(defaultCalculationRequest)).rejects.toThrow('DatabaseError: Connection refused by 
database server');
[7m   [0m [91m                                    ~~~~~~~~~~~~~~[0m

  [96msrc/modules/ecom/cart.service.ts[0m:[93m91[0m:[93m5[0m
    [7m91[0m     totalAmount: number,
    [7m  [0m [96m    ~~~~~~~~~~~~~~~~~~~[0m
    An argument for 'totalAmount' was not provided.
[96msrc/modules/tenant-admin/tenant-admin.module.ts[0m:[93m14[0m:[93m11[0m - [91merror[0m[90m TS2430: 
[0mInterface 'TenantAdminRequest' incorrectly extends interface 'Request<ParamsDictionary, any, any, ParsedQs, 
Record<string, any>>'.
  Types of property 'user' are incompatible.
    Type '{ [key: string]: any; tenantId: string; roles: string[]; }' is missing the following properties from type '{ 
[key: string]: unknown; userId: string; email: string; tenantId: string; roles: string[]; }': userId, email

[7m14[0m interface TenantAdminRequest extends Request {
[7m  [0m [91m          ~~~~~~~~~~~~~~~~~~[0m
[96msrc/modules/tenant-admin/tenant-admin.module.ts[0m:[93m300[0m:[93m35[0m - [91merror[0m[90m TS2694: 
[0mNamespace 'global.Express' has no exported member 'Multer'.

[7m300[0m     @UploadedFile() file: Express.Multer.File,
[7m   [0m [91m                                  ~~~~~~[0m
[96msrc/modules/tenant-admin/tenant-admin.service.ts[0m:[93m68[0m:[93m11[0m - [91merror[0m[90m TS2430: 
[0mInterface 'ExpressRequestWithUser' incorrectly extends interface 'Request<ParamsDictionary, any, any, ParsedQs, 
Record<string, any>>'.
  Types of property 'user' are incompatible.
    Type 'AuthenticatedUser' is missing the following properties from type '{ [key: string]: unknown; userId: string; 
email: string; tenantId: string; roles: string[]; }': email, roles

[7m68[0m interface ExpressRequestWithUser extends Request {
[7m  [0m [91m          ~~~~~~~~~~~~~~~~~~~~~~[0m
[96msrc/modules/tenant/tenant.service.ts[0m:[93m18[0m:[93m22[0m - [91merror[0m[90m TS2339: [0mProperty 
'rows' does not exist on type 'unknown'.

[7m18[0m       return result?.rows?.[0] || result?.[0] || null;
[7m  [0m [91m                     ~~~~[0m
[96msrc/modules/tenant/tenant.service.ts[0m:[93m31[0m:[93m22[0m - [91merror[0m[90m TS2339: [0mProperty 
'rows' does not exist on type 'unknown'.

[7m31[0m       return result?.rows?.[0] || result?.[0] || null;
[7m  [0m [91m                     ~~~~[0m
[96msrc/modules/tenant/tenant.service.ts[0m:[93m77[0m:[93m22[0m - [91merror[0m[90m TS2339: [0mProperty 
'rows' does not exist on type 'unknown'.

[7m77[0m       return result?.rows?.[0] || result?.[0] || null;
[7m  [0m [91m                     ~~~~[0m
[96msrc/modules/tips/tips.controller.ts[0m:[93m23[0m:[93m11[0m - [91merror[0m[90m TS2430: [0mInterface 
'AuthRequest' incorrectly extends interface 'Request<ParamsDictionary, any, any, ParsedQs, Record<string, any>>'.
  Types of property 'user' are incompatible.
    Type '{ tenantId: string; }' is missing the following properties from type '{ [key: string]: unknown; userId: 
string; email: string; tenantId: string; roles: string[]; }': userId, email, roles

[7m23[0m interface AuthRequest extends Request {
[7m  [0m [91m          ~~~~~~~~~~~[0m
[96msrc/modules/tips/tips.controller.ts[0m:[93m37[0m:[93m68[0m - [91merror[0m[90m TS2554: [0mExpected 2 
arguments, but got 1.

[7m37[0m     @Param('orderId', new (class { transform(value: string) { if (!IsUUID("4")(value)) throw new 
Error('Invalid orderId format'); return value; }})()) orderId: string,
[7m  [0m [91m                                                                   ~~~~~~~~~~~[0m

  [96m../../node_modules/.pnpm/typescript@5.9.3/node_modules/typescript/lib/lib.decorators.legacy.d.ts[0m:[93m20[0m
:[93m51[0m
    [7m20[0m declare type PropertyDecorator = (target: Object, propertyKey: string | symbol) => void;
    [7m  [0m [96m                                                  ~~~~~~~~~~~~~~~~~~~~~~~~~~~~[0m
    An argument for 'propertyKey' was not provided.
[96msrc/modules/tips/tips.controller.ts[0m:[93m37[0m:[93m68[0m - [91merror[0m[90m TS1345: [0mAn expression 
of type 'void' cannot be tested for truthiness.

[7m37[0m     @Param('orderId', new (class { transform(value: string) { if (!IsUUID("4")(value)) throw new 
Error('Invalid orderId format'); return value; }})()) orderId: string,
[7m  [0m [91m                                                                   ~~~~~~~~~~~~~~~~~~[0m
Found 948 error(s).

[96msrc/modules/tips/tips.controller.ts[0m:[93m48[0m:[93m68[0m - [91merror[0m[90m TS2554: [0mExpected 2 
arguments, but got 1.

[7m48[0m     @Param('orderId', new (class { transform(value: string) { if (!IsUUID("4")(value)) throw new 
Error('Invalid orderId format'); return value; }})()) orderId: string,
[7m  [0m [91m                                                                   ~~~~~~~~~~~[0m

  [96m../../node_modules/.pnpm/typescript@5.9.3/node_modules/typescript/lib/lib.decorators.legacy.d.ts[0m:[93m20[0m
:[93m51[0m
    [7m20[0m declare type PropertyDecorator = (target: Object, propertyKey: string | symbol) => void;
    [7m  [0m [96m                                                  ~~~~~~~~~~~~~~~~~~~~~~~~~~~~[0m
    An argument for 'propertyKey' was not provided.
[96msrc/modules/tips/tips.controller.ts[0m:[93m48[0m:[93m68[0m - [91merror[0m[90m TS1345: [0mAn expression 
of type 'void' cannot be tested for truthiness.

[7m48[0m     @Param('orderId', new (class { transform(value: string) { if (!IsUUID("4")(value)) throw new 
Error('Invalid orderId format'); return value; }})()) orderId: string,
[7m  [0m [91m                                                                   ~~~~~~~~~~~~~~~~~~[0m
[96msrc/modules/vendors/vendors.dto.ts[0m:[93m39[0m:[93m18[0m - [91merror[0m[90m TS2345: [0mArgument of type 
'"ZZ"' is not assignable to parameter of type 'CountryCode'.

[7m39[0m   @IsPhoneNumber('ZZ', { message: 'Must be a valid phone number' }) // 'ZZ' for generic international phone 
numbers
[7m  [0m [91m                 ~~~~[0m
[96msrc/modules/vendors/vendors.dto.ts[0m:[93m105[0m:[93m18[0m - [91merror[0m[90m TS2345: [0mArgument of 
type '"ZZ"' is not assignable to parameter of type 'CountryCode'.

[7m105[0m   @IsPhoneNumber('ZZ', { message: 'Must be a valid phone number' })
[7m   [0m [91m                 ~~~~[0m
[96msrc/modules/vendors/vendors.service.ts[0m:[93m18[0m:[93m10[0m - [91merror[0m[90m TS2305: [0mModule 
'"@paysurity/database"' has no exported member 'vendors'.

[7m18[0m import { vendors } from '@paysurity/database' // fixed; // Assuming schema is in src/drizzle/schema
[7m  [0m [91m         ~~~~~~~[0m
[96msrc/modules/vendors/vendors.service.ts[0m:[93m20[0m:[93m27[0m - [91merror[0m[90m TS2305: [0mModule 
'"../audit-log/audit-log.service"' has no exported member 'AuditActionType'.

[7m20[0m import { AuditLogService, AuditActionType, AuditEntityType } from '../audit-log/audit-log.service' // fixed;
[7m  [0m [91m                          ~~~~~~~~~~~~~~~[0m
[96msrc/modules/vendors/vendors.service.ts[0m:[93m20[0m:[93m44[0m - [91merror[0m[90m TS2305: [0mModule 
'"../audit-log/audit-log.service"' has no exported member 'AuditEntityType'.

[7m20[0m import { AuditLogService, AuditActionType, AuditEntityType } from '../audit-log/audit-log.service' // fixed;
[7m  [0m [91m                                           ~~~~~~~~~~~~~~~[0m
[96msrc/modules/vendors/vendors.service.ts[0m:[93m31[0m:[93m13[0m - [91merror[0m[90m TS2339: [0mProperty 
'email' does not exist on type 'CreateVendorDto'.

[7m31[0m     const { email, ...vendorData } = createVendorDto;
[7m  [0m [91m            ~~~~~[0m
[96msrc/modules/vendors/vendors.service.ts[0m:[93m49[0m:[93m28[0m - [91merror[0m[90m TS2339: [0mProperty 
'PENDING' does not exist on type 'typeof VendorStatus'.

[7m49[0m       status: VendorStatus.PENDING,
[7m  [0m [91m                           ~~~~~~~[0m
[96msrc/modules/vendors/vendors.service.ts[0m:[93m58[0m:[93m26[0m - [91merror[0m[90m TS2339: [0mProperty 
'logAction' does not exist on type 'AuditLogService'.

[7m58[0m     this.auditLogService.logAction({
[7m  [0m [91m                         ~~~~~~~~~[0m
[96msrc/modules/vendors/vendors.service.ts[0m:[93m72[0m:[93m29[0m - [91merror[0m[90m TS2339: [0mProperty 
'page' does not exist on type 'VendorQueryDto'.

[7m72[0m     const { status, search, page = 1, limit = 10 } = query;
[7m  [0m [91m                            ~~~~[0m
[96msrc/modules/vendors/vendors.service.ts[0m:[93m129[0m:[93m13[0m - [91merror[0m[90m TS2339: [0mProperty 
'email' does not exist on type 'UpdateVendorDto'.

[7m129[0m     const { email, ...updateData } = updateVendorDto;
[7m   [0m [91m            ~~~~~[0m
[96msrc/modules/vendors/vendors.service.ts[0m:[93m153[0m:[93m26[0m - [91merror[0m[90m TS2339: [0mProperty 
'logAction' does not exist on type 'AuditLogService'.

[7m153[0m     this.auditLogService.logAction({
[7m   [0m [91m                         ~~~~~~~~~[0m
[96msrc/modules/vendors/vendors.service.ts[0m:[93m179[0m:[93m26[0m - [91merror[0m[90m TS2339: [0mProperty 
'logAction' does not exist on type 'AuditLogService'.

[7m179[0m     this.auditLogService.logAction({
[7m   [0m [91m                         ~~~~~~~~~[0m
[96msrc/modules/website/website.controller.ts[0m:[93m21[0m:[93m16[0m - [91merror[0m[90m TS2554: [0mExpected 
1 arguments, but got 2.

[7m21[0m @Throttle(100, 60) // 100 requests per 60 seconds (1 minute)
[7m  [0m [91m               ~~[0m
[96msrc/modules/website/website.controller.ts[0m:[93m62[0m:[93m33[0m - [91merror[0m[90m TS1016: [0mA 
required parameter cannot follow an optional parameter.

[7m62[0m     @Res({ passthrough: true }) res: Response,
[7m  [0m [91m                                ~~~[0m
[96msrc/modules/website/website.controller.ts[0m:[93m145[0m:[93m9[0m - [91merror[0m[90m TS7030: [0mNot all 
code paths return a value.

[7m145[0m         return;
[7m   [0m [91m        ~~~~~~[0m
[96msrc/modules/website/website.controller.ts[0m:[93m161[0m:[93m33[0m - [91merror[0m[90m TS1016: [0mA 
required parameter cannot follow an optional parameter.

[7m161[0m     @Res({ passthrough: true }) res: Response,
[7m   [0m [91m                                ~~~[0m
[96msrc/modules/website/website.controller.ts[0m:[93m216[0m:[93m33[0m - [91merror[0m[90m TS1016: [0mA 
required parameter cannot follow an optional parameter.

[7m216[0m     @Res({ passthrough: true }) res: Response,
[7m   [0m [91m                                ~~~[0m
[96msrc/modules/website/website.controller.ts[0m:[93m255[0m:[93m33[0m - [91merror[0m[90m TS1016: [0mA 
required parameter cannot follow an optional parameter.

[7m255[0m     @Res({ passthrough: true }) res: Response,
[7m   [0m [91m                                ~~~[0m
[96msrc/modules/website/website.controller.ts[0m:[93m338[0m:[93m9[0m - [91merror[0m[90m TS7030: [0mNot all 
code paths return a value.

[7m338[0m         return;
[7m   [0m [91m        ~~~~~~[0m

ΓÇëELIFECYCLEΓÇë Command failed with exit code 1.
